Timing Analyzer report for Lab4
Wed Sep 20 23:23:27 2023
Quartus Prime Version 18.1.0 Build 625 09/12/2018 SJ Lite Edition


---------------------
; Table of Contents ;
---------------------
  1. Legal Notice
  2. Timing Analyzer Summary
  3. Parallel Compilation
  4. Clocks
  5. Slow 1200mV 85C Model Fmax Summary
  6. Slow 1200mV 85C Model Setup Summary
  7. Slow 1200mV 85C Model Hold Summary
  8. Slow 1200mV 85C Model Recovery Summary
  9. Slow 1200mV 85C Model Removal Summary
 10. Slow 1200mV 85C Model Minimum Pulse Width Summary
 11. Slow 1200mV 85C Model Metastability Summary
 12. Slow 1200mV 0C Model Fmax Summary
 13. Slow 1200mV 0C Model Setup Summary
 14. Slow 1200mV 0C Model Hold Summary
 15. Slow 1200mV 0C Model Recovery Summary
 16. Slow 1200mV 0C Model Removal Summary
 17. Slow 1200mV 0C Model Minimum Pulse Width Summary
 18. Slow 1200mV 0C Model Metastability Summary
 19. Fast 1200mV 0C Model Setup Summary
 20. Fast 1200mV 0C Model Hold Summary
 21. Fast 1200mV 0C Model Recovery Summary
 22. Fast 1200mV 0C Model Removal Summary
 23. Fast 1200mV 0C Model Minimum Pulse Width Summary
 24. Fast 1200mV 0C Model Metastability Summary
 25. Multicorner Timing Analysis Summary
 26. Board Trace Model Assignments
 27. Input Transition Times
 28. Signal Integrity Metrics (Slow 1200mv 0c Model)
 29. Signal Integrity Metrics (Slow 1200mv 85c Model)
 30. Signal Integrity Metrics (Fast 1200mv 0c Model)
 31. Setup Transfers
 32. Hold Transfers
 33. Report TCCS
 34. Report RSKM
 35. Unconstrained Paths Summary
 36. Clock Status Summary
 37. Unconstrained Output Ports
 38. Unconstrained Output Ports
 39. Timing Analyzer Messages



----------------
; Legal Notice ;
----------------
Copyright (C) 2018  Intel Corporation. All rights reserved.
Your use of Intel Corporation's design tools, logic functions 
and other software and tools, and its AMPP partner logic 
functions, and any output files from any of the foregoing 
(including device programming or simulation files), and any 
associated documentation or information are expressly subject 
to the terms and conditions of the Intel Program License 
Subscription Agreement, the Intel Quartus Prime License Agreement,
the Intel FPGA IP License Agreement, or other applicable license
agreement, including, without limitation, that your use is for
the sole purpose of programming logic devices manufactured by
Intel and sold by Intel or its authorized distributors.  Please
refer to the applicable agreement for further details.



+-----------------------------------------------------------------------------+
; Timing Analyzer Summary                                                     ;
+-----------------------+-----------------------------------------------------+
; Quartus Prime Version ; Version 18.1.0 Build 625 09/12/2018 SJ Lite Edition ;
; Timing Analyzer       ; Legacy Timing Analyzer                              ;
; Revision Name         ; Lab4                                                ;
; Device Family         ; MAX 10                                              ;
; Device Name           ; 10M50DAF484C7G                                      ;
; Timing Models         ; Final                                               ;
; Delay Model           ; Combined                                            ;
; Rise/Fall Delays      ; Enabled                                             ;
+-----------------------+-----------------------------------------------------+


+------------------------------------------+
; Parallel Compilation                     ;
+----------------------------+-------------+
; Processors                 ; Number      ;
+----------------------------+-------------+
; Number detected on machine ; 8           ;
; Maximum allowed            ; 4           ;
;                            ;             ;
; Average used               ; 1.15        ;
; Maximum used               ; 4           ;
;                            ;             ;
; Usage by Processor         ; % Time Used ;
;     Processor 1            ; 100.0%      ;
;     Processor 2            ;   5.0%      ;
;     Processor 3            ;   4.9%      ;
;     Processor 4            ;   4.8%      ;
+----------------------------+-------------+


+------------------------------------------------------------------------------------------------------------------------------------------------------------------------------------------------+
; Clocks                                                                                                                                                                                         ;
+----------------+------+--------+------------+-------+-------+------------+-----------+-------------+-------+--------+-----------+------------+----------+--------+--------+--------------------+
; Clock Name     ; Type ; Period ; Frequency  ; Rise  ; Fall  ; Duty Cycle ; Divide by ; Multiply by ; Phase ; Offset ; Edge List ; Edge Shift ; Inverted ; Master ; Source ; Targets            ;
+----------------+------+--------+------------+-------+-------+------------+-----------+-------------+-------+--------+-----------+------------+----------+--------+--------+--------------------+
; CLOCK_50       ; Base ; 1.000  ; 1000.0 MHz ; 0.000 ; 0.500 ;            ;           ;             ;       ;        ;           ;            ;          ;        ;        ; { CLOCK_50 }       ;
; KEY[0]         ; Base ; 1.000  ; 1000.0 MHz ; 0.000 ; 0.500 ;            ;           ;             ;       ;        ;           ;            ;          ;        ;        ; { KEY[0] }         ;
; KEY[1]         ; Base ; 1.000  ; 1000.0 MHz ; 0.000 ; 0.500 ;            ;           ;             ;       ;        ;           ;            ;          ;        ;        ; { KEY[1] }         ;
; min_counter[1] ; Base ; 1.000  ; 1000.0 MHz ; 0.000 ; 0.500 ;            ;           ;             ;       ;        ;           ;            ;          ;        ;        ; { min_counter[1] } ;
; min_counter[2] ; Base ; 1.000  ; 1000.0 MHz ; 0.000 ; 0.500 ;            ;           ;             ;       ;        ;           ;            ;          ;        ;        ; { min_counter[2] } ;
; ms_counter[1]  ; Base ; 1.000  ; 1000.0 MHz ; 0.000 ; 0.500 ;            ;           ;             ;       ;        ;           ;            ;          ;        ;        ; { ms_counter[1] }  ;
; ms_counter[2]  ; Base ; 1.000  ; 1000.0 MHz ; 0.000 ; 0.500 ;            ;           ;             ;       ;        ;           ;            ;          ;        ;        ; { ms_counter[2] }  ;
; sec_counter[1] ; Base ; 1.000  ; 1000.0 MHz ; 0.000 ; 0.500 ;            ;           ;             ;       ;        ;           ;            ;          ;        ;        ; { sec_counter[1] } ;
; sec_counter[2] ; Base ; 1.000  ; 1000.0 MHz ; 0.000 ; 0.500 ;            ;           ;             ;       ;        ;           ;            ;          ;        ;        ; { sec_counter[2] } ;
+----------------+------+--------+------------+-------+-------+------------+-----------+-------------+-------+--------+-----------+------------+----------+--------+--------+--------------------+


+---------------------------------------------------------------------------------------------------------------+
; Slow 1200mV 85C Model Fmax Summary                                                                            ;
+------------+-----------------+----------------+---------------------------------------------------------------+
; Fmax       ; Restricted Fmax ; Clock Name     ; Note                                                          ;
+------------+-----------------+----------------+---------------------------------------------------------------+
; 40.82 MHz  ; 40.82 MHz       ; sec_counter[2] ;                                                               ;
; 42.32 MHz  ; 42.32 MHz       ; min_counter[2] ;                                                               ;
; 43.69 MHz  ; 43.69 MHz       ; ms_counter[2]  ;                                                               ;
; 45.32 MHz  ; 45.32 MHz       ; ms_counter[1]  ;                                                               ;
; 47.51 MHz  ; 47.51 MHz       ; min_counter[1] ;                                                               ;
; 48.02 MHz  ; 48.02 MHz       ; sec_counter[1] ;                                                               ;
; 151.38 MHz ; 151.38 MHz      ; CLOCK_50       ;                                                               ;
; 419.29 MHz ; 250.0 MHz       ; KEY[0]         ; limit due to minimum period restriction (max I/O toggle rate) ;
; 1424.5 MHz ; 250.0 MHz       ; KEY[1]         ; limit due to minimum period restriction (max I/O toggle rate) ;
+------------+-----------------+----------------+---------------------------------------------------------------+
This panel reports FMAX for every clock in the design, regardless of the user-specified clock periods.  FMAX is only computed for paths where the source and destination registers or ports are driven by the same clock.  Paths of different clocks, including generated clocks, are ignored.  For paths between a clock and its inversion, FMAX is computed as if the rising and falling edges are scaled along with FMAX, such that the duty cycle (in terms of a percentage) is maintained. Altera recommends that you always use clock constraints and other slack reports for sign-off analysis.


+------------------------------------------+
; Slow 1200mV 85C Model Setup Summary      ;
+----------------+---------+---------------+
; Clock          ; Slack   ; End Point TNS ;
+----------------+---------+---------------+
; ms_counter[1]  ; -17.780 ; -51.092       ;
; min_counter[1] ; -17.765 ; -51.735       ;
; sec_counter[1] ; -17.425 ; -50.538       ;
; sec_counter[2] ; -16.674 ; -80.587       ;
; min_counter[2] ; -16.014 ; -79.588       ;
; ms_counter[2]  ; -15.741 ; -77.084       ;
; CLOCK_50       ; -5.606  ; -182.798      ;
; KEY[0]         ; -1.385  ; -9.199        ;
; KEY[1]         ; 0.298   ; 0.000         ;
+----------------+---------+---------------+


+----------------------------------------+
; Slow 1200mV 85C Model Hold Summary     ;
+----------------+-------+---------------+
; Clock          ; Slack ; End Point TNS ;
+----------------+-------+---------------+
; CLOCK_50       ; 0.348 ; 0.000         ;
; KEY[0]         ; 0.393 ; 0.000         ;
; KEY[1]         ; 0.393 ; 0.000         ;
; ms_counter[2]  ; 0.884 ; 0.000         ;
; sec_counter[2] ; 0.959 ; 0.000         ;
; min_counter[2] ; 1.029 ; 0.000         ;
; ms_counter[1]  ; 2.731 ; 0.000         ;
; sec_counter[1] ; 3.036 ; 0.000         ;
; min_counter[1] ; 3.762 ; 0.000         ;
+----------------+-------+---------------+


------------------------------------------
; Slow 1200mV 85C Model Recovery Summary ;
------------------------------------------
No paths to report.


-----------------------------------------
; Slow 1200mV 85C Model Removal Summary ;
-----------------------------------------
No paths to report.


+---------------------------------------------------+
; Slow 1200mV 85C Model Minimum Pulse Width Summary ;
+----------------+--------+-------------------------+
; Clock          ; Slack  ; End Point TNS           ;
+----------------+--------+-------------------------+
; sec_counter[2] ; -3.638 ; -182.690                ;
; min_counter[2] ; -3.438 ; -206.355                ;
; ms_counter[2]  ; -3.065 ; -169.263                ;
; CLOCK_50       ; -3.000 ; -73.150                 ;
; KEY[0]         ; -3.000 ; -17.030                 ;
; KEY[1]         ; -3.000 ; -4.403                  ;
; ms_counter[1]  ; -2.876 ; -55.762                 ;
; min_counter[1] ; -2.455 ; -44.811                 ;
; sec_counter[1] ; -2.103 ; -41.425                 ;
+----------------+--------+-------------------------+


-----------------------------------------------
; Slow 1200mV 85C Model Metastability Summary ;
-----------------------------------------------
No synchronizer chains to report.


+---------------------------------------------------------------------------------------------------------------+
; Slow 1200mV 0C Model Fmax Summary                                                                             ;
+------------+-----------------+----------------+---------------------------------------------------------------+
; Fmax       ; Restricted Fmax ; Clock Name     ; Note                                                          ;
+------------+-----------------+----------------+---------------------------------------------------------------+
; 43.51 MHz  ; 43.51 MHz       ; sec_counter[2] ;                                                               ;
; 45.17 MHz  ; 45.17 MHz       ; min_counter[2] ;                                                               ;
; 46.84 MHz  ; 46.84 MHz       ; ms_counter[2]  ;                                                               ;
; 48.17 MHz  ; 48.17 MHz       ; ms_counter[1]  ;                                                               ;
; 50.22 MHz  ; 50.22 MHz       ; min_counter[1] ;                                                               ;
; 50.62 MHz  ; 50.62 MHz       ; sec_counter[1] ;                                                               ;
; 165.4 MHz  ; 165.4 MHz       ; CLOCK_50       ;                                                               ;
; 466.64 MHz ; 250.0 MHz       ; KEY[0]         ; limit due to minimum period restriction (max I/O toggle rate) ;
; 1567.4 MHz ; 250.0 MHz       ; KEY[1]         ; limit due to minimum period restriction (max I/O toggle rate) ;
+------------+-----------------+----------------+---------------------------------------------------------------+
This panel reports FMAX for every clock in the design, regardless of the user-specified clock periods.  FMAX is only computed for paths where the source and destination registers or ports are driven by the same clock.  Paths of different clocks, including generated clocks, are ignored.  For paths between a clock and its inversion, FMAX is computed as if the rising and falling edges are scaled along with FMAX, such that the duty cycle (in terms of a percentage) is maintained. Altera recommends that you always use clock constraints and other slack reports for sign-off analysis.


+------------------------------------------+
; Slow 1200mV 0C Model Setup Summary       ;
+----------------+---------+---------------+
; Clock          ; Slack   ; End Point TNS ;
+----------------+---------+---------------+
; min_counter[1] ; -16.486 ; -47.939       ;
; ms_counter[1]  ; -16.419 ; -47.069       ;
; sec_counter[1] ; -16.160 ; -46.900       ;
; sec_counter[2] ; -15.396 ; -74.134       ;
; min_counter[2] ; -14.909 ; -73.414       ;
; ms_counter[2]  ; -14.482 ; -70.606       ;
; CLOCK_50       ; -5.046  ; -165.330      ;
; KEY[0]         ; -1.143  ; -7.395        ;
; KEY[1]         ; 0.362   ; 0.000         ;
+----------------+---------+---------------+


+----------------------------------------+
; Slow 1200mV 0C Model Hold Summary      ;
+----------------+-------+---------------+
; Clock          ; Slack ; End Point TNS ;
+----------------+-------+---------------+
; CLOCK_50       ; 0.312 ; 0.000         ;
; KEY[0]         ; 0.355 ; 0.000         ;
; KEY[1]         ; 0.355 ; 0.000         ;
; ms_counter[2]  ; 0.786 ; 0.000         ;
; min_counter[2] ; 0.893 ; 0.000         ;
; sec_counter[2] ; 0.987 ; 0.000         ;
; ms_counter[1]  ; 2.411 ; 0.000         ;
; sec_counter[1] ; 2.808 ; 0.000         ;
; min_counter[1] ; 3.327 ; 0.000         ;
+----------------+-------+---------------+


-----------------------------------------
; Slow 1200mV 0C Model Recovery Summary ;
-----------------------------------------
No paths to report.


----------------------------------------
; Slow 1200mV 0C Model Removal Summary ;
----------------------------------------
No paths to report.


+--------------------------------------------------+
; Slow 1200mV 0C Model Minimum Pulse Width Summary ;
+----------------+--------+------------------------+
; Clock          ; Slack  ; End Point TNS          ;
+----------------+--------+------------------------+
; sec_counter[2] ; -3.221 ; -160.438               ;
; min_counter[2] ; -3.094 ; -182.375               ;
; CLOCK_50       ; -3.000 ; -73.150                ;
; KEY[0]         ; -3.000 ; -17.030                ;
; KEY[1]         ; -3.000 ; -4.403                 ;
; ms_counter[2]  ; -2.773 ; -148.594               ;
; ms_counter[1]  ; -2.599 ; -49.671                ;
; min_counter[1] ; -2.140 ; -39.513                ;
; sec_counter[1] ; -1.790 ; -35.902                ;
+----------------+--------+------------------------+


----------------------------------------------
; Slow 1200mV 0C Model Metastability Summary ;
----------------------------------------------
No synchronizer chains to report.


+-----------------------------------------+
; Fast 1200mV 0C Model Setup Summary      ;
+----------------+--------+---------------+
; Clock          ; Slack  ; End Point TNS ;
+----------------+--------+---------------+
; ms_counter[1]  ; -7.902 ; -22.560       ;
; min_counter[1] ; -7.878 ; -22.915       ;
; sec_counter[1] ; -7.764 ; -22.167       ;
; sec_counter[2] ; -7.232 ; -32.884       ;
; min_counter[2] ; -7.152 ; -33.435       ;
; ms_counter[2]  ; -6.985 ; -31.943       ;
; CLOCK_50       ; -1.871 ; -50.157       ;
; KEY[0]         ; 0.048  ; 0.000         ;
; KEY[1]         ; 0.694  ; 0.000         ;
+----------------+--------+---------------+


+----------------------------------------+
; Fast 1200mV 0C Model Hold Summary      ;
+----------------+-------+---------------+
; Clock          ; Slack ; End Point TNS ;
+----------------+-------+---------------+
; CLOCK_50       ; 0.095 ; 0.000         ;
; KEY[0]         ; 0.170 ; 0.000         ;
; KEY[1]         ; 0.170 ; 0.000         ;
; min_counter[2] ; 0.518 ; 0.000         ;
; ms_counter[2]  ; 0.529 ; 0.000         ;
; sec_counter[2] ; 0.602 ; 0.000         ;
; ms_counter[1]  ; 1.249 ; 0.000         ;
; sec_counter[1] ; 1.450 ; 0.000         ;
; min_counter[1] ; 1.661 ; 0.000         ;
+----------------+-------+---------------+


-----------------------------------------
; Fast 1200mV 0C Model Recovery Summary ;
-----------------------------------------
No paths to report.


----------------------------------------
; Fast 1200mV 0C Model Removal Summary ;
----------------------------------------
No paths to report.


+--------------------------------------------------+
; Fast 1200mV 0C Model Minimum Pulse Width Summary ;
+----------------+--------+------------------------+
; Clock          ; Slack  ; End Point TNS          ;
+----------------+--------+------------------------+
; CLOCK_50       ; -3.000 ; -59.548                ;
; KEY[0]         ; -3.000 ; -16.130                ;
; KEY[1]         ; -3.000 ; -4.259                 ;
; sec_counter[2] ; -1.216 ; -45.841                ;
; min_counter[2] ; -1.116 ; -56.635                ;
; ms_counter[1]  ; -0.959 ; -14.444                ;
; ms_counter[2]  ; -0.915 ; -36.937                ;
; min_counter[1] ; -0.751 ; -10.341                ;
; sec_counter[1] ; -0.689 ; -8.720                 ;
+----------------+--------+------------------------+


----------------------------------------------
; Fast 1200mV 0C Model Metastability Summary ;
----------------------------------------------
No synchronizer chains to report.


+--------------------------------------------------------------------------------+
; Multicorner Timing Analysis Summary                                            ;
+------------------+----------+-------+----------+---------+---------------------+
; Clock            ; Setup    ; Hold  ; Recovery ; Removal ; Minimum Pulse Width ;
+------------------+----------+-------+----------+---------+---------------------+
; Worst-case Slack ; -17.780  ; 0.095 ; N/A      ; N/A     ; -3.638              ;
;  CLOCK_50        ; -5.606   ; 0.095 ; N/A      ; N/A     ; -3.000              ;
;  KEY[0]          ; -1.385   ; 0.170 ; N/A      ; N/A     ; -3.000              ;
;  KEY[1]          ; 0.298    ; 0.170 ; N/A      ; N/A     ; -3.000              ;
;  min_counter[1]  ; -17.765  ; 1.661 ; N/A      ; N/A     ; -2.455              ;
;  min_counter[2]  ; -16.014  ; 0.518 ; N/A      ; N/A     ; -3.438              ;
;  ms_counter[1]   ; -17.780  ; 1.249 ; N/A      ; N/A     ; -2.876              ;
;  ms_counter[2]   ; -15.741  ; 0.529 ; N/A      ; N/A     ; -3.065              ;
;  sec_counter[1]  ; -17.425  ; 1.450 ; N/A      ; N/A     ; -2.103              ;
;  sec_counter[2]  ; -16.674  ; 0.602 ; N/A      ; N/A     ; -3.638              ;
; Design-wide TNS  ; -582.621 ; 0.0   ; 0.0      ; 0.0     ; -794.889            ;
;  CLOCK_50        ; -182.798 ; 0.000 ; N/A      ; N/A     ; -73.150             ;
;  KEY[0]          ; -9.199   ; 0.000 ; N/A      ; N/A     ; -17.030             ;
;  KEY[1]          ; 0.000    ; 0.000 ; N/A      ; N/A     ; -4.403              ;
;  min_counter[1]  ; -51.735  ; 0.000 ; N/A      ; N/A     ; -44.811             ;
;  min_counter[2]  ; -79.588  ; 0.000 ; N/A      ; N/A     ; -206.355            ;
;  ms_counter[1]   ; -51.092  ; 0.000 ; N/A      ; N/A     ; -55.762             ;
;  ms_counter[2]   ; -77.084  ; 0.000 ; N/A      ; N/A     ; -169.263            ;
;  sec_counter[1]  ; -50.538  ; 0.000 ; N/A      ; N/A     ; -41.425             ;
;  sec_counter[2]  ; -80.587  ; 0.000 ; N/A      ; N/A     ; -182.690            ;
+------------------+----------+-------+----------+---------+---------------------+


+-----------------------------------------------------------------------------------------------------------------------------------------------------------------------------------------------------------------------------------------------------------------------------------------------------------------------------------------------------------------------------------------------------------------+
; Board Trace Model Assignments                                                                                                                                                                                                                                                                                                                                                                                   ;
+--------------+--------------+-------------------+-------------------------+-------------------------+---------------+---------------------+----------------+------------------+--------+------------------+------------------------+------------------------+--------------+---------------+-----------------+-------+---------------------+--------------------+---------------+-----------------+-------------+
; Pin          ; I/O Standard ; Near Tline Length ; Near Tline L per Length ; Near Tline C per Length ; Near Series R ; Near Differential R ; Near Pull-up R ; Near Pull-down R ; Near C ; Far Tline Length ; Far Tline L per Length ; Far Tline C per Length ; Far Series R ; Far Pull-up R ; Far Pull-down R ; Far C ; Termination Voltage ; Far Differential R ; EBD File Name ; EBD Signal Name ; EBD Far-end ;
+--------------+--------------+-------------------+-------------------------+-------------------------+---------------+---------------------+----------------+------------------+--------+------------------+------------------------+------------------------+--------------+---------------+-----------------+-------+---------------------+--------------------+---------------+-----------------+-------------+
; HEX0[0]      ; 3.3-V LVTTL  ; 0 in              ; 0 H/in                  ; 0 F/in                  ; short         ; -                   ; open           ; open             ; open   ; 0 in             ; 0 H/in                 ; 0 F/in                 ; short        ; open          ; open            ; open  ; 0 V                 ; -                  ; n/a           ; n/a             ; n/a         ;
; HEX0[1]      ; 3.3-V LVTTL  ; 0 in              ; 0 H/in                  ; 0 F/in                  ; short         ; -                   ; open           ; open             ; open   ; 0 in             ; 0 H/in                 ; 0 F/in                 ; short        ; open          ; open            ; open  ; 0 V                 ; -                  ; n/a           ; n/a             ; n/a         ;
; HEX0[2]      ; 3.3-V LVTTL  ; 0 in              ; 0 H/in                  ; 0 F/in                  ; short         ; -                   ; open           ; open             ; open   ; 0 in             ; 0 H/in                 ; 0 F/in                 ; short        ; open          ; open            ; open  ; 0 V                 ; -                  ; n/a           ; n/a             ; n/a         ;
; HEX0[3]      ; 3.3-V LVTTL  ; 0 in              ; 0 H/in                  ; 0 F/in                  ; short         ; -                   ; open           ; open             ; open   ; 0 in             ; 0 H/in                 ; 0 F/in                 ; short        ; open          ; open            ; open  ; 0 V                 ; -                  ; n/a           ; n/a             ; n/a         ;
; HEX0[4]      ; 3.3-V LVTTL  ; 0 in              ; 0 H/in                  ; 0 F/in                  ; short         ; -                   ; open           ; open             ; open   ; 0 in             ; 0 H/in                 ; 0 F/in                 ; short        ; open          ; open            ; open  ; 0 V                 ; -                  ; n/a           ; n/a             ; n/a         ;
; HEX0[5]      ; 3.3-V LVTTL  ; 0 in              ; 0 H/in                  ; 0 F/in                  ; short         ; -                   ; open           ; open             ; open   ; 0 in             ; 0 H/in                 ; 0 F/in                 ; short        ; open          ; open            ; open  ; 0 V                 ; -                  ; n/a           ; n/a             ; n/a         ;
; HEX0[6]      ; 3.3-V LVTTL  ; 0 in              ; 0 H/in                  ; 0 F/in                  ; short         ; -                   ; open           ; open             ; open   ; 0 in             ; 0 H/in                 ; 0 F/in                 ; short        ; open          ; open            ; open  ; 0 V                 ; -                  ; n/a           ; n/a             ; n/a         ;
; HEX1[0]      ; 3.3-V LVTTL  ; 0 in              ; 0 H/in                  ; 0 F/in                  ; short         ; -                   ; open           ; open             ; open   ; 0 in             ; 0 H/in                 ; 0 F/in                 ; short        ; open          ; open            ; open  ; 0 V                 ; -                  ; n/a           ; n/a             ; n/a         ;
; HEX1[1]      ; 3.3-V LVTTL  ; 0 in              ; 0 H/in                  ; 0 F/in                  ; short         ; -                   ; open           ; open             ; open   ; 0 in             ; 0 H/in                 ; 0 F/in                 ; short        ; open          ; open            ; open  ; 0 V                 ; -                  ; n/a           ; n/a             ; n/a         ;
; HEX1[2]      ; 3.3-V LVTTL  ; 0 in              ; 0 H/in                  ; 0 F/in                  ; short         ; -                   ; open           ; open             ; open   ; 0 in             ; 0 H/in                 ; 0 F/in                 ; short        ; open          ; open            ; open  ; 0 V                 ; -                  ; n/a           ; n/a             ; n/a         ;
; HEX1[3]      ; 3.3-V LVTTL  ; 0 in              ; 0 H/in                  ; 0 F/in                  ; short         ; -                   ; open           ; open             ; open   ; 0 in             ; 0 H/in                 ; 0 F/in                 ; short        ; open          ; open            ; open  ; 0 V                 ; -                  ; n/a           ; n/a             ; n/a         ;
; HEX1[4]      ; 3.3-V LVTTL  ; 0 in              ; 0 H/in                  ; 0 F/in                  ; short         ; -                   ; open           ; open             ; open   ; 0 in             ; 0 H/in                 ; 0 F/in                 ; short        ; open          ; open            ; open  ; 0 V                 ; -                  ; n/a           ; n/a             ; n/a         ;
; HEX1[5]      ; 3.3-V LVTTL  ; 0 in              ; 0 H/in                  ; 0 F/in                  ; short         ; -                   ; open           ; open             ; open   ; 0 in             ; 0 H/in                 ; 0 F/in                 ; short        ; open          ; open            ; open  ; 0 V                 ; -                  ; n/a           ; n/a             ; n/a         ;
; HEX1[6]      ; 3.3-V LVTTL  ; 0 in              ; 0 H/in                  ; 0 F/in                  ; short         ; -                   ; open           ; open             ; open   ; 0 in             ; 0 H/in                 ; 0 F/in                 ; short        ; open          ; open            ; open  ; 0 V                 ; -                  ; n/a           ; n/a             ; n/a         ;
; HEX2[0]      ; 3.3-V LVTTL  ; 0 in              ; 0 H/in                  ; 0 F/in                  ; short         ; -                   ; open           ; open             ; open   ; 0 in             ; 0 H/in                 ; 0 F/in                 ; short        ; open          ; open            ; open  ; 0 V                 ; -                  ; n/a           ; n/a             ; n/a         ;
; HEX2[1]      ; 3.3-V LVTTL  ; 0 in              ; 0 H/in                  ; 0 F/in                  ; short         ; -                   ; open           ; open             ; open   ; 0 in             ; 0 H/in                 ; 0 F/in                 ; short        ; open          ; open            ; open  ; 0 V                 ; -                  ; n/a           ; n/a             ; n/a         ;
; HEX2[2]      ; 3.3-V LVTTL  ; 0 in              ; 0 H/in                  ; 0 F/in                  ; short         ; -                   ; open           ; open             ; open   ; 0 in             ; 0 H/in                 ; 0 F/in                 ; short        ; open          ; open            ; open  ; 0 V                 ; -                  ; n/a           ; n/a             ; n/a         ;
; HEX2[3]      ; 3.3-V LVTTL  ; 0 in              ; 0 H/in                  ; 0 F/in                  ; short         ; -                   ; open           ; open             ; open   ; 0 in             ; 0 H/in                 ; 0 F/in                 ; short        ; open          ; open            ; open  ; 0 V                 ; -                  ; n/a           ; n/a             ; n/a         ;
; HEX2[4]      ; 3.3-V LVTTL  ; 0 in              ; 0 H/in                  ; 0 F/in                  ; short         ; -                   ; open           ; open             ; open   ; 0 in             ; 0 H/in                 ; 0 F/in                 ; short        ; open          ; open            ; open  ; 0 V                 ; -                  ; n/a           ; n/a             ; n/a         ;
; HEX2[5]      ; 3.3-V LVTTL  ; 0 in              ; 0 H/in                  ; 0 F/in                  ; short         ; -                   ; open           ; open             ; open   ; 0 in             ; 0 H/in                 ; 0 F/in                 ; short        ; open          ; open            ; open  ; 0 V                 ; -                  ; n/a           ; n/a             ; n/a         ;
; HEX2[6]      ; 3.3-V LVTTL  ; 0 in              ; 0 H/in                  ; 0 F/in                  ; short         ; -                   ; open           ; open             ; open   ; 0 in             ; 0 H/in                 ; 0 F/in                 ; short        ; open          ; open            ; open  ; 0 V                 ; -                  ; n/a           ; n/a             ; n/a         ;
; HEX3[0]      ; 3.3-V LVTTL  ; 0 in              ; 0 H/in                  ; 0 F/in                  ; short         ; -                   ; open           ; open             ; open   ; 0 in             ; 0 H/in                 ; 0 F/in                 ; short        ; open          ; open            ; open  ; 0 V                 ; -                  ; n/a           ; n/a             ; n/a         ;
; HEX3[1]      ; 3.3-V LVTTL  ; 0 in              ; 0 H/in                  ; 0 F/in                  ; short         ; -                   ; open           ; open             ; open   ; 0 in             ; 0 H/in                 ; 0 F/in                 ; short        ; open          ; open            ; open  ; 0 V                 ; -                  ; n/a           ; n/a             ; n/a         ;
; HEX3[2]      ; 3.3-V LVTTL  ; 0 in              ; 0 H/in                  ; 0 F/in                  ; short         ; -                   ; open           ; open             ; open   ; 0 in             ; 0 H/in                 ; 0 F/in                 ; short        ; open          ; open            ; open  ; 0 V                 ; -                  ; n/a           ; n/a             ; n/a         ;
; HEX3[3]      ; 3.3-V LVTTL  ; 0 in              ; 0 H/in                  ; 0 F/in                  ; short         ; -                   ; open           ; open             ; open   ; 0 in             ; 0 H/in                 ; 0 F/in                 ; short        ; open          ; open            ; open  ; 0 V                 ; -                  ; n/a           ; n/a             ; n/a         ;
; HEX3[4]      ; 3.3-V LVTTL  ; 0 in              ; 0 H/in                  ; 0 F/in                  ; short         ; -                   ; open           ; open             ; open   ; 0 in             ; 0 H/in                 ; 0 F/in                 ; short        ; open          ; open            ; open  ; 0 V                 ; -                  ; n/a           ; n/a             ; n/a         ;
; HEX3[5]      ; 3.3-V LVTTL  ; 0 in              ; 0 H/in                  ; 0 F/in                  ; short         ; -                   ; open           ; open             ; open   ; 0 in             ; 0 H/in                 ; 0 F/in                 ; short        ; open          ; open            ; open  ; 0 V                 ; -                  ; n/a           ; n/a             ; n/a         ;
; HEX3[6]      ; 3.3-V LVTTL  ; 0 in              ; 0 H/in                  ; 0 F/in                  ; short         ; -                   ; open           ; open             ; open   ; 0 in             ; 0 H/in                 ; 0 F/in                 ; short        ; open          ; open            ; open  ; 0 V                 ; -                  ; n/a           ; n/a             ; n/a         ;
; HEX4[0]      ; 3.3-V LVTTL  ; 0 in              ; 0 H/in                  ; 0 F/in                  ; short         ; -                   ; open           ; open             ; open   ; 0 in             ; 0 H/in                 ; 0 F/in                 ; short        ; open          ; open            ; open  ; 0 V                 ; -                  ; n/a           ; n/a             ; n/a         ;
; HEX4[1]      ; 3.3-V LVTTL  ; 0 in              ; 0 H/in                  ; 0 F/in                  ; short         ; -                   ; open           ; open             ; open   ; 0 in             ; 0 H/in                 ; 0 F/in                 ; short        ; open          ; open            ; open  ; 0 V                 ; -                  ; n/a           ; n/a             ; n/a         ;
; HEX4[2]      ; 3.3-V LVTTL  ; 0 in              ; 0 H/in                  ; 0 F/in                  ; short         ; -                   ; open           ; open             ; open   ; 0 in             ; 0 H/in                 ; 0 F/in                 ; short        ; open          ; open            ; open  ; 0 V                 ; -                  ; n/a           ; n/a             ; n/a         ;
; HEX4[3]      ; 3.3-V LVTTL  ; 0 in              ; 0 H/in                  ; 0 F/in                  ; short         ; -                   ; open           ; open             ; open   ; 0 in             ; 0 H/in                 ; 0 F/in                 ; short        ; open          ; open            ; open  ; 0 V                 ; -                  ; n/a           ; n/a             ; n/a         ;
; HEX4[4]      ; 3.3-V LVTTL  ; 0 in              ; 0 H/in                  ; 0 F/in                  ; short         ; -                   ; open           ; open             ; open   ; 0 in             ; 0 H/in                 ; 0 F/in                 ; short        ; open          ; open            ; open  ; 0 V                 ; -                  ; n/a           ; n/a             ; n/a         ;
; HEX4[5]      ; 3.3-V LVTTL  ; 0 in              ; 0 H/in                  ; 0 F/in                  ; short         ; -                   ; open           ; open             ; open   ; 0 in             ; 0 H/in                 ; 0 F/in                 ; short        ; open          ; open            ; open  ; 0 V                 ; -                  ; n/a           ; n/a             ; n/a         ;
; HEX4[6]      ; 3.3-V LVTTL  ; 0 in              ; 0 H/in                  ; 0 F/in                  ; short         ; -                   ; open           ; open             ; open   ; 0 in             ; 0 H/in                 ; 0 F/in                 ; short        ; open          ; open            ; open  ; 0 V                 ; -                  ; n/a           ; n/a             ; n/a         ;
; HEX5[0]      ; 3.3-V LVTTL  ; 0 in              ; 0 H/in                  ; 0 F/in                  ; short         ; -                   ; open           ; open             ; open   ; 0 in             ; 0 H/in                 ; 0 F/in                 ; short        ; open          ; open            ; open  ; 0 V                 ; -                  ; n/a           ; n/a             ; n/a         ;
; HEX5[1]      ; 3.3-V LVTTL  ; 0 in              ; 0 H/in                  ; 0 F/in                  ; short         ; -                   ; open           ; open             ; open   ; 0 in             ; 0 H/in                 ; 0 F/in                 ; short        ; open          ; open            ; open  ; 0 V                 ; -                  ; n/a           ; n/a             ; n/a         ;
; HEX5[2]      ; 3.3-V LVTTL  ; 0 in              ; 0 H/in                  ; 0 F/in                  ; short         ; -                   ; open           ; open             ; open   ; 0 in             ; 0 H/in                 ; 0 F/in                 ; short        ; open          ; open            ; open  ; 0 V                 ; -                  ; n/a           ; n/a             ; n/a         ;
; HEX5[3]      ; 3.3-V LVTTL  ; 0 in              ; 0 H/in                  ; 0 F/in                  ; short         ; -                   ; open           ; open             ; open   ; 0 in             ; 0 H/in                 ; 0 F/in                 ; short        ; open          ; open            ; open  ; 0 V                 ; -                  ; n/a           ; n/a             ; n/a         ;
; HEX5[4]      ; 3.3-V LVTTL  ; 0 in              ; 0 H/in                  ; 0 F/in                  ; short         ; -                   ; open           ; open             ; open   ; 0 in             ; 0 H/in                 ; 0 F/in                 ; short        ; open          ; open            ; open  ; 0 V                 ; -                  ; n/a           ; n/a             ; n/a         ;
; HEX5[5]      ; 3.3-V LVTTL  ; 0 in              ; 0 H/in                  ; 0 F/in                  ; short         ; -                   ; open           ; open             ; open   ; 0 in             ; 0 H/in                 ; 0 F/in                 ; short        ; open          ; open            ; open  ; 0 V                 ; -                  ; n/a           ; n/a             ; n/a         ;
; HEX5[6]      ; 3.3-V LVTTL  ; 0 in              ; 0 H/in                  ; 0 F/in                  ; short         ; -                   ; open           ; open             ; open   ; 0 in             ; 0 H/in                 ; 0 F/in                 ; short        ; open          ; open            ; open  ; 0 V                 ; -                  ; n/a           ; n/a             ; n/a         ;
; ~ALTERA_TDO~ ; 2.5 V        ; 0 in              ; 0 H/in                  ; 0 F/in                  ; short         ; -                   ; open           ; open             ; open   ; 0 in             ; 0 H/in                 ; 0 F/in                 ; short        ; open          ; open            ; open  ; 0 V                 ; -                  ; n/a           ; n/a             ; n/a         ;
+--------------+--------------+-------------------+-------------------------+-------------------------+---------------+---------------------+----------------+------------------+--------+------------------+------------------------+------------------------+--------------+---------------+-----------------+-------+---------------------+--------------------+---------------+-----------------+-------------+


+---------------------------------------------------------------------------------+
; Input Transition Times                                                          ;
+---------------------+-----------------------+-----------------+-----------------+
; Pin                 ; I/O Standard          ; 10-90 Rise Time ; 90-10 Fall Time ;
+---------------------+-----------------------+-----------------+-----------------+
; CLOCK_50            ; 3.3-V LVTTL           ; 2640 ps         ; 2640 ps         ;
; KEY[0]              ; 3.3 V Schmitt Trigger ; 2640 ps         ; 2640 ps         ;
; KEY[1]              ; 3.3 V Schmitt Trigger ; 2640 ps         ; 2640 ps         ;
; ~ALTERA_TMS~        ; 2.5 V Schmitt Trigger ; 2000 ps         ; 2000 ps         ;
; ~ALTERA_TCK~        ; 2.5 V Schmitt Trigger ; 2000 ps         ; 2000 ps         ;
; ~ALTERA_TDI~        ; 2.5 V Schmitt Trigger ; 2000 ps         ; 2000 ps         ;
; ~ALTERA_CONFIG_SEL~ ; 2.5 V                 ; 2000 ps         ; 2000 ps         ;
; ~ALTERA_nCONFIG~    ; 2.5 V Schmitt Trigger ; 2000 ps         ; 2000 ps         ;
; ~ALTERA_nSTATUS~    ; 2.5 V Schmitt Trigger ; 2000 ps         ; 2000 ps         ;
; ~ALTERA_CONF_DONE~  ; 2.5 V Schmitt Trigger ; 2000 ps         ; 2000 ps         ;
+---------------------+-----------------------+-----------------+-----------------+


+-------------------------------------------------------------------------------------------------------------------------------------------------------------------------------------------------------------------------------------------------------------------------------------------------------------------------------------------------------------------------------------------------------------------------------------------------------------------------------------------------------------------------------------------------------------------------------------------------------------------------------------------------------------------------------------------+
; Signal Integrity Metrics (Slow 1200mv 0c Model)                                                                                                                                                                                                                                                                                                                                                                                                                                                                                                                                                                                                                                           ;
+--------------+--------------+---------------------+---------------------+------------------------------+------------------------------+---------------------+---------------------+--------------------------------------+--------------------------------------+-----------------------------+-----------------------------+----------------------------+----------------------------+-----------------------------+-----------------------------+--------------------+--------------------+-------------------------------------+-------------------------------------+----------------------------+----------------------------+---------------------------+---------------------------+
; Pin          ; I/O Standard ; Board Delay on Rise ; Board Delay on Fall ; Steady State Voh at FPGA Pin ; Steady State Vol at FPGA Pin ; Voh Max at FPGA Pin ; Vol Min at FPGA Pin ; Ringback Voltage on Rise at FPGA Pin ; Ringback Voltage on Fall at FPGA Pin ; 10-90 Rise Time at FPGA Pin ; 90-10 Fall Time at FPGA Pin ; Monotonic Rise at FPGA Pin ; Monotonic Fall at FPGA Pin ; Steady State Voh at Far-end ; Steady State Vol at Far-end ; Voh Max at Far-end ; Vol Min at Far-end ; Ringback Voltage on Rise at Far-end ; Ringback Voltage on Fall at Far-end ; 10-90 Rise Time at Far-end ; 90-10 Fall Time at Far-end ; Monotonic Rise at Far-end ; Monotonic Fall at Far-end ;
+--------------+--------------+---------------------+---------------------+------------------------------+------------------------------+---------------------+---------------------+--------------------------------------+--------------------------------------+-----------------------------+-----------------------------+----------------------------+----------------------------+-----------------------------+-----------------------------+--------------------+--------------------+-------------------------------------+-------------------------------------+----------------------------+----------------------------+---------------------------+---------------------------+
; HEX0[0]      ; 3.3-V LVTTL  ; 0 s                 ; 0 s                 ; 3.08 V                       ; 3.73e-08 V                   ; 3.2 V               ; -0.127 V            ; 0.219 V                              ; 0.346 V                              ; 4.45e-10 s                  ; 4.51e-10 s                  ; No                         ; No                         ; 3.08 V                      ; 3.73e-08 V                  ; 3.2 V              ; -0.127 V           ; 0.219 V                             ; 0.346 V                             ; 4.45e-10 s                 ; 4.51e-10 s                 ; No                        ; No                        ;
; HEX0[1]      ; 3.3-V LVTTL  ; 0 s                 ; 0 s                 ; 3.08 V                       ; 3.73e-08 V                   ; 3.2 V               ; -0.128 V            ; 0.219 V                              ; 0.346 V                              ; 4.45e-10 s                  ; 4.51e-10 s                  ; No                         ; No                         ; 3.08 V                      ; 3.73e-08 V                  ; 3.2 V              ; -0.128 V           ; 0.219 V                             ; 0.346 V                             ; 4.45e-10 s                 ; 4.51e-10 s                 ; No                        ; No                        ;
; HEX0[2]      ; 3.3-V LVTTL  ; 0 s                 ; 0 s                 ; 3.08 V                       ; 3.73e-08 V                   ; 3.2 V               ; -0.128 V            ; 0.219 V                              ; 0.346 V                              ; 4.45e-10 s                  ; 4.51e-10 s                  ; No                         ; No                         ; 3.08 V                      ; 3.73e-08 V                  ; 3.2 V              ; -0.128 V           ; 0.219 V                             ; 0.346 V                             ; 4.45e-10 s                 ; 4.51e-10 s                 ; No                        ; No                        ;
; HEX0[3]      ; 3.3-V LVTTL  ; 0 s                 ; 0 s                 ; 3.08 V                       ; 3.73e-08 V                   ; 3.2 V               ; -0.127 V            ; 0.219 V                              ; 0.346 V                              ; 4.45e-10 s                  ; 4.51e-10 s                  ; No                         ; No                         ; 3.08 V                      ; 3.73e-08 V                  ; 3.2 V              ; -0.127 V           ; 0.219 V                             ; 0.346 V                             ; 4.45e-10 s                 ; 4.51e-10 s                 ; No                        ; No                        ;
; HEX0[4]      ; 3.3-V LVTTL  ; 0 s                 ; 0 s                 ; 3.08 V                       ; 3.73e-08 V                   ; 3.2 V               ; -0.127 V            ; 0.219 V                              ; 0.346 V                              ; 4.45e-10 s                  ; 4.51e-10 s                  ; No                         ; No                         ; 3.08 V                      ; 3.73e-08 V                  ; 3.2 V              ; -0.127 V           ; 0.219 V                             ; 0.346 V                             ; 4.45e-10 s                 ; 4.51e-10 s                 ; No                        ; No                        ;
; HEX0[5]      ; 3.3-V LVTTL  ; 0 s                 ; 0 s                 ; 3.08 V                       ; 3.73e-08 V                   ; 3.2 V               ; -0.127 V            ; 0.219 V                              ; 0.346 V                              ; 4.45e-10 s                  ; 4.51e-10 s                  ; No                         ; No                         ; 3.08 V                      ; 3.73e-08 V                  ; 3.2 V              ; -0.127 V           ; 0.219 V                             ; 0.346 V                             ; 4.45e-10 s                 ; 4.51e-10 s                 ; No                        ; No                        ;
; HEX0[6]      ; 3.3-V LVTTL  ; 0 s                 ; 0 s                 ; 3.08 V                       ; 3.73e-08 V                   ; 3.2 V               ; -0.128 V            ; 0.219 V                              ; 0.346 V                              ; 4.45e-10 s                  ; 4.51e-10 s                  ; No                         ; No                         ; 3.08 V                      ; 3.73e-08 V                  ; 3.2 V              ; -0.128 V           ; 0.219 V                             ; 0.346 V                             ; 4.45e-10 s                 ; 4.51e-10 s                 ; No                        ; No                        ;
; HEX1[0]      ; 3.3-V LVTTL  ; 0 s                 ; 0 s                 ; 3.08 V                       ; 3.73e-08 V                   ; 3.2 V               ; -0.127 V            ; 0.219 V                              ; 0.346 V                              ; 4.45e-10 s                  ; 4.51e-10 s                  ; No                         ; No                         ; 3.08 V                      ; 3.73e-08 V                  ; 3.2 V              ; -0.127 V           ; 0.219 V                             ; 0.346 V                             ; 4.45e-10 s                 ; 4.51e-10 s                 ; No                        ; No                        ;
; HEX1[1]      ; 3.3-V LVTTL  ; 0 s                 ; 0 s                 ; 3.08 V                       ; 3.73e-08 V                   ; 3.2 V               ; -0.127 V            ; 0.219 V                              ; 0.346 V                              ; 4.45e-10 s                  ; 4.51e-10 s                  ; No                         ; No                         ; 3.08 V                      ; 3.73e-08 V                  ; 3.2 V              ; -0.127 V           ; 0.219 V                             ; 0.346 V                             ; 4.45e-10 s                 ; 4.51e-10 s                 ; No                        ; No                        ;
; HEX1[2]      ; 3.3-V LVTTL  ; 0 s                 ; 0 s                 ; 3.08 V                       ; 3.73e-08 V                   ; 3.2 V               ; -0.128 V            ; 0.219 V                              ; 0.346 V                              ; 4.45e-10 s                  ; 4.51e-10 s                  ; No                         ; No                         ; 3.08 V                      ; 3.73e-08 V                  ; 3.2 V              ; -0.128 V           ; 0.219 V                             ; 0.346 V                             ; 4.45e-10 s                 ; 4.51e-10 s                 ; No                        ; No                        ;
; HEX1[3]      ; 3.3-V LVTTL  ; 0 s                 ; 0 s                 ; 3.08 V                       ; 3.73e-08 V                   ; 3.2 V               ; -0.127 V            ; 0.219 V                              ; 0.346 V                              ; 4.45e-10 s                  ; 4.51e-10 s                  ; No                         ; No                         ; 3.08 V                      ; 3.73e-08 V                  ; 3.2 V              ; -0.127 V           ; 0.219 V                             ; 0.346 V                             ; 4.45e-10 s                 ; 4.51e-10 s                 ; No                        ; No                        ;
; HEX1[4]      ; 3.3-V LVTTL  ; 0 s                 ; 0 s                 ; 3.08 V                       ; 3.73e-08 V                   ; 3.2 V               ; -0.128 V            ; 0.219 V                              ; 0.346 V                              ; 4.45e-10 s                  ; 4.51e-10 s                  ; No                         ; No                         ; 3.08 V                      ; 3.73e-08 V                  ; 3.2 V              ; -0.128 V           ; 0.219 V                             ; 0.346 V                             ; 4.45e-10 s                 ; 4.51e-10 s                 ; No                        ; No                        ;
; HEX1[5]      ; 3.3-V LVTTL  ; 0 s                 ; 0 s                 ; 3.08 V                       ; 3.73e-08 V                   ; 3.2 V               ; -0.127 V            ; 0.219 V                              ; 0.346 V                              ; 4.45e-10 s                  ; 4.51e-10 s                  ; No                         ; No                         ; 3.08 V                      ; 3.73e-08 V                  ; 3.2 V              ; -0.127 V           ; 0.219 V                             ; 0.346 V                             ; 4.45e-10 s                 ; 4.51e-10 s                 ; No                        ; No                        ;
; HEX1[6]      ; 3.3-V LVTTL  ; 0 s                 ; 0 s                 ; 3.08 V                       ; 3.73e-08 V                   ; 3.2 V               ; -0.128 V            ; 0.219 V                              ; 0.346 V                              ; 4.45e-10 s                  ; 4.51e-10 s                  ; No                         ; No                         ; 3.08 V                      ; 3.73e-08 V                  ; 3.2 V              ; -0.128 V           ; 0.219 V                             ; 0.346 V                             ; 4.45e-10 s                 ; 4.51e-10 s                 ; No                        ; No                        ;
; HEX2[0]      ; 3.3-V LVTTL  ; 0 s                 ; 0 s                 ; 3.08 V                       ; 3.73e-08 V                   ; 3.2 V               ; -0.127 V            ; 0.219 V                              ; 0.346 V                              ; 4.45e-10 s                  ; 4.51e-10 s                  ; No                         ; No                         ; 3.08 V                      ; 3.73e-08 V                  ; 3.2 V              ; -0.127 V           ; 0.219 V                             ; 0.346 V                             ; 4.45e-10 s                 ; 4.51e-10 s                 ; No                        ; No                        ;
; HEX2[1]      ; 3.3-V LVTTL  ; 0 s                 ; 0 s                 ; 3.08 V                       ; 3.73e-08 V                   ; 3.2 V               ; -0.127 V            ; 0.219 V                              ; 0.346 V                              ; 4.45e-10 s                  ; 4.51e-10 s                  ; No                         ; No                         ; 3.08 V                      ; 3.73e-08 V                  ; 3.2 V              ; -0.127 V           ; 0.219 V                             ; 0.346 V                             ; 4.45e-10 s                 ; 4.51e-10 s                 ; No                        ; No                        ;
; HEX2[2]      ; 3.3-V LVTTL  ; 0 s                 ; 0 s                 ; 3.08 V                       ; 3.73e-08 V                   ; 3.2 V               ; -0.128 V            ; 0.219 V                              ; 0.346 V                              ; 4.45e-10 s                  ; 4.51e-10 s                  ; No                         ; No                         ; 3.08 V                      ; 3.73e-08 V                  ; 3.2 V              ; -0.128 V           ; 0.219 V                             ; 0.346 V                             ; 4.45e-10 s                 ; 4.51e-10 s                 ; No                        ; No                        ;
; HEX2[3]      ; 3.3-V LVTTL  ; 0 s                 ; 0 s                 ; 3.08 V                       ; 3.73e-08 V                   ; 3.2 V               ; -0.128 V            ; 0.219 V                              ; 0.346 V                              ; 4.45e-10 s                  ; 4.51e-10 s                  ; No                         ; No                         ; 3.08 V                      ; 3.73e-08 V                  ; 3.2 V              ; -0.128 V           ; 0.219 V                             ; 0.346 V                             ; 4.45e-10 s                 ; 4.51e-10 s                 ; No                        ; No                        ;
; HEX2[4]      ; 3.3-V LVTTL  ; 0 s                 ; 0 s                 ; 3.08 V                       ; 3.73e-08 V                   ; 3.2 V               ; -0.128 V            ; 0.219 V                              ; 0.346 V                              ; 4.45e-10 s                  ; 4.51e-10 s                  ; No                         ; No                         ; 3.08 V                      ; 3.73e-08 V                  ; 3.2 V              ; -0.128 V           ; 0.219 V                             ; 0.346 V                             ; 4.45e-10 s                 ; 4.51e-10 s                 ; No                        ; No                        ;
; HEX2[5]      ; 3.3-V LVTTL  ; 0 s                 ; 0 s                 ; 3.08 V                       ; 3.73e-08 V                   ; 3.2 V               ; -0.128 V            ; 0.219 V                              ; 0.346 V                              ; 4.45e-10 s                  ; 4.51e-10 s                  ; No                         ; No                         ; 3.08 V                      ; 3.73e-08 V                  ; 3.2 V              ; -0.128 V           ; 0.219 V                             ; 0.346 V                             ; 4.45e-10 s                 ; 4.51e-10 s                 ; No                        ; No                        ;
; HEX2[6]      ; 3.3-V LVTTL  ; 0 s                 ; 0 s                 ; 3.08 V                       ; 3.73e-08 V                   ; 3.2 V               ; -0.127 V            ; 0.219 V                              ; 0.346 V                              ; 4.45e-10 s                  ; 4.51e-10 s                  ; No                         ; No                         ; 3.08 V                      ; 3.73e-08 V                  ; 3.2 V              ; -0.127 V           ; 0.219 V                             ; 0.346 V                             ; 4.45e-10 s                 ; 4.51e-10 s                 ; No                        ; No                        ;
; HEX3[0]      ; 3.3-V LVTTL  ; 0 s                 ; 0 s                 ; 3.08 V                       ; 3.73e-08 V                   ; 3.2 V               ; -0.127 V            ; 0.219 V                              ; 0.346 V                              ; 4.45e-10 s                  ; 4.51e-10 s                  ; No                         ; No                         ; 3.08 V                      ; 3.73e-08 V                  ; 3.2 V              ; -0.127 V           ; 0.219 V                             ; 0.346 V                             ; 4.45e-10 s                 ; 4.51e-10 s                 ; No                        ; No                        ;
; HEX3[1]      ; 3.3-V LVTTL  ; 0 s                 ; 0 s                 ; 3.08 V                       ; 3.73e-08 V                   ; 3.2 V               ; -0.127 V            ; 0.219 V                              ; 0.346 V                              ; 4.45e-10 s                  ; 4.51e-10 s                  ; No                         ; No                         ; 3.08 V                      ; 3.73e-08 V                  ; 3.2 V              ; -0.127 V           ; 0.219 V                             ; 0.346 V                             ; 4.45e-10 s                 ; 4.51e-10 s                 ; No                        ; No                        ;
; HEX3[2]      ; 3.3-V LVTTL  ; 0 s                 ; 0 s                 ; 3.08 V                       ; 3.73e-08 V                   ; 3.2 V               ; -0.128 V            ; 0.219 V                              ; 0.346 V                              ; 4.45e-10 s                  ; 4.51e-10 s                  ; No                         ; No                         ; 3.08 V                      ; 3.73e-08 V                  ; 3.2 V              ; -0.128 V           ; 0.219 V                             ; 0.346 V                             ; 4.45e-10 s                 ; 4.51e-10 s                 ; No                        ; No                        ;
; HEX3[3]      ; 3.3-V LVTTL  ; 0 s                 ; 0 s                 ; 3.08 V                       ; 3.73e-08 V                   ; 3.2 V               ; -0.127 V            ; 0.219 V                              ; 0.346 V                              ; 4.45e-10 s                  ; 4.51e-10 s                  ; No                         ; No                         ; 3.08 V                      ; 3.73e-08 V                  ; 3.2 V              ; -0.127 V           ; 0.219 V                             ; 0.346 V                             ; 4.45e-10 s                 ; 4.51e-10 s                 ; No                        ; No                        ;
; HEX3[4]      ; 3.3-V LVTTL  ; 0 s                 ; 0 s                 ; 3.08 V                       ; 3.73e-08 V                   ; 3.2 V               ; -0.127 V            ; 0.219 V                              ; 0.346 V                              ; 4.45e-10 s                  ; 4.51e-10 s                  ; No                         ; No                         ; 3.08 V                      ; 3.73e-08 V                  ; 3.2 V              ; -0.127 V           ; 0.219 V                             ; 0.346 V                             ; 4.45e-10 s                 ; 4.51e-10 s                 ; No                        ; No                        ;
; HEX3[5]      ; 3.3-V LVTTL  ; 0 s                 ; 0 s                 ; 3.08 V                       ; 3.73e-08 V                   ; 3.2 V               ; -0.128 V            ; 0.219 V                              ; 0.346 V                              ; 4.45e-10 s                  ; 4.51e-10 s                  ; No                         ; No                         ; 3.08 V                      ; 3.73e-08 V                  ; 3.2 V              ; -0.128 V           ; 0.219 V                             ; 0.346 V                             ; 4.45e-10 s                 ; 4.51e-10 s                 ; No                        ; No                        ;
; HEX3[6]      ; 3.3-V LVTTL  ; 0 s                 ; 0 s                 ; 3.08 V                       ; 3.73e-08 V                   ; 3.2 V               ; -0.128 V            ; 0.219 V                              ; 0.346 V                              ; 4.45e-10 s                  ; 4.51e-10 s                  ; No                         ; No                         ; 3.08 V                      ; 3.73e-08 V                  ; 3.2 V              ; -0.128 V           ; 0.219 V                             ; 0.346 V                             ; 4.45e-10 s                 ; 4.51e-10 s                 ; No                        ; No                        ;
; HEX4[0]      ; 3.3-V LVTTL  ; 0 s                 ; 0 s                 ; 3.08 V                       ; 3.73e-08 V                   ; 3.2 V               ; -0.128 V            ; 0.219 V                              ; 0.346 V                              ; 4.45e-10 s                  ; 4.51e-10 s                  ; No                         ; No                         ; 3.08 V                      ; 3.73e-08 V                  ; 3.2 V              ; -0.128 V           ; 0.219 V                             ; 0.346 V                             ; 4.45e-10 s                 ; 4.51e-10 s                 ; No                        ; No                        ;
; HEX4[1]      ; 3.3-V LVTTL  ; 0 s                 ; 0 s                 ; 3.08 V                       ; 3.73e-08 V                   ; 3.2 V               ; -0.128 V            ; 0.219 V                              ; 0.346 V                              ; 4.45e-10 s                  ; 4.51e-10 s                  ; No                         ; No                         ; 3.08 V                      ; 3.73e-08 V                  ; 3.2 V              ; -0.128 V           ; 0.219 V                             ; 0.346 V                             ; 4.45e-10 s                 ; 4.51e-10 s                 ; No                        ; No                        ;
; HEX4[2]      ; 3.3-V LVTTL  ; 0 s                 ; 0 s                 ; 3.08 V                       ; 3.73e-08 V                   ; 3.2 V               ; -0.127 V            ; 0.219 V                              ; 0.346 V                              ; 4.45e-10 s                  ; 4.51e-10 s                  ; No                         ; No                         ; 3.08 V                      ; 3.73e-08 V                  ; 3.2 V              ; -0.127 V           ; 0.219 V                             ; 0.346 V                             ; 4.45e-10 s                 ; 4.51e-10 s                 ; No                        ; No                        ;
; HEX4[3]      ; 3.3-V LVTTL  ; 0 s                 ; 0 s                 ; 3.08 V                       ; 3.73e-08 V                   ; 3.2 V               ; -0.128 V            ; 0.219 V                              ; 0.346 V                              ; 4.45e-10 s                  ; 4.51e-10 s                  ; No                         ; No                         ; 3.08 V                      ; 3.73e-08 V                  ; 3.2 V              ; -0.128 V           ; 0.219 V                             ; 0.346 V                             ; 4.45e-10 s                 ; 4.51e-10 s                 ; No                        ; No                        ;
; HEX4[4]      ; 3.3-V LVTTL  ; 0 s                 ; 0 s                 ; 3.08 V                       ; 3.73e-08 V                   ; 3.2 V               ; -0.127 V            ; 0.219 V                              ; 0.346 V                              ; 4.45e-10 s                  ; 4.51e-10 s                  ; No                         ; No                         ; 3.08 V                      ; 3.73e-08 V                  ; 3.2 V              ; -0.127 V           ; 0.219 V                             ; 0.346 V                             ; 4.45e-10 s                 ; 4.51e-10 s                 ; No                        ; No                        ;
; HEX4[5]      ; 3.3-V LVTTL  ; 0 s                 ; 0 s                 ; 3.08 V                       ; 3.73e-08 V                   ; 3.2 V               ; -0.127 V            ; 0.219 V                              ; 0.346 V                              ; 4.45e-10 s                  ; 4.51e-10 s                  ; No                         ; No                         ; 3.08 V                      ; 3.73e-08 V                  ; 3.2 V              ; -0.127 V           ; 0.219 V                             ; 0.346 V                             ; 4.45e-10 s                 ; 4.51e-10 s                 ; No                        ; No                        ;
; HEX4[6]      ; 3.3-V LVTTL  ; 0 s                 ; 0 s                 ; 3.08 V                       ; 3.73e-08 V                   ; 3.2 V               ; -0.128 V            ; 0.219 V                              ; 0.346 V                              ; 4.45e-10 s                  ; 4.51e-10 s                  ; No                         ; No                         ; 3.08 V                      ; 3.73e-08 V                  ; 3.2 V              ; -0.128 V           ; 0.219 V                             ; 0.346 V                             ; 4.45e-10 s                 ; 4.51e-10 s                 ; No                        ; No                        ;
; HEX5[0]      ; 3.3-V LVTTL  ; 0 s                 ; 0 s                 ; 3.08 V                       ; 3.73e-08 V                   ; 3.2 V               ; -0.127 V            ; 0.219 V                              ; 0.346 V                              ; 4.45e-10 s                  ; 4.51e-10 s                  ; No                         ; No                         ; 3.08 V                      ; 3.73e-08 V                  ; 3.2 V              ; -0.127 V           ; 0.219 V                             ; 0.346 V                             ; 4.45e-10 s                 ; 4.51e-10 s                 ; No                        ; No                        ;
; HEX5[1]      ; 3.3-V LVTTL  ; 0 s                 ; 0 s                 ; 3.08 V                       ; 3.73e-08 V                   ; 3.2 V               ; -0.128 V            ; 0.219 V                              ; 0.346 V                              ; 4.45e-10 s                  ; 4.51e-10 s                  ; No                         ; No                         ; 3.08 V                      ; 3.73e-08 V                  ; 3.2 V              ; -0.128 V           ; 0.219 V                             ; 0.346 V                             ; 4.45e-10 s                 ; 4.51e-10 s                 ; No                        ; No                        ;
; HEX5[2]      ; 3.3-V LVTTL  ; 0 s                 ; 0 s                 ; 3.08 V                       ; 3.73e-08 V                   ; 3.2 V               ; -0.128 V            ; 0.219 V                              ; 0.346 V                              ; 4.45e-10 s                  ; 4.51e-10 s                  ; No                         ; No                         ; 3.08 V                      ; 3.73e-08 V                  ; 3.2 V              ; -0.128 V           ; 0.219 V                             ; 0.346 V                             ; 4.45e-10 s                 ; 4.51e-10 s                 ; No                        ; No                        ;
; HEX5[3]      ; 3.3-V LVTTL  ; 0 s                 ; 0 s                 ; 3.08 V                       ; 3.73e-08 V                   ; 3.2 V               ; -0.127 V            ; 0.219 V                              ; 0.346 V                              ; 4.45e-10 s                  ; 4.51e-10 s                  ; No                         ; No                         ; 3.08 V                      ; 3.73e-08 V                  ; 3.2 V              ; -0.127 V           ; 0.219 V                             ; 0.346 V                             ; 4.45e-10 s                 ; 4.51e-10 s                 ; No                        ; No                        ;
; HEX5[4]      ; 3.3-V LVTTL  ; 0 s                 ; 0 s                 ; 3.08 V                       ; 3.73e-08 V                   ; 3.2 V               ; -0.127 V            ; 0.219 V                              ; 0.346 V                              ; 4.45e-10 s                  ; 4.51e-10 s                  ; No                         ; No                         ; 3.08 V                      ; 3.73e-08 V                  ; 3.2 V              ; -0.127 V           ; 0.219 V                             ; 0.346 V                             ; 4.45e-10 s                 ; 4.51e-10 s                 ; No                        ; No                        ;
; HEX5[5]      ; 3.3-V LVTTL  ; 0 s                 ; 0 s                 ; 3.08 V                       ; 3.73e-08 V                   ; 3.2 V               ; -0.128 V            ; 0.219 V                              ; 0.346 V                              ; 4.45e-10 s                  ; 4.51e-10 s                  ; No                         ; No                         ; 3.08 V                      ; 3.73e-08 V                  ; 3.2 V              ; -0.128 V           ; 0.219 V                             ; 0.346 V                             ; 4.45e-10 s                 ; 4.51e-10 s                 ; No                        ; No                        ;
; HEX5[6]      ; 3.3-V LVTTL  ; 0 s                 ; 0 s                 ; 3.08 V                       ; 3.73e-08 V                   ; 3.2 V               ; -0.128 V            ; 0.219 V                              ; 0.346 V                              ; 4.45e-10 s                  ; 4.51e-10 s                  ; No                         ; No                         ; 3.08 V                      ; 3.73e-08 V                  ; 3.2 V              ; -0.128 V           ; 0.219 V                             ; 0.346 V                             ; 4.45e-10 s                 ; 4.51e-10 s                 ; No                        ; No                        ;
; ~ALTERA_TDO~ ; 2.5 V        ; 0 s                 ; 0 s                 ; 2.32 V                       ; 1.39e-08 V                   ; 2.39 V              ; -0.0409 V           ; 0.21 V                               ; 0.121 V                              ; 4.7e-10 s                   ; 5.93e-10 s                  ; No                         ; Yes                        ; 2.32 V                      ; 1.39e-08 V                  ; 2.39 V             ; -0.0409 V          ; 0.21 V                              ; 0.121 V                             ; 4.7e-10 s                  ; 5.93e-10 s                 ; No                        ; Yes                       ;
+--------------+--------------+---------------------+---------------------+------------------------------+------------------------------+---------------------+---------------------+--------------------------------------+--------------------------------------+-----------------------------+-----------------------------+----------------------------+----------------------------+-----------------------------+-----------------------------+--------------------+--------------------+-------------------------------------+-------------------------------------+----------------------------+----------------------------+---------------------------+---------------------------+


+-------------------------------------------------------------------------------------------------------------------------------------------------------------------------------------------------------------------------------------------------------------------------------------------------------------------------------------------------------------------------------------------------------------------------------------------------------------------------------------------------------------------------------------------------------------------------------------------------------------------------------------------------------------------------------------------+
; Signal Integrity Metrics (Slow 1200mv 85c Model)                                                                                                                                                                                                                                                                                                                                                                                                                                                                                                                                                                                                                                          ;
+--------------+--------------+---------------------+---------------------+------------------------------+------------------------------+---------------------+---------------------+--------------------------------------+--------------------------------------+-----------------------------+-----------------------------+----------------------------+----------------------------+-----------------------------+-----------------------------+--------------------+--------------------+-------------------------------------+-------------------------------------+----------------------------+----------------------------+---------------------------+---------------------------+
; Pin          ; I/O Standard ; Board Delay on Rise ; Board Delay on Fall ; Steady State Voh at FPGA Pin ; Steady State Vol at FPGA Pin ; Voh Max at FPGA Pin ; Vol Min at FPGA Pin ; Ringback Voltage on Rise at FPGA Pin ; Ringback Voltage on Fall at FPGA Pin ; 10-90 Rise Time at FPGA Pin ; 90-10 Fall Time at FPGA Pin ; Monotonic Rise at FPGA Pin ; Monotonic Fall at FPGA Pin ; Steady State Voh at Far-end ; Steady State Vol at Far-end ; Voh Max at Far-end ; Vol Min at Far-end ; Ringback Voltage on Rise at Far-end ; Ringback Voltage on Fall at Far-end ; 10-90 Rise Time at Far-end ; 90-10 Fall Time at Far-end ; Monotonic Rise at Far-end ; Monotonic Fall at Far-end ;
+--------------+--------------+---------------------+---------------------+------------------------------+------------------------------+---------------------+---------------------+--------------------------------------+--------------------------------------+-----------------------------+-----------------------------+----------------------------+----------------------------+-----------------------------+-----------------------------+--------------------+--------------------+-------------------------------------+-------------------------------------+----------------------------+----------------------------+---------------------------+---------------------------+
; HEX0[0]      ; 3.3-V LVTTL  ; 0 s                 ; 0 s                 ; 3.08 V                       ; 3.41e-06 V                   ; 3.16 V              ; -0.0688 V           ; 0.26 V                               ; 0.209 V                              ; 4.69e-10 s                  ; 6.21e-10 s                  ; No                         ; No                         ; 3.08 V                      ; 3.41e-06 V                  ; 3.16 V             ; -0.0688 V          ; 0.26 V                              ; 0.209 V                             ; 4.69e-10 s                 ; 6.21e-10 s                 ; No                        ; No                        ;
; HEX0[1]      ; 3.3-V LVTTL  ; 0 s                 ; 0 s                 ; 3.08 V                       ; 3.41e-06 V                   ; 3.16 V              ; -0.0694 V           ; 0.259 V                              ; 0.209 V                              ; 4.69e-10 s                  ; 6.21e-10 s                  ; No                         ; No                         ; 3.08 V                      ; 3.41e-06 V                  ; 3.16 V             ; -0.0694 V          ; 0.259 V                             ; 0.209 V                             ; 4.69e-10 s                 ; 6.21e-10 s                 ; No                        ; No                        ;
; HEX0[2]      ; 3.3-V LVTTL  ; 0 s                 ; 0 s                 ; 3.08 V                       ; 3.41e-06 V                   ; 3.16 V              ; -0.0694 V           ; 0.259 V                              ; 0.209 V                              ; 4.69e-10 s                  ; 6.21e-10 s                  ; No                         ; No                         ; 3.08 V                      ; 3.41e-06 V                  ; 3.16 V             ; -0.0694 V          ; 0.259 V                             ; 0.209 V                             ; 4.69e-10 s                 ; 6.21e-10 s                 ; No                        ; No                        ;
; HEX0[3]      ; 3.3-V LVTTL  ; 0 s                 ; 0 s                 ; 3.08 V                       ; 3.41e-06 V                   ; 3.16 V              ; -0.0688 V           ; 0.26 V                               ; 0.209 V                              ; 4.69e-10 s                  ; 6.21e-10 s                  ; No                         ; No                         ; 3.08 V                      ; 3.41e-06 V                  ; 3.16 V             ; -0.0688 V          ; 0.26 V                              ; 0.209 V                             ; 4.69e-10 s                 ; 6.21e-10 s                 ; No                        ; No                        ;
; HEX0[4]      ; 3.3-V LVTTL  ; 0 s                 ; 0 s                 ; 3.08 V                       ; 3.41e-06 V                   ; 3.16 V              ; -0.0688 V           ; 0.26 V                               ; 0.209 V                              ; 4.69e-10 s                  ; 6.21e-10 s                  ; No                         ; No                         ; 3.08 V                      ; 3.41e-06 V                  ; 3.16 V             ; -0.0688 V          ; 0.26 V                              ; 0.209 V                             ; 4.69e-10 s                 ; 6.21e-10 s                 ; No                        ; No                        ;
; HEX0[5]      ; 3.3-V LVTTL  ; 0 s                 ; 0 s                 ; 3.08 V                       ; 3.41e-06 V                   ; 3.16 V              ; -0.0688 V           ; 0.26 V                               ; 0.209 V                              ; 4.69e-10 s                  ; 6.21e-10 s                  ; No                         ; No                         ; 3.08 V                      ; 3.41e-06 V                  ; 3.16 V             ; -0.0688 V          ; 0.26 V                              ; 0.209 V                             ; 4.69e-10 s                 ; 6.21e-10 s                 ; No                        ; No                        ;
; HEX0[6]      ; 3.3-V LVTTL  ; 0 s                 ; 0 s                 ; 3.08 V                       ; 3.41e-06 V                   ; 3.16 V              ; -0.0694 V           ; 0.259 V                              ; 0.209 V                              ; 4.69e-10 s                  ; 6.21e-10 s                  ; No                         ; No                         ; 3.08 V                      ; 3.41e-06 V                  ; 3.16 V             ; -0.0694 V          ; 0.259 V                             ; 0.209 V                             ; 4.69e-10 s                 ; 6.21e-10 s                 ; No                        ; No                        ;
; HEX1[0]      ; 3.3-V LVTTL  ; 0 s                 ; 0 s                 ; 3.08 V                       ; 3.41e-06 V                   ; 3.16 V              ; -0.0688 V           ; 0.26 V                               ; 0.209 V                              ; 4.69e-10 s                  ; 6.21e-10 s                  ; No                         ; No                         ; 3.08 V                      ; 3.41e-06 V                  ; 3.16 V             ; -0.0688 V          ; 0.26 V                              ; 0.209 V                             ; 4.69e-10 s                 ; 6.21e-10 s                 ; No                        ; No                        ;
; HEX1[1]      ; 3.3-V LVTTL  ; 0 s                 ; 0 s                 ; 3.08 V                       ; 3.41e-06 V                   ; 3.16 V              ; -0.0688 V           ; 0.26 V                               ; 0.209 V                              ; 4.69e-10 s                  ; 6.21e-10 s                  ; No                         ; No                         ; 3.08 V                      ; 3.41e-06 V                  ; 3.16 V             ; -0.0688 V          ; 0.26 V                              ; 0.209 V                             ; 4.69e-10 s                 ; 6.21e-10 s                 ; No                        ; No                        ;
; HEX1[2]      ; 3.3-V LVTTL  ; 0 s                 ; 0 s                 ; 3.08 V                       ; 3.41e-06 V                   ; 3.16 V              ; -0.0694 V           ; 0.259 V                              ; 0.209 V                              ; 4.69e-10 s                  ; 6.21e-10 s                  ; No                         ; No                         ; 3.08 V                      ; 3.41e-06 V                  ; 3.16 V             ; -0.0694 V          ; 0.259 V                             ; 0.209 V                             ; 4.69e-10 s                 ; 6.21e-10 s                 ; No                        ; No                        ;
; HEX1[3]      ; 3.3-V LVTTL  ; 0 s                 ; 0 s                 ; 3.08 V                       ; 3.41e-06 V                   ; 3.16 V              ; -0.0688 V           ; 0.26 V                               ; 0.209 V                              ; 4.69e-10 s                  ; 6.21e-10 s                  ; No                         ; No                         ; 3.08 V                      ; 3.41e-06 V                  ; 3.16 V             ; -0.0688 V          ; 0.26 V                              ; 0.209 V                             ; 4.69e-10 s                 ; 6.21e-10 s                 ; No                        ; No                        ;
; HEX1[4]      ; 3.3-V LVTTL  ; 0 s                 ; 0 s                 ; 3.08 V                       ; 3.41e-06 V                   ; 3.16 V              ; -0.0694 V           ; 0.259 V                              ; 0.209 V                              ; 4.69e-10 s                  ; 6.21e-10 s                  ; No                         ; No                         ; 3.08 V                      ; 3.41e-06 V                  ; 3.16 V             ; -0.0694 V          ; 0.259 V                             ; 0.209 V                             ; 4.69e-10 s                 ; 6.21e-10 s                 ; No                        ; No                        ;
; HEX1[5]      ; 3.3-V LVTTL  ; 0 s                 ; 0 s                 ; 3.08 V                       ; 3.41e-06 V                   ; 3.16 V              ; -0.0688 V           ; 0.26 V                               ; 0.209 V                              ; 4.69e-10 s                  ; 6.21e-10 s                  ; No                         ; No                         ; 3.08 V                      ; 3.41e-06 V                  ; 3.16 V             ; -0.0688 V          ; 0.26 V                              ; 0.209 V                             ; 4.69e-10 s                 ; 6.21e-10 s                 ; No                        ; No                        ;
; HEX1[6]      ; 3.3-V LVTTL  ; 0 s                 ; 0 s                 ; 3.08 V                       ; 3.41e-06 V                   ; 3.16 V              ; -0.0694 V           ; 0.259 V                              ; 0.209 V                              ; 4.69e-10 s                  ; 6.21e-10 s                  ; No                         ; No                         ; 3.08 V                      ; 3.41e-06 V                  ; 3.16 V             ; -0.0694 V          ; 0.259 V                             ; 0.209 V                             ; 4.69e-10 s                 ; 6.21e-10 s                 ; No                        ; No                        ;
; HEX2[0]      ; 3.3-V LVTTL  ; 0 s                 ; 0 s                 ; 3.08 V                       ; 3.41e-06 V                   ; 3.16 V              ; -0.0688 V           ; 0.26 V                               ; 0.209 V                              ; 4.69e-10 s                  ; 6.21e-10 s                  ; No                         ; No                         ; 3.08 V                      ; 3.41e-06 V                  ; 3.16 V             ; -0.0688 V          ; 0.26 V                              ; 0.209 V                             ; 4.69e-10 s                 ; 6.21e-10 s                 ; No                        ; No                        ;
; HEX2[1]      ; 3.3-V LVTTL  ; 0 s                 ; 0 s                 ; 3.08 V                       ; 3.41e-06 V                   ; 3.16 V              ; -0.0688 V           ; 0.26 V                               ; 0.209 V                              ; 4.69e-10 s                  ; 6.21e-10 s                  ; No                         ; No                         ; 3.08 V                      ; 3.41e-06 V                  ; 3.16 V             ; -0.0688 V          ; 0.26 V                              ; 0.209 V                             ; 4.69e-10 s                 ; 6.21e-10 s                 ; No                        ; No                        ;
; HEX2[2]      ; 3.3-V LVTTL  ; 0 s                 ; 0 s                 ; 3.08 V                       ; 3.41e-06 V                   ; 3.16 V              ; -0.0694 V           ; 0.259 V                              ; 0.209 V                              ; 4.69e-10 s                  ; 6.21e-10 s                  ; No                         ; No                         ; 3.08 V                      ; 3.41e-06 V                  ; 3.16 V             ; -0.0694 V          ; 0.259 V                             ; 0.209 V                             ; 4.69e-10 s                 ; 6.21e-10 s                 ; No                        ; No                        ;
; HEX2[3]      ; 3.3-V LVTTL  ; 0 s                 ; 0 s                 ; 3.08 V                       ; 3.41e-06 V                   ; 3.16 V              ; -0.0694 V           ; 0.259 V                              ; 0.209 V                              ; 4.69e-10 s                  ; 6.21e-10 s                  ; No                         ; No                         ; 3.08 V                      ; 3.41e-06 V                  ; 3.16 V             ; -0.0694 V          ; 0.259 V                             ; 0.209 V                             ; 4.69e-10 s                 ; 6.21e-10 s                 ; No                        ; No                        ;
; HEX2[4]      ; 3.3-V LVTTL  ; 0 s                 ; 0 s                 ; 3.08 V                       ; 3.41e-06 V                   ; 3.16 V              ; -0.0694 V           ; 0.259 V                              ; 0.209 V                              ; 4.69e-10 s                  ; 6.21e-10 s                  ; No                         ; No                         ; 3.08 V                      ; 3.41e-06 V                  ; 3.16 V             ; -0.0694 V          ; 0.259 V                             ; 0.209 V                             ; 4.69e-10 s                 ; 6.21e-10 s                 ; No                        ; No                        ;
; HEX2[5]      ; 3.3-V LVTTL  ; 0 s                 ; 0 s                 ; 3.08 V                       ; 3.41e-06 V                   ; 3.16 V              ; -0.0694 V           ; 0.259 V                              ; 0.209 V                              ; 4.69e-10 s                  ; 6.21e-10 s                  ; No                         ; No                         ; 3.08 V                      ; 3.41e-06 V                  ; 3.16 V             ; -0.0694 V          ; 0.259 V                             ; 0.209 V                             ; 4.69e-10 s                 ; 6.21e-10 s                 ; No                        ; No                        ;
; HEX2[6]      ; 3.3-V LVTTL  ; 0 s                 ; 0 s                 ; 3.08 V                       ; 3.41e-06 V                   ; 3.16 V              ; -0.0688 V           ; 0.26 V                               ; 0.209 V                              ; 4.69e-10 s                  ; 6.21e-10 s                  ; No                         ; No                         ; 3.08 V                      ; 3.41e-06 V                  ; 3.16 V             ; -0.0688 V          ; 0.26 V                              ; 0.209 V                             ; 4.69e-10 s                 ; 6.21e-10 s                 ; No                        ; No                        ;
; HEX3[0]      ; 3.3-V LVTTL  ; 0 s                 ; 0 s                 ; 3.08 V                       ; 3.41e-06 V                   ; 3.16 V              ; -0.0688 V           ; 0.26 V                               ; 0.209 V                              ; 4.69e-10 s                  ; 6.21e-10 s                  ; No                         ; No                         ; 3.08 V                      ; 3.41e-06 V                  ; 3.16 V             ; -0.0688 V          ; 0.26 V                              ; 0.209 V                             ; 4.69e-10 s                 ; 6.21e-10 s                 ; No                        ; No                        ;
; HEX3[1]      ; 3.3-V LVTTL  ; 0 s                 ; 0 s                 ; 3.08 V                       ; 3.41e-06 V                   ; 3.16 V              ; -0.0688 V           ; 0.26 V                               ; 0.209 V                              ; 4.69e-10 s                  ; 6.21e-10 s                  ; No                         ; No                         ; 3.08 V                      ; 3.41e-06 V                  ; 3.16 V             ; -0.0688 V          ; 0.26 V                              ; 0.209 V                             ; 4.69e-10 s                 ; 6.21e-10 s                 ; No                        ; No                        ;
; HEX3[2]      ; 3.3-V LVTTL  ; 0 s                 ; 0 s                 ; 3.08 V                       ; 3.41e-06 V                   ; 3.16 V              ; -0.0694 V           ; 0.259 V                              ; 0.209 V                              ; 4.69e-10 s                  ; 6.21e-10 s                  ; No                         ; No                         ; 3.08 V                      ; 3.41e-06 V                  ; 3.16 V             ; -0.0694 V          ; 0.259 V                             ; 0.209 V                             ; 4.69e-10 s                 ; 6.21e-10 s                 ; No                        ; No                        ;
; HEX3[3]      ; 3.3-V LVTTL  ; 0 s                 ; 0 s                 ; 3.08 V                       ; 3.41e-06 V                   ; 3.16 V              ; -0.0688 V           ; 0.26 V                               ; 0.209 V                              ; 4.69e-10 s                  ; 6.21e-10 s                  ; No                         ; No                         ; 3.08 V                      ; 3.41e-06 V                  ; 3.16 V             ; -0.0688 V          ; 0.26 V                              ; 0.209 V                             ; 4.69e-10 s                 ; 6.21e-10 s                 ; No                        ; No                        ;
; HEX3[4]      ; 3.3-V LVTTL  ; 0 s                 ; 0 s                 ; 3.08 V                       ; 3.41e-06 V                   ; 3.16 V              ; -0.0688 V           ; 0.26 V                               ; 0.209 V                              ; 4.69e-10 s                  ; 6.21e-10 s                  ; No                         ; No                         ; 3.08 V                      ; 3.41e-06 V                  ; 3.16 V             ; -0.0688 V          ; 0.26 V                              ; 0.209 V                             ; 4.69e-10 s                 ; 6.21e-10 s                 ; No                        ; No                        ;
; HEX3[5]      ; 3.3-V LVTTL  ; 0 s                 ; 0 s                 ; 3.08 V                       ; 3.41e-06 V                   ; 3.16 V              ; -0.0694 V           ; 0.259 V                              ; 0.209 V                              ; 4.69e-10 s                  ; 6.21e-10 s                  ; No                         ; No                         ; 3.08 V                      ; 3.41e-06 V                  ; 3.16 V             ; -0.0694 V          ; 0.259 V                             ; 0.209 V                             ; 4.69e-10 s                 ; 6.21e-10 s                 ; No                        ; No                        ;
; HEX3[6]      ; 3.3-V LVTTL  ; 0 s                 ; 0 s                 ; 3.08 V                       ; 3.41e-06 V                   ; 3.16 V              ; -0.0694 V           ; 0.259 V                              ; 0.209 V                              ; 4.69e-10 s                  ; 6.21e-10 s                  ; No                         ; No                         ; 3.08 V                      ; 3.41e-06 V                  ; 3.16 V             ; -0.0694 V          ; 0.259 V                             ; 0.209 V                             ; 4.69e-10 s                 ; 6.21e-10 s                 ; No                        ; No                        ;
; HEX4[0]      ; 3.3-V LVTTL  ; 0 s                 ; 0 s                 ; 3.08 V                       ; 3.41e-06 V                   ; 3.16 V              ; -0.0694 V           ; 0.259 V                              ; 0.209 V                              ; 4.69e-10 s                  ; 6.21e-10 s                  ; No                         ; No                         ; 3.08 V                      ; 3.41e-06 V                  ; 3.16 V             ; -0.0694 V          ; 0.259 V                             ; 0.209 V                             ; 4.69e-10 s                 ; 6.21e-10 s                 ; No                        ; No                        ;
; HEX4[1]      ; 3.3-V LVTTL  ; 0 s                 ; 0 s                 ; 3.08 V                       ; 3.41e-06 V                   ; 3.16 V              ; -0.0694 V           ; 0.259 V                              ; 0.209 V                              ; 4.69e-10 s                  ; 6.21e-10 s                  ; No                         ; No                         ; 3.08 V                      ; 3.41e-06 V                  ; 3.16 V             ; -0.0694 V          ; 0.259 V                             ; 0.209 V                             ; 4.69e-10 s                 ; 6.21e-10 s                 ; No                        ; No                        ;
; HEX4[2]      ; 3.3-V LVTTL  ; 0 s                 ; 0 s                 ; 3.08 V                       ; 3.41e-06 V                   ; 3.16 V              ; -0.0688 V           ; 0.26 V                               ; 0.209 V                              ; 4.69e-10 s                  ; 6.21e-10 s                  ; No                         ; No                         ; 3.08 V                      ; 3.41e-06 V                  ; 3.16 V             ; -0.0688 V          ; 0.26 V                              ; 0.209 V                             ; 4.69e-10 s                 ; 6.21e-10 s                 ; No                        ; No                        ;
; HEX4[3]      ; 3.3-V LVTTL  ; 0 s                 ; 0 s                 ; 3.08 V                       ; 3.41e-06 V                   ; 3.16 V              ; -0.0694 V           ; 0.259 V                              ; 0.209 V                              ; 4.69e-10 s                  ; 6.21e-10 s                  ; No                         ; No                         ; 3.08 V                      ; 3.41e-06 V                  ; 3.16 V             ; -0.0694 V          ; 0.259 V                             ; 0.209 V                             ; 4.69e-10 s                 ; 6.21e-10 s                 ; No                        ; No                        ;
; HEX4[4]      ; 3.3-V LVTTL  ; 0 s                 ; 0 s                 ; 3.08 V                       ; 3.41e-06 V                   ; 3.16 V              ; -0.0688 V           ; 0.26 V                               ; 0.209 V                              ; 4.69e-10 s                  ; 6.21e-10 s                  ; No                         ; No                         ; 3.08 V                      ; 3.41e-06 V                  ; 3.16 V             ; -0.0688 V          ; 0.26 V                              ; 0.209 V                             ; 4.69e-10 s                 ; 6.21e-10 s                 ; No                        ; No                        ;
; HEX4[5]      ; 3.3-V LVTTL  ; 0 s                 ; 0 s                 ; 3.08 V                       ; 3.41e-06 V                   ; 3.16 V              ; -0.0688 V           ; 0.26 V                               ; 0.209 V                              ; 4.69e-10 s                  ; 6.21e-10 s                  ; No                         ; No                         ; 3.08 V                      ; 3.41e-06 V                  ; 3.16 V             ; -0.0688 V          ; 0.26 V                              ; 0.209 V                             ; 4.69e-10 s                 ; 6.21e-10 s                 ; No                        ; No                        ;
; HEX4[6]      ; 3.3-V LVTTL  ; 0 s                 ; 0 s                 ; 3.08 V                       ; 3.41e-06 V                   ; 3.16 V              ; -0.0694 V           ; 0.259 V                              ; 0.209 V                              ; 4.69e-10 s                  ; 6.21e-10 s                  ; No                         ; No                         ; 3.08 V                      ; 3.41e-06 V                  ; 3.16 V             ; -0.0694 V          ; 0.259 V                             ; 0.209 V                             ; 4.69e-10 s                 ; 6.21e-10 s                 ; No                        ; No                        ;
; HEX5[0]      ; 3.3-V LVTTL  ; 0 s                 ; 0 s                 ; 3.08 V                       ; 3.41e-06 V                   ; 3.16 V              ; -0.0688 V           ; 0.26 V                               ; 0.209 V                              ; 4.69e-10 s                  ; 6.21e-10 s                  ; No                         ; No                         ; 3.08 V                      ; 3.41e-06 V                  ; 3.16 V             ; -0.0688 V          ; 0.26 V                              ; 0.209 V                             ; 4.69e-10 s                 ; 6.21e-10 s                 ; No                        ; No                        ;
; HEX5[1]      ; 3.3-V LVTTL  ; 0 s                 ; 0 s                 ; 3.08 V                       ; 3.41e-06 V                   ; 3.16 V              ; -0.0694 V           ; 0.259 V                              ; 0.209 V                              ; 4.69e-10 s                  ; 6.21e-10 s                  ; No                         ; No                         ; 3.08 V                      ; 3.41e-06 V                  ; 3.16 V             ; -0.0694 V          ; 0.259 V                             ; 0.209 V                             ; 4.69e-10 s                 ; 6.21e-10 s                 ; No                        ; No                        ;
; HEX5[2]      ; 3.3-V LVTTL  ; 0 s                 ; 0 s                 ; 3.08 V                       ; 3.41e-06 V                   ; 3.16 V              ; -0.0694 V           ; 0.259 V                              ; 0.209 V                              ; 4.69e-10 s                  ; 6.21e-10 s                  ; No                         ; No                         ; 3.08 V                      ; 3.41e-06 V                  ; 3.16 V             ; -0.0694 V          ; 0.259 V                             ; 0.209 V                             ; 4.69e-10 s                 ; 6.21e-10 s                 ; No                        ; No                        ;
; HEX5[3]      ; 3.3-V LVTTL  ; 0 s                 ; 0 s                 ; 3.08 V                       ; 3.41e-06 V                   ; 3.16 V              ; -0.0688 V           ; 0.26 V                               ; 0.209 V                              ; 4.69e-10 s                  ; 6.21e-10 s                  ; No                         ; No                         ; 3.08 V                      ; 3.41e-06 V                  ; 3.16 V             ; -0.0688 V          ; 0.26 V                              ; 0.209 V                             ; 4.69e-10 s                 ; 6.21e-10 s                 ; No                        ; No                        ;
; HEX5[4]      ; 3.3-V LVTTL  ; 0 s                 ; 0 s                 ; 3.08 V                       ; 3.41e-06 V                   ; 3.16 V              ; -0.0688 V           ; 0.26 V                               ; 0.209 V                              ; 4.69e-10 s                  ; 6.21e-10 s                  ; No                         ; No                         ; 3.08 V                      ; 3.41e-06 V                  ; 3.16 V             ; -0.0688 V          ; 0.26 V                              ; 0.209 V                             ; 4.69e-10 s                 ; 6.21e-10 s                 ; No                        ; No                        ;
; HEX5[5]      ; 3.3-V LVTTL  ; 0 s                 ; 0 s                 ; 3.08 V                       ; 3.41e-06 V                   ; 3.16 V              ; -0.0694 V           ; 0.259 V                              ; 0.209 V                              ; 4.69e-10 s                  ; 6.21e-10 s                  ; No                         ; No                         ; 3.08 V                      ; 3.41e-06 V                  ; 3.16 V             ; -0.0694 V          ; 0.259 V                             ; 0.209 V                             ; 4.69e-10 s                 ; 6.21e-10 s                 ; No                        ; No                        ;
; HEX5[6]      ; 3.3-V LVTTL  ; 0 s                 ; 0 s                 ; 3.08 V                       ; 3.41e-06 V                   ; 3.16 V              ; -0.0694 V           ; 0.259 V                              ; 0.209 V                              ; 4.69e-10 s                  ; 6.21e-10 s                  ; No                         ; No                         ; 3.08 V                      ; 3.41e-06 V                  ; 3.16 V             ; -0.0694 V          ; 0.259 V                             ; 0.209 V                             ; 4.69e-10 s                 ; 6.21e-10 s                 ; No                        ; No                        ;
; ~ALTERA_TDO~ ; 2.5 V        ; 0 s                 ; 0 s                 ; 2.32 V                       ; 1.97e-06 V                   ; 2.36 V              ; -0.0173 V           ; 0.144 V                              ; 0.094 V                              ; 6.44e-10 s                  ; 7.2e-10 s                   ; No                         ; Yes                        ; 2.32 V                      ; 1.97e-06 V                  ; 2.36 V             ; -0.0173 V          ; 0.144 V                             ; 0.094 V                             ; 6.44e-10 s                 ; 7.2e-10 s                  ; No                        ; Yes                       ;
+--------------+--------------+---------------------+---------------------+------------------------------+------------------------------+---------------------+---------------------+--------------------------------------+--------------------------------------+-----------------------------+-----------------------------+----------------------------+----------------------------+-----------------------------+-----------------------------+--------------------+--------------------+-------------------------------------+-------------------------------------+----------------------------+----------------------------+---------------------------+---------------------------+


+-------------------------------------------------------------------------------------------------------------------------------------------------------------------------------------------------------------------------------------------------------------------------------------------------------------------------------------------------------------------------------------------------------------------------------------------------------------------------------------------------------------------------------------------------------------------------------------------------------------------------------------------------------------------------------------------+
; Signal Integrity Metrics (Fast 1200mv 0c Model)                                                                                                                                                                                                                                                                                                                                                                                                                                                                                                                                                                                                                                           ;
+--------------+--------------+---------------------+---------------------+------------------------------+------------------------------+---------------------+---------------------+--------------------------------------+--------------------------------------+-----------------------------+-----------------------------+----------------------------+----------------------------+-----------------------------+-----------------------------+--------------------+--------------------+-------------------------------------+-------------------------------------+----------------------------+----------------------------+---------------------------+---------------------------+
; Pin          ; I/O Standard ; Board Delay on Rise ; Board Delay on Fall ; Steady State Voh at FPGA Pin ; Steady State Vol at FPGA Pin ; Voh Max at FPGA Pin ; Vol Min at FPGA Pin ; Ringback Voltage on Rise at FPGA Pin ; Ringback Voltage on Fall at FPGA Pin ; 10-90 Rise Time at FPGA Pin ; 90-10 Fall Time at FPGA Pin ; Monotonic Rise at FPGA Pin ; Monotonic Fall at FPGA Pin ; Steady State Voh at Far-end ; Steady State Vol at Far-end ; Voh Max at Far-end ; Vol Min at Far-end ; Ringback Voltage on Rise at Far-end ; Ringback Voltage on Fall at Far-end ; 10-90 Rise Time at Far-end ; 90-10 Fall Time at Far-end ; Monotonic Rise at Far-end ; Monotonic Fall at Far-end ;
+--------------+--------------+---------------------+---------------------+------------------------------+------------------------------+---------------------+---------------------+--------------------------------------+--------------------------------------+-----------------------------+-----------------------------+----------------------------+----------------------------+-----------------------------+-----------------------------+--------------------+--------------------+-------------------------------------+-------------------------------------+----------------------------+----------------------------+---------------------------+---------------------------+
; HEX0[0]      ; 3.3-V LVTTL  ; 0 s                 ; 0 s                 ; 3.46 V                       ; 5.04e-07 V                   ; 3.64 V              ; -0.0201 V           ; 0.391 V                              ; 0.088 V                              ; 2.79e-10 s                  ; 3.95e-10 s                  ; No                         ; Yes                        ; 3.46 V                      ; 5.04e-07 V                  ; 3.64 V             ; -0.0201 V          ; 0.391 V                             ; 0.088 V                             ; 2.79e-10 s                 ; 3.95e-10 s                 ; No                        ; Yes                       ;
; HEX0[1]      ; 3.3-V LVTTL  ; 0 s                 ; 0 s                 ; 3.46 V                       ; 5.04e-07 V                   ; 3.65 V              ; -0.0209 V           ; 0.391 V                              ; 0.09 V                               ; 2.79e-10 s                  ; 3.95e-10 s                  ; No                         ; Yes                        ; 3.46 V                      ; 5.04e-07 V                  ; 3.65 V             ; -0.0209 V          ; 0.391 V                             ; 0.09 V                              ; 2.79e-10 s                 ; 3.95e-10 s                 ; No                        ; Yes                       ;
; HEX0[2]      ; 3.3-V LVTTL  ; 0 s                 ; 0 s                 ; 3.46 V                       ; 5.04e-07 V                   ; 3.65 V              ; -0.0209 V           ; 0.391 V                              ; 0.09 V                               ; 2.79e-10 s                  ; 3.95e-10 s                  ; No                         ; Yes                        ; 3.46 V                      ; 5.04e-07 V                  ; 3.65 V             ; -0.0209 V          ; 0.391 V                             ; 0.09 V                              ; 2.79e-10 s                 ; 3.95e-10 s                 ; No                        ; Yes                       ;
; HEX0[3]      ; 3.3-V LVTTL  ; 0 s                 ; 0 s                 ; 3.46 V                       ; 5.04e-07 V                   ; 3.64 V              ; -0.0201 V           ; 0.391 V                              ; 0.088 V                              ; 2.79e-10 s                  ; 3.95e-10 s                  ; No                         ; Yes                        ; 3.46 V                      ; 5.04e-07 V                  ; 3.64 V             ; -0.0201 V          ; 0.391 V                             ; 0.088 V                             ; 2.79e-10 s                 ; 3.95e-10 s                 ; No                        ; Yes                       ;
; HEX0[4]      ; 3.3-V LVTTL  ; 0 s                 ; 0 s                 ; 3.46 V                       ; 5.04e-07 V                   ; 3.64 V              ; -0.0201 V           ; 0.391 V                              ; 0.088 V                              ; 2.79e-10 s                  ; 3.95e-10 s                  ; No                         ; Yes                        ; 3.46 V                      ; 5.04e-07 V                  ; 3.64 V             ; -0.0201 V          ; 0.391 V                             ; 0.088 V                             ; 2.79e-10 s                 ; 3.95e-10 s                 ; No                        ; Yes                       ;
; HEX0[5]      ; 3.3-V LVTTL  ; 0 s                 ; 0 s                 ; 3.46 V                       ; 5.04e-07 V                   ; 3.64 V              ; -0.0201 V           ; 0.391 V                              ; 0.088 V                              ; 2.79e-10 s                  ; 3.95e-10 s                  ; No                         ; Yes                        ; 3.46 V                      ; 5.04e-07 V                  ; 3.64 V             ; -0.0201 V          ; 0.391 V                             ; 0.088 V                             ; 2.79e-10 s                 ; 3.95e-10 s                 ; No                        ; Yes                       ;
; HEX0[6]      ; 3.3-V LVTTL  ; 0 s                 ; 0 s                 ; 3.46 V                       ; 5.04e-07 V                   ; 3.65 V              ; -0.0209 V           ; 0.391 V                              ; 0.09 V                               ; 2.79e-10 s                  ; 3.95e-10 s                  ; No                         ; Yes                        ; 3.46 V                      ; 5.04e-07 V                  ; 3.65 V             ; -0.0209 V          ; 0.391 V                             ; 0.09 V                              ; 2.79e-10 s                 ; 3.95e-10 s                 ; No                        ; Yes                       ;
; HEX1[0]      ; 3.3-V LVTTL  ; 0 s                 ; 0 s                 ; 3.46 V                       ; 5.04e-07 V                   ; 3.64 V              ; -0.0201 V           ; 0.391 V                              ; 0.088 V                              ; 2.79e-10 s                  ; 3.95e-10 s                  ; No                         ; Yes                        ; 3.46 V                      ; 5.04e-07 V                  ; 3.64 V             ; -0.0201 V          ; 0.391 V                             ; 0.088 V                             ; 2.79e-10 s                 ; 3.95e-10 s                 ; No                        ; Yes                       ;
; HEX1[1]      ; 3.3-V LVTTL  ; 0 s                 ; 0 s                 ; 3.46 V                       ; 5.04e-07 V                   ; 3.64 V              ; -0.0201 V           ; 0.391 V                              ; 0.088 V                              ; 2.79e-10 s                  ; 3.95e-10 s                  ; No                         ; Yes                        ; 3.46 V                      ; 5.04e-07 V                  ; 3.64 V             ; -0.0201 V          ; 0.391 V                             ; 0.088 V                             ; 2.79e-10 s                 ; 3.95e-10 s                 ; No                        ; Yes                       ;
; HEX1[2]      ; 3.3-V LVTTL  ; 0 s                 ; 0 s                 ; 3.46 V                       ; 5.04e-07 V                   ; 3.65 V              ; -0.0209 V           ; 0.391 V                              ; 0.09 V                               ; 2.79e-10 s                  ; 3.95e-10 s                  ; No                         ; Yes                        ; 3.46 V                      ; 5.04e-07 V                  ; 3.65 V             ; -0.0209 V          ; 0.391 V                             ; 0.09 V                              ; 2.79e-10 s                 ; 3.95e-10 s                 ; No                        ; Yes                       ;
; HEX1[3]      ; 3.3-V LVTTL  ; 0 s                 ; 0 s                 ; 3.46 V                       ; 5.04e-07 V                   ; 3.64 V              ; -0.0201 V           ; 0.391 V                              ; 0.088 V                              ; 2.79e-10 s                  ; 3.95e-10 s                  ; No                         ; Yes                        ; 3.46 V                      ; 5.04e-07 V                  ; 3.64 V             ; -0.0201 V          ; 0.391 V                             ; 0.088 V                             ; 2.79e-10 s                 ; 3.95e-10 s                 ; No                        ; Yes                       ;
; HEX1[4]      ; 3.3-V LVTTL  ; 0 s                 ; 0 s                 ; 3.46 V                       ; 5.04e-07 V                   ; 3.65 V              ; -0.0209 V           ; 0.391 V                              ; 0.09 V                               ; 2.79e-10 s                  ; 3.95e-10 s                  ; No                         ; Yes                        ; 3.46 V                      ; 5.04e-07 V                  ; 3.65 V             ; -0.0209 V          ; 0.391 V                             ; 0.09 V                              ; 2.79e-10 s                 ; 3.95e-10 s                 ; No                        ; Yes                       ;
; HEX1[5]      ; 3.3-V LVTTL  ; 0 s                 ; 0 s                 ; 3.46 V                       ; 5.04e-07 V                   ; 3.64 V              ; -0.0201 V           ; 0.391 V                              ; 0.088 V                              ; 2.79e-10 s                  ; 3.95e-10 s                  ; No                         ; Yes                        ; 3.46 V                      ; 5.04e-07 V                  ; 3.64 V             ; -0.0201 V          ; 0.391 V                             ; 0.088 V                             ; 2.79e-10 s                 ; 3.95e-10 s                 ; No                        ; Yes                       ;
; HEX1[6]      ; 3.3-V LVTTL  ; 0 s                 ; 0 s                 ; 3.46 V                       ; 5.04e-07 V                   ; 3.65 V              ; -0.0209 V           ; 0.391 V                              ; 0.09 V                               ; 2.79e-10 s                  ; 3.95e-10 s                  ; No                         ; Yes                        ; 3.46 V                      ; 5.04e-07 V                  ; 3.65 V             ; -0.0209 V          ; 0.391 V                             ; 0.09 V                              ; 2.79e-10 s                 ; 3.95e-10 s                 ; No                        ; Yes                       ;
; HEX2[0]      ; 3.3-V LVTTL  ; 0 s                 ; 0 s                 ; 3.46 V                       ; 5.04e-07 V                   ; 3.64 V              ; -0.0201 V           ; 0.391 V                              ; 0.088 V                              ; 2.79e-10 s                  ; 3.95e-10 s                  ; No                         ; Yes                        ; 3.46 V                      ; 5.04e-07 V                  ; 3.64 V             ; -0.0201 V          ; 0.391 V                             ; 0.088 V                             ; 2.79e-10 s                 ; 3.95e-10 s                 ; No                        ; Yes                       ;
; HEX2[1]      ; 3.3-V LVTTL  ; 0 s                 ; 0 s                 ; 3.46 V                       ; 5.04e-07 V                   ; 3.64 V              ; -0.0201 V           ; 0.391 V                              ; 0.088 V                              ; 2.79e-10 s                  ; 3.95e-10 s                  ; No                         ; Yes                        ; 3.46 V                      ; 5.04e-07 V                  ; 3.64 V             ; -0.0201 V          ; 0.391 V                             ; 0.088 V                             ; 2.79e-10 s                 ; 3.95e-10 s                 ; No                        ; Yes                       ;
; HEX2[2]      ; 3.3-V LVTTL  ; 0 s                 ; 0 s                 ; 3.46 V                       ; 5.04e-07 V                   ; 3.65 V              ; -0.0209 V           ; 0.391 V                              ; 0.09 V                               ; 2.79e-10 s                  ; 3.95e-10 s                  ; No                         ; Yes                        ; 3.46 V                      ; 5.04e-07 V                  ; 3.65 V             ; -0.0209 V          ; 0.391 V                             ; 0.09 V                              ; 2.79e-10 s                 ; 3.95e-10 s                 ; No                        ; Yes                       ;
; HEX2[3]      ; 3.3-V LVTTL  ; 0 s                 ; 0 s                 ; 3.46 V                       ; 5.04e-07 V                   ; 3.65 V              ; -0.0209 V           ; 0.391 V                              ; 0.09 V                               ; 2.79e-10 s                  ; 3.95e-10 s                  ; No                         ; Yes                        ; 3.46 V                      ; 5.04e-07 V                  ; 3.65 V             ; -0.0209 V          ; 0.391 V                             ; 0.09 V                              ; 2.79e-10 s                 ; 3.95e-10 s                 ; No                        ; Yes                       ;
; HEX2[4]      ; 3.3-V LVTTL  ; 0 s                 ; 0 s                 ; 3.46 V                       ; 5.04e-07 V                   ; 3.65 V              ; -0.0209 V           ; 0.391 V                              ; 0.09 V                               ; 2.79e-10 s                  ; 3.95e-10 s                  ; No                         ; Yes                        ; 3.46 V                      ; 5.04e-07 V                  ; 3.65 V             ; -0.0209 V          ; 0.391 V                             ; 0.09 V                              ; 2.79e-10 s                 ; 3.95e-10 s                 ; No                        ; Yes                       ;
; HEX2[5]      ; 3.3-V LVTTL  ; 0 s                 ; 0 s                 ; 3.46 V                       ; 5.04e-07 V                   ; 3.65 V              ; -0.0209 V           ; 0.391 V                              ; 0.09 V                               ; 2.79e-10 s                  ; 3.95e-10 s                  ; No                         ; Yes                        ; 3.46 V                      ; 5.04e-07 V                  ; 3.65 V             ; -0.0209 V          ; 0.391 V                             ; 0.09 V                              ; 2.79e-10 s                 ; 3.95e-10 s                 ; No                        ; Yes                       ;
; HEX2[6]      ; 3.3-V LVTTL  ; 0 s                 ; 0 s                 ; 3.46 V                       ; 5.04e-07 V                   ; 3.64 V              ; -0.0201 V           ; 0.391 V                              ; 0.088 V                              ; 2.79e-10 s                  ; 3.95e-10 s                  ; No                         ; Yes                        ; 3.46 V                      ; 5.04e-07 V                  ; 3.64 V             ; -0.0201 V          ; 0.391 V                             ; 0.088 V                             ; 2.79e-10 s                 ; 3.95e-10 s                 ; No                        ; Yes                       ;
; HEX3[0]      ; 3.3-V LVTTL  ; 0 s                 ; 0 s                 ; 3.46 V                       ; 5.04e-07 V                   ; 3.64 V              ; -0.0201 V           ; 0.391 V                              ; 0.088 V                              ; 2.79e-10 s                  ; 3.95e-10 s                  ; No                         ; Yes                        ; 3.46 V                      ; 5.04e-07 V                  ; 3.64 V             ; -0.0201 V          ; 0.391 V                             ; 0.088 V                             ; 2.79e-10 s                 ; 3.95e-10 s                 ; No                        ; Yes                       ;
; HEX3[1]      ; 3.3-V LVTTL  ; 0 s                 ; 0 s                 ; 3.46 V                       ; 5.04e-07 V                   ; 3.64 V              ; -0.0201 V           ; 0.391 V                              ; 0.088 V                              ; 2.79e-10 s                  ; 3.95e-10 s                  ; No                         ; Yes                        ; 3.46 V                      ; 5.04e-07 V                  ; 3.64 V             ; -0.0201 V          ; 0.391 V                             ; 0.088 V                             ; 2.79e-10 s                 ; 3.95e-10 s                 ; No                        ; Yes                       ;
; HEX3[2]      ; 3.3-V LVTTL  ; 0 s                 ; 0 s                 ; 3.46 V                       ; 5.04e-07 V                   ; 3.65 V              ; -0.0209 V           ; 0.391 V                              ; 0.09 V                               ; 2.79e-10 s                  ; 3.95e-10 s                  ; No                         ; Yes                        ; 3.46 V                      ; 5.04e-07 V                  ; 3.65 V             ; -0.0209 V          ; 0.391 V                             ; 0.09 V                              ; 2.79e-10 s                 ; 3.95e-10 s                 ; No                        ; Yes                       ;
; HEX3[3]      ; 3.3-V LVTTL  ; 0 s                 ; 0 s                 ; 3.46 V                       ; 5.04e-07 V                   ; 3.64 V              ; -0.0201 V           ; 0.391 V                              ; 0.088 V                              ; 2.79e-10 s                  ; 3.95e-10 s                  ; No                         ; Yes                        ; 3.46 V                      ; 5.04e-07 V                  ; 3.64 V             ; -0.0201 V          ; 0.391 V                             ; 0.088 V                             ; 2.79e-10 s                 ; 3.95e-10 s                 ; No                        ; Yes                       ;
; HEX3[4]      ; 3.3-V LVTTL  ; 0 s                 ; 0 s                 ; 3.46 V                       ; 5.04e-07 V                   ; 3.64 V              ; -0.0201 V           ; 0.391 V                              ; 0.088 V                              ; 2.79e-10 s                  ; 3.95e-10 s                  ; No                         ; Yes                        ; 3.46 V                      ; 5.04e-07 V                  ; 3.64 V             ; -0.0201 V          ; 0.391 V                             ; 0.088 V                             ; 2.79e-10 s                 ; 3.95e-10 s                 ; No                        ; Yes                       ;
; HEX3[5]      ; 3.3-V LVTTL  ; 0 s                 ; 0 s                 ; 3.46 V                       ; 5.04e-07 V                   ; 3.65 V              ; -0.0209 V           ; 0.391 V                              ; 0.09 V                               ; 2.79e-10 s                  ; 3.95e-10 s                  ; No                         ; Yes                        ; 3.46 V                      ; 5.04e-07 V                  ; 3.65 V             ; -0.0209 V          ; 0.391 V                             ; 0.09 V                              ; 2.79e-10 s                 ; 3.95e-10 s                 ; No                        ; Yes                       ;
; HEX3[6]      ; 3.3-V LVTTL  ; 0 s                 ; 0 s                 ; 3.46 V                       ; 5.04e-07 V                   ; 3.65 V              ; -0.0209 V           ; 0.391 V                              ; 0.09 V                               ; 2.79e-10 s                  ; 3.95e-10 s                  ; No                         ; Yes                        ; 3.46 V                      ; 5.04e-07 V                  ; 3.65 V             ; -0.0209 V          ; 0.391 V                             ; 0.09 V                              ; 2.79e-10 s                 ; 3.95e-10 s                 ; No                        ; Yes                       ;
; HEX4[0]      ; 3.3-V LVTTL  ; 0 s                 ; 0 s                 ; 3.46 V                       ; 5.04e-07 V                   ; 3.65 V              ; -0.0209 V           ; 0.391 V                              ; 0.09 V                               ; 2.79e-10 s                  ; 3.95e-10 s                  ; No                         ; Yes                        ; 3.46 V                      ; 5.04e-07 V                  ; 3.65 V             ; -0.0209 V          ; 0.391 V                             ; 0.09 V                              ; 2.79e-10 s                 ; 3.95e-10 s                 ; No                        ; Yes                       ;
; HEX4[1]      ; 3.3-V LVTTL  ; 0 s                 ; 0 s                 ; 3.46 V                       ; 5.04e-07 V                   ; 3.65 V              ; -0.0209 V           ; 0.391 V                              ; 0.09 V                               ; 2.79e-10 s                  ; 3.95e-10 s                  ; No                         ; Yes                        ; 3.46 V                      ; 5.04e-07 V                  ; 3.65 V             ; -0.0209 V          ; 0.391 V                             ; 0.09 V                              ; 2.79e-10 s                 ; 3.95e-10 s                 ; No                        ; Yes                       ;
; HEX4[2]      ; 3.3-V LVTTL  ; 0 s                 ; 0 s                 ; 3.46 V                       ; 5.04e-07 V                   ; 3.64 V              ; -0.0201 V           ; 0.391 V                              ; 0.088 V                              ; 2.79e-10 s                  ; 3.95e-10 s                  ; No                         ; Yes                        ; 3.46 V                      ; 5.04e-07 V                  ; 3.64 V             ; -0.0201 V          ; 0.391 V                             ; 0.088 V                             ; 2.79e-10 s                 ; 3.95e-10 s                 ; No                        ; Yes                       ;
; HEX4[3]      ; 3.3-V LVTTL  ; 0 s                 ; 0 s                 ; 3.46 V                       ; 5.04e-07 V                   ; 3.65 V              ; -0.0209 V           ; 0.391 V                              ; 0.09 V                               ; 2.79e-10 s                  ; 3.95e-10 s                  ; No                         ; Yes                        ; 3.46 V                      ; 5.04e-07 V                  ; 3.65 V             ; -0.0209 V          ; 0.391 V                             ; 0.09 V                              ; 2.79e-10 s                 ; 3.95e-10 s                 ; No                        ; Yes                       ;
; HEX4[4]      ; 3.3-V LVTTL  ; 0 s                 ; 0 s                 ; 3.46 V                       ; 5.04e-07 V                   ; 3.64 V              ; -0.0201 V           ; 0.391 V                              ; 0.088 V                              ; 2.79e-10 s                  ; 3.95e-10 s                  ; No                         ; Yes                        ; 3.46 V                      ; 5.04e-07 V                  ; 3.64 V             ; -0.0201 V          ; 0.391 V                             ; 0.088 V                             ; 2.79e-10 s                 ; 3.95e-10 s                 ; No                        ; Yes                       ;
; HEX4[5]      ; 3.3-V LVTTL  ; 0 s                 ; 0 s                 ; 3.46 V                       ; 5.04e-07 V                   ; 3.64 V              ; -0.0201 V           ; 0.391 V                              ; 0.088 V                              ; 2.79e-10 s                  ; 3.95e-10 s                  ; No                         ; Yes                        ; 3.46 V                      ; 5.04e-07 V                  ; 3.64 V             ; -0.0201 V          ; 0.391 V                             ; 0.088 V                             ; 2.79e-10 s                 ; 3.95e-10 s                 ; No                        ; Yes                       ;
; HEX4[6]      ; 3.3-V LVTTL  ; 0 s                 ; 0 s                 ; 3.46 V                       ; 5.04e-07 V                   ; 3.65 V              ; -0.0209 V           ; 0.391 V                              ; 0.09 V                               ; 2.79e-10 s                  ; 3.95e-10 s                  ; No                         ; Yes                        ; 3.46 V                      ; 5.04e-07 V                  ; 3.65 V             ; -0.0209 V          ; 0.391 V                             ; 0.09 V                              ; 2.79e-10 s                 ; 3.95e-10 s                 ; No                        ; Yes                       ;
; HEX5[0]      ; 3.3-V LVTTL  ; 0 s                 ; 0 s                 ; 3.46 V                       ; 5.04e-07 V                   ; 3.64 V              ; -0.0201 V           ; 0.391 V                              ; 0.088 V                              ; 2.79e-10 s                  ; 3.95e-10 s                  ; No                         ; Yes                        ; 3.46 V                      ; 5.04e-07 V                  ; 3.64 V             ; -0.0201 V          ; 0.391 V                             ; 0.088 V                             ; 2.79e-10 s                 ; 3.95e-10 s                 ; No                        ; Yes                       ;
; HEX5[1]      ; 3.3-V LVTTL  ; 0 s                 ; 0 s                 ; 3.46 V                       ; 5.04e-07 V                   ; 3.65 V              ; -0.0209 V           ; 0.391 V                              ; 0.09 V                               ; 2.79e-10 s                  ; 3.95e-10 s                  ; No                         ; Yes                        ; 3.46 V                      ; 5.04e-07 V                  ; 3.65 V             ; -0.0209 V          ; 0.391 V                             ; 0.09 V                              ; 2.79e-10 s                 ; 3.95e-10 s                 ; No                        ; Yes                       ;
; HEX5[2]      ; 3.3-V LVTTL  ; 0 s                 ; 0 s                 ; 3.46 V                       ; 5.04e-07 V                   ; 3.65 V              ; -0.0209 V           ; 0.391 V                              ; 0.09 V                               ; 2.79e-10 s                  ; 3.95e-10 s                  ; No                         ; Yes                        ; 3.46 V                      ; 5.04e-07 V                  ; 3.65 V             ; -0.0209 V          ; 0.391 V                             ; 0.09 V                              ; 2.79e-10 s                 ; 3.95e-10 s                 ; No                        ; Yes                       ;
; HEX5[3]      ; 3.3-V LVTTL  ; 0 s                 ; 0 s                 ; 3.46 V                       ; 5.04e-07 V                   ; 3.64 V              ; -0.0201 V           ; 0.391 V                              ; 0.088 V                              ; 2.79e-10 s                  ; 3.95e-10 s                  ; No                         ; Yes                        ; 3.46 V                      ; 5.04e-07 V                  ; 3.64 V             ; -0.0201 V          ; 0.391 V                             ; 0.088 V                             ; 2.79e-10 s                 ; 3.95e-10 s                 ; No                        ; Yes                       ;
; HEX5[4]      ; 3.3-V LVTTL  ; 0 s                 ; 0 s                 ; 3.46 V                       ; 5.04e-07 V                   ; 3.64 V              ; -0.0201 V           ; 0.391 V                              ; 0.088 V                              ; 2.79e-10 s                  ; 3.95e-10 s                  ; No                         ; Yes                        ; 3.46 V                      ; 5.04e-07 V                  ; 3.64 V             ; -0.0201 V          ; 0.391 V                             ; 0.088 V                             ; 2.79e-10 s                 ; 3.95e-10 s                 ; No                        ; Yes                       ;
; HEX5[5]      ; 3.3-V LVTTL  ; 0 s                 ; 0 s                 ; 3.46 V                       ; 5.04e-07 V                   ; 3.65 V              ; -0.0209 V           ; 0.391 V                              ; 0.09 V                               ; 2.79e-10 s                  ; 3.95e-10 s                  ; No                         ; Yes                        ; 3.46 V                      ; 5.04e-07 V                  ; 3.65 V             ; -0.0209 V          ; 0.391 V                             ; 0.09 V                              ; 2.79e-10 s                 ; 3.95e-10 s                 ; No                        ; Yes                       ;
; HEX5[6]      ; 3.3-V LVTTL  ; 0 s                 ; 0 s                 ; 3.46 V                       ; 5.04e-07 V                   ; 3.65 V              ; -0.0209 V           ; 0.391 V                              ; 0.09 V                               ; 2.79e-10 s                  ; 3.95e-10 s                  ; No                         ; Yes                        ; 3.46 V                      ; 5.04e-07 V                  ; 3.65 V             ; -0.0209 V          ; 0.391 V                             ; 0.09 V                              ; 2.79e-10 s                 ; 3.95e-10 s                 ; No                        ; Yes                       ;
; ~ALTERA_TDO~ ; 2.5 V        ; 0 s                 ; 0 s                 ; 2.62 V                       ; 1.68e-07 V                   ; 2.73 V              ; -0.0395 V           ; 0.361 V                              ; 0.109 V                              ; 3.1e-10 s                   ; 4.41e-10 s                  ; No                         ; Yes                        ; 2.62 V                      ; 1.68e-07 V                  ; 2.73 V             ; -0.0395 V          ; 0.361 V                             ; 0.109 V                             ; 3.1e-10 s                  ; 4.41e-10 s                 ; No                        ; Yes                       ;
+--------------+--------------+---------------------+---------------------+------------------------------+------------------------------+---------------------+---------------------+--------------------------------------+--------------------------------------+-----------------------------+-----------------------------+----------------------------+----------------------------+-----------------------------+-----------------------------+--------------------+--------------------+-------------------------------------+-------------------------------------+----------------------------+----------------------------+---------------------------+---------------------------+


+-----------------------------------------------------------------------------+
; Setup Transfers                                                             ;
+----------------+----------------+----------+----------+----------+----------+
; From Clock     ; To Clock       ; RR Paths ; FR Paths ; RF Paths ; FF Paths ;
+----------------+----------------+----------+----------+----------+----------+
; CLOCK_50       ; CLOCK_50       ; 2090     ; 0        ; 0        ; 0        ;
; KEY[0]         ; CLOCK_50       ; 310      ; 0        ; 0        ; 0        ;
; KEY[1]         ; CLOCK_50       ; 19       ; 0        ; 0        ; 0        ;
; min_counter[1] ; CLOCK_50       ; 13       ; 13       ; 0        ; 0        ;
; min_counter[2] ; CLOCK_50       ; 12       ; 12       ; 0        ; 0        ;
; ms_counter[1]  ; CLOCK_50       ; 41       ; 41       ; 0        ; 0        ;
; ms_counter[2]  ; CLOCK_50       ; 40       ; 40       ; 0        ; 0        ;
; sec_counter[1] ; CLOCK_50       ; 27       ; 27       ; 0        ; 0        ;
; sec_counter[2] ; CLOCK_50       ; 26       ; 26       ; 0        ; 0        ;
; KEY[0]         ; KEY[0]         ; 55       ; 0        ; 0        ; 0        ;
; KEY[1]         ; KEY[1]         ; 1        ; 0        ; 0        ; 0        ;
; CLOCK_50       ; min_counter[1] ; 2050     ; 0        ; 2050     ; 0        ;
; min_counter[1] ; min_counter[1] ; 32       ; 32       ; 32       ; 32       ;
; min_counter[2] ; min_counter[1] ; 188      ; 188      ; 188      ; 188      ;
; CLOCK_50       ; min_counter[2] ; 2461     ; 0        ; 2050     ; 0        ;
; min_counter[1] ; min_counter[2] ; 35       ; 35       ; 32       ; 32       ;
; min_counter[2] ; min_counter[2] ; 221      ; 221      ; 188      ; 188      ;
; CLOCK_50       ; ms_counter[1]  ; 2050     ; 0        ; 2050     ; 0        ;
; ms_counter[1]  ; ms_counter[1]  ; 32       ; 32       ; 32       ; 32       ;
; ms_counter[2]  ; ms_counter[1]  ; 188      ; 188      ; 188      ; 188      ;
; CLOCK_50       ; ms_counter[2]  ; 2461     ; 0        ; 2050     ; 0        ;
; ms_counter[1]  ; ms_counter[2]  ; 35       ; 35       ; 32       ; 32       ;
; ms_counter[2]  ; ms_counter[2]  ; 221      ; 221      ; 188      ; 188      ;
; CLOCK_50       ; sec_counter[1] ; 2286     ; 0        ; 2286     ; 0        ;
; sec_counter[1] ; sec_counter[1] ; 32       ; 32       ; 32       ; 32       ;
; sec_counter[2] ; sec_counter[1] ; 208      ; 208      ; 208      ; 208      ;
; CLOCK_50       ; sec_counter[2] ; 2697     ; 0        ; 2286     ; 0        ;
; sec_counter[1] ; sec_counter[2] ; 35       ; 35       ; 32       ; 32       ;
; sec_counter[2] ; sec_counter[2] ; 241      ; 241      ; 208      ; 208      ;
+----------------+----------------+----------+----------+----------+----------+
Entries labeled "false path" only account for clock-to-clock false paths and not path-based false paths. As a result, actual path counts may be lower than reported.


+-----------------------------------------------------------------------------+
; Hold Transfers                                                              ;
+----------------+----------------+----------+----------+----------+----------+
; From Clock     ; To Clock       ; RR Paths ; FR Paths ; RF Paths ; FF Paths ;
+----------------+----------------+----------+----------+----------+----------+
; CLOCK_50       ; CLOCK_50       ; 2090     ; 0        ; 0        ; 0        ;
; KEY[0]         ; CLOCK_50       ; 310      ; 0        ; 0        ; 0        ;
; KEY[1]         ; CLOCK_50       ; 19       ; 0        ; 0        ; 0        ;
; min_counter[1] ; CLOCK_50       ; 13       ; 13       ; 0        ; 0        ;
; min_counter[2] ; CLOCK_50       ; 12       ; 12       ; 0        ; 0        ;
; ms_counter[1]  ; CLOCK_50       ; 41       ; 41       ; 0        ; 0        ;
; ms_counter[2]  ; CLOCK_50       ; 40       ; 40       ; 0        ; 0        ;
; sec_counter[1] ; CLOCK_50       ; 27       ; 27       ; 0        ; 0        ;
; sec_counter[2] ; CLOCK_50       ; 26       ; 26       ; 0        ; 0        ;
; KEY[0]         ; KEY[0]         ; 55       ; 0        ; 0        ; 0        ;
; KEY[1]         ; KEY[1]         ; 1        ; 0        ; 0        ; 0        ;
; CLOCK_50       ; min_counter[1] ; 2050     ; 0        ; 2050     ; 0        ;
; min_counter[1] ; min_counter[1] ; 32       ; 32       ; 32       ; 32       ;
; min_counter[2] ; min_counter[1] ; 188      ; 188      ; 188      ; 188      ;
; CLOCK_50       ; min_counter[2] ; 2461     ; 0        ; 2050     ; 0        ;
; min_counter[1] ; min_counter[2] ; 35       ; 35       ; 32       ; 32       ;
; min_counter[2] ; min_counter[2] ; 221      ; 221      ; 188      ; 188      ;
; CLOCK_50       ; ms_counter[1]  ; 2050     ; 0        ; 2050     ; 0        ;
; ms_counter[1]  ; ms_counter[1]  ; 32       ; 32       ; 32       ; 32       ;
; ms_counter[2]  ; ms_counter[1]  ; 188      ; 188      ; 188      ; 188      ;
; CLOCK_50       ; ms_counter[2]  ; 2461     ; 0        ; 2050     ; 0        ;
; ms_counter[1]  ; ms_counter[2]  ; 35       ; 35       ; 32       ; 32       ;
; ms_counter[2]  ; ms_counter[2]  ; 221      ; 221      ; 188      ; 188      ;
; CLOCK_50       ; sec_counter[1] ; 2286     ; 0        ; 2286     ; 0        ;
; sec_counter[1] ; sec_counter[1] ; 32       ; 32       ; 32       ; 32       ;
; sec_counter[2] ; sec_counter[1] ; 208      ; 208      ; 208      ; 208      ;
; CLOCK_50       ; sec_counter[2] ; 2697     ; 0        ; 2286     ; 0        ;
; sec_counter[1] ; sec_counter[2] ; 35       ; 35       ; 32       ; 32       ;
; sec_counter[2] ; sec_counter[2] ; 241      ; 241      ; 208      ; 208      ;
+----------------+----------------+----------+----------+----------+----------+
Entries labeled "false path" only account for clock-to-clock false paths and not path-based false paths. As a result, actual path counts may be lower than reported.


---------------
; Report TCCS ;
---------------
No dedicated SERDES Transmitter circuitry present in device or used in design


---------------
; Report RSKM ;
---------------
No non-DPA dedicated SERDES Receiver circuitry present in device or used in design


+------------------------------------------------+
; Unconstrained Paths Summary                    ;
+---------------------------------+-------+------+
; Property                        ; Setup ; Hold ;
+---------------------------------+-------+------+
; Illegal Clocks                  ; 0     ; 0    ;
; Unconstrained Clocks            ; 0     ; 0    ;
; Unconstrained Input Ports       ; 0     ; 0    ;
; Unconstrained Input Port Paths  ; 0     ; 0    ;
; Unconstrained Output Ports      ; 42    ; 42   ;
; Unconstrained Output Port Paths ; 174   ; 174  ;
+---------------------------------+-------+------+


+------------------------------------------------------+
; Clock Status Summary                                 ;
+----------------+----------------+------+-------------+
; Target         ; Clock          ; Type ; Status      ;
+----------------+----------------+------+-------------+
; CLOCK_50       ; CLOCK_50       ; Base ; Constrained ;
; KEY[0]         ; KEY[0]         ; Base ; Constrained ;
; KEY[1]         ; KEY[1]         ; Base ; Constrained ;
; min_counter[1] ; min_counter[1] ; Base ; Constrained ;
; min_counter[2] ; min_counter[2] ; Base ; Constrained ;
; ms_counter[1]  ; ms_counter[1]  ; Base ; Constrained ;
; ms_counter[2]  ; ms_counter[2]  ; Base ; Constrained ;
; sec_counter[1] ; sec_counter[1] ; Base ; Constrained ;
; sec_counter[2] ; sec_counter[2] ; Base ; Constrained ;
+----------------+----------------+------+-------------+


+-----------------------------------------------------------------------------------------------------+
; Unconstrained Output Ports                                                                          ;
+-------------+---------------------------------------------------------------------------------------+
; Output Port ; Comment                                                                               ;
+-------------+---------------------------------------------------------------------------------------+
; HEX0[0]     ; No output delay, min/max delays, false-path exceptions, or max skew assignments found ;
; HEX0[1]     ; No output delay, min/max delays, false-path exceptions, or max skew assignments found ;
; HEX0[2]     ; No output delay, min/max delays, false-path exceptions, or max skew assignments found ;
; HEX0[3]     ; No output delay, min/max delays, false-path exceptions, or max skew assignments found ;
; HEX0[4]     ; No output delay, min/max delays, false-path exceptions, or max skew assignments found ;
; HEX0[5]     ; No output delay, min/max delays, false-path exceptions, or max skew assignments found ;
; HEX0[6]     ; No output delay, min/max delays, false-path exceptions, or max skew assignments found ;
; HEX1[0]     ; No output delay, min/max delays, false-path exceptions, or max skew assignments found ;
; HEX1[1]     ; No output delay, min/max delays, false-path exceptions, or max skew assignments found ;
; HEX1[2]     ; No output delay, min/max delays, false-path exceptions, or max skew assignments found ;
; HEX1[3]     ; No output delay, min/max delays, false-path exceptions, or max skew assignments found ;
; HEX1[4]     ; No output delay, min/max delays, false-path exceptions, or max skew assignments found ;
; HEX1[5]     ; No output delay, min/max delays, false-path exceptions, or max skew assignments found ;
; HEX1[6]     ; No output delay, min/max delays, false-path exceptions, or max skew assignments found ;
; HEX2[0]     ; No output delay, min/max delays, false-path exceptions, or max skew assignments found ;
; HEX2[1]     ; No output delay, min/max delays, false-path exceptions, or max skew assignments found ;
; HEX2[2]     ; No output delay, min/max delays, false-path exceptions, or max skew assignments found ;
; HEX2[3]     ; No output delay, min/max delays, false-path exceptions, or max skew assignments found ;
; HEX2[4]     ; No output delay, min/max delays, false-path exceptions, or max skew assignments found ;
; HEX2[5]     ; No output delay, min/max delays, false-path exceptions, or max skew assignments found ;
; HEX2[6]     ; No output delay, min/max delays, false-path exceptions, or max skew assignments found ;
; HEX3[0]     ; No output delay, min/max delays, false-path exceptions, or max skew assignments found ;
; HEX3[1]     ; No output delay, min/max delays, false-path exceptions, or max skew assignments found ;
; HEX3[2]     ; No output delay, min/max delays, false-path exceptions, or max skew assignments found ;
; HEX3[3]     ; No output delay, min/max delays, false-path exceptions, or max skew assignments found ;
; HEX3[4]     ; No output delay, min/max delays, false-path exceptions, or max skew assignments found ;
; HEX3[5]     ; No output delay, min/max delays, false-path exceptions, or max skew assignments found ;
; HEX3[6]     ; No output delay, min/max delays, false-path exceptions, or max skew assignments found ;
; HEX4[0]     ; No output delay, min/max delays, false-path exceptions, or max skew assignments found ;
; HEX4[1]     ; No output delay, min/max delays, false-path exceptions, or max skew assignments found ;
; HEX4[2]     ; No output delay, min/max delays, false-path exceptions, or max skew assignments found ;
; HEX4[3]     ; No output delay, min/max delays, false-path exceptions, or max skew assignments found ;
; HEX4[4]     ; No output delay, min/max delays, false-path exceptions, or max skew assignments found ;
; HEX4[5]     ; No output delay, min/max delays, false-path exceptions, or max skew assignments found ;
; HEX4[6]     ; No output delay, min/max delays, false-path exceptions, or max skew assignments found ;
; HEX5[0]     ; No output delay, min/max delays, false-path exceptions, or max skew assignments found ;
; HEX5[1]     ; No output delay, min/max delays, false-path exceptions, or max skew assignments found ;
; HEX5[2]     ; No output delay, min/max delays, false-path exceptions, or max skew assignments found ;
; HEX5[3]     ; No output delay, min/max delays, false-path exceptions, or max skew assignments found ;
; HEX5[4]     ; No output delay, min/max delays, false-path exceptions, or max skew assignments found ;
; HEX5[5]     ; No output delay, min/max delays, false-path exceptions, or max skew assignments found ;
; HEX5[6]     ; No output delay, min/max delays, false-path exceptions, or max skew assignments found ;
+-------------+---------------------------------------------------------------------------------------+


+-----------------------------------------------------------------------------------------------------+
; Unconstrained Output Ports                                                                          ;
+-------------+---------------------------------------------------------------------------------------+
; Output Port ; Comment                                                                               ;
+-------------+---------------------------------------------------------------------------------------+
; HEX0[0]     ; No output delay, min/max delays, false-path exceptions, or max skew assignments found ;
; HEX0[1]     ; No output delay, min/max delays, false-path exceptions, or max skew assignments found ;
; HEX0[2]     ; No output delay, min/max delays, false-path exceptions, or max skew assignments found ;
; HEX0[3]     ; No output delay, min/max delays, false-path exceptions, or max skew assignments found ;
; HEX0[4]     ; No output delay, min/max delays, false-path exceptions, or max skew assignments found ;
; HEX0[5]     ; No output delay, min/max delays, false-path exceptions, or max skew assignments found ;
; HEX0[6]     ; No output delay, min/max delays, false-path exceptions, or max skew assignments found ;
; HEX1[0]     ; No output delay, min/max delays, false-path exceptions, or max skew assignments found ;
; HEX1[1]     ; No output delay, min/max delays, false-path exceptions, or max skew assignments found ;
; HEX1[2]     ; No output delay, min/max delays, false-path exceptions, or max skew assignments found ;
; HEX1[3]     ; No output delay, min/max delays, false-path exceptions, or max skew assignments found ;
; HEX1[4]     ; No output delay, min/max delays, false-path exceptions, or max skew assignments found ;
; HEX1[5]     ; No output delay, min/max delays, false-path exceptions, or max skew assignments found ;
; HEX1[6]     ; No output delay, min/max delays, false-path exceptions, or max skew assignments found ;
; HEX2[0]     ; No output delay, min/max delays, false-path exceptions, or max skew assignments found ;
; HEX2[1]     ; No output delay, min/max delays, false-path exceptions, or max skew assignments found ;
; HEX2[2]     ; No output delay, min/max delays, false-path exceptions, or max skew assignments found ;
; HEX2[3]     ; No output delay, min/max delays, false-path exceptions, or max skew assignments found ;
; HEX2[4]     ; No output delay, min/max delays, false-path exceptions, or max skew assignments found ;
; HEX2[5]     ; No output delay, min/max delays, false-path exceptions, or max skew assignments found ;
; HEX2[6]     ; No output delay, min/max delays, false-path exceptions, or max skew assignments found ;
; HEX3[0]     ; No output delay, min/max delays, false-path exceptions, or max skew assignments found ;
; HEX3[1]     ; No output delay, min/max delays, false-path exceptions, or max skew assignments found ;
; HEX3[2]     ; No output delay, min/max delays, false-path exceptions, or max skew assignments found ;
; HEX3[3]     ; No output delay, min/max delays, false-path exceptions, or max skew assignments found ;
; HEX3[4]     ; No output delay, min/max delays, false-path exceptions, or max skew assignments found ;
; HEX3[5]     ; No output delay, min/max delays, false-path exceptions, or max skew assignments found ;
; HEX3[6]     ; No output delay, min/max delays, false-path exceptions, or max skew assignments found ;
; HEX4[0]     ; No output delay, min/max delays, false-path exceptions, or max skew assignments found ;
; HEX4[1]     ; No output delay, min/max delays, false-path exceptions, or max skew assignments found ;
; HEX4[2]     ; No output delay, min/max delays, false-path exceptions, or max skew assignments found ;
; HEX4[3]     ; No output delay, min/max delays, false-path exceptions, or max skew assignments found ;
; HEX4[4]     ; No output delay, min/max delays, false-path exceptions, or max skew assignments found ;
; HEX4[5]     ; No output delay, min/max delays, false-path exceptions, or max skew assignments found ;
; HEX4[6]     ; No output delay, min/max delays, false-path exceptions, or max skew assignments found ;
; HEX5[0]     ; No output delay, min/max delays, false-path exceptions, or max skew assignments found ;
; HEX5[1]     ; No output delay, min/max delays, false-path exceptions, or max skew assignments found ;
; HEX5[2]     ; No output delay, min/max delays, false-path exceptions, or max skew assignments found ;
; HEX5[3]     ; No output delay, min/max delays, false-path exceptions, or max skew assignments found ;
; HEX5[4]     ; No output delay, min/max delays, false-path exceptions, or max skew assignments found ;
; HEX5[5]     ; No output delay, min/max delays, false-path exceptions, or max skew assignments found ;
; HEX5[6]     ; No output delay, min/max delays, false-path exceptions, or max skew assignments found ;
+-------------+---------------------------------------------------------------------------------------+


+--------------------------+
; Timing Analyzer Messages ;
+--------------------------+
Info: *******************************************************************
Info: Running Quartus Prime Timing Analyzer
    Info: Version 18.1.0 Build 625 09/12/2018 SJ Lite Edition
    Info: Processing started: Wed Sep 20 23:23:22 2023
Info: Command: quartus_sta Lab4 -c Lab4
Info: qsta_default_script.tcl version: #1
Warning (18236): Number of processors has not been specified which may cause overloading on shared machines.  Set the global assignment NUM_PARALLEL_PROCESSORS in your QSF to an appropriate value for best performance.
Info (20030): Parallel compilation is enabled and will use 4 of the 4 processors detected
Info (21077): Low junction temperature is 0 degrees C
Info (21077): High junction temperature is 85 degrees C
Warning (335093): The Timing Analyzer is analyzing 18 combinational loops as latches. For more details, run the Check Timing command in the Timing Analyzer or view the "User-Specified and Inferred Latches" table in the Analysis & Synthesis report.
Critical Warning (332012): Synopsys Design Constraints File file not found: 'Lab4.sdc'. A Synopsys Design Constraints File is required by the Timing Analyzer to get proper timing constraints. Without it, the Compiler will not properly optimize the design.
Info (332142): No user constrained base clocks found in the design. Calling "derive_clocks -period 1.0"
Info (332105): Deriving Clocks
    Info (332105): create_clock -period 1.000 -name CLOCK_50 CLOCK_50
    Info (332105): create_clock -period 1.000 -name KEY[0] KEY[0]
    Info (332105): create_clock -period 1.000 -name KEY[1] KEY[1]
    Info (332105): create_clock -period 1.000 -name ms_counter[1] ms_counter[1]
    Info (332105): create_clock -period 1.000 -name ms_counter[2] ms_counter[2]
    Info (332105): create_clock -period 1.000 -name sec_counter[1] sec_counter[1]
    Info (332105): create_clock -period 1.000 -name sec_counter[2] sec_counter[2]
    Info (332105): create_clock -period 1.000 -name min_counter[1] min_counter[1]
    Info (332105): create_clock -period 1.000 -name min_counter[2] min_counter[2]
Info (332097): The following timing edges are non-unate.  The Timing Analyzer will assume pos-unate behavior for these edges in the clock network.
    Info (332098): Cell: min_bcd|bcd_divide|LPM_DIVIDE_component|auto_generated|divider|divider|StageOut[37]~2  from: datad  to: combout
    Info (332098): Cell: min_bcd|bcd_divide|LPM_DIVIDE_component|auto_generated|divider|divider|StageOut[38]~5  from: datad  to: combout
    Info (332098): Cell: min_bcd|bcd_divide|LPM_DIVIDE_component|auto_generated|divider|divider|StageOut[39]~4  from: datad  to: combout
    Info (332098): Cell: min_bcd|bcd_divide|LPM_DIVIDE_component|auto_generated|divider|divider|StageOut[44]~7  from: datab  to: combout
    Info (332098): Cell: min_bcd|bcd_divide|LPM_DIVIDE_component|auto_generated|divider|divider|StageOut[44]~7  from: datac  to: combout
    Info (332098): Cell: min_bcd|bcd_divide|LPM_DIVIDE_component|auto_generated|divider|divider|StageOut[44]~7  from: datad  to: combout
    Info (332098): Cell: min_bcd|bcd_divide|LPM_DIVIDE_component|auto_generated|divider|divider|StageOut[45]~6  from: datad  to: combout
    Info (332098): Cell: min_bcd|bcd_divide|LPM_DIVIDE_component|auto_generated|divider|divider|op_4~2  from: cin  to: combout
    Info (332098): Cell: min_bcd|bcd_divide|LPM_DIVIDE_component|auto_generated|divider|divider|op_4~4  from: cin  to: combout
    Info (332098): Cell: min_bcd|bcd_divide|LPM_DIVIDE_component|auto_generated|divider|divider|op_4~6  from: cin  to: combout
    Info (332098): Cell: min_bcd|bcd_divide|LPM_DIVIDE_component|auto_generated|divider|divider|op_4~8  from: cin  to: combout
    Info (332098): Cell: min_bcd|bcd_divide|LPM_DIVIDE_component|auto_generated|divider|divider|op_5~2  from: cin  to: combout
    Info (332098): Cell: min_bcd|bcd_divide|LPM_DIVIDE_component|auto_generated|divider|divider|op_5~2  from: dataa  to: cout
    Info (332098): Cell: min_bcd|bcd_divide|LPM_DIVIDE_component|auto_generated|divider|divider|op_5~2  from: datab  to: cout
    Info (332098): Cell: min_bcd|bcd_divide|LPM_DIVIDE_component|auto_generated|divider|divider|op_5~4  from: cin  to: combout
    Info (332098): Cell: min_bcd|bcd_divide|LPM_DIVIDE_component|auto_generated|divider|divider|op_5~4  from: dataa  to: combout
    Info (332098): Cell: min_bcd|digit2|Mux0~2  from: dataa  to: combout
    Info (332098): Cell: min_bcd|digit2|Mux0~2  from: datad  to: combout
    Info (332098): Cell: ms_bcd|bcd_divide|LPM_DIVIDE_component|auto_generated|divider|divider|StageOut[37]~2  from: datad  to: combout
    Info (332098): Cell: ms_bcd|bcd_divide|LPM_DIVIDE_component|auto_generated|divider|divider|StageOut[38]~5  from: datad  to: combout
    Info (332098): Cell: ms_bcd|bcd_divide|LPM_DIVIDE_component|auto_generated|divider|divider|StageOut[39]~4  from: datad  to: combout
    Info (332098): Cell: ms_bcd|bcd_divide|LPM_DIVIDE_component|auto_generated|divider|divider|StageOut[44]~7  from: datab  to: combout
    Info (332098): Cell: ms_bcd|bcd_divide|LPM_DIVIDE_component|auto_generated|divider|divider|StageOut[44]~7  from: datac  to: combout
    Info (332098): Cell: ms_bcd|bcd_divide|LPM_DIVIDE_component|auto_generated|divider|divider|StageOut[44]~7  from: datad  to: combout
    Info (332098): Cell: ms_bcd|bcd_divide|LPM_DIVIDE_component|auto_generated|divider|divider|StageOut[45]~6  from: datad  to: combout
    Info (332098): Cell: ms_bcd|bcd_divide|LPM_DIVIDE_component|auto_generated|divider|divider|op_4~2  from: cin  to: combout
    Info (332098): Cell: ms_bcd|bcd_divide|LPM_DIVIDE_component|auto_generated|divider|divider|op_4~4  from: cin  to: combout
    Info (332098): Cell: ms_bcd|bcd_divide|LPM_DIVIDE_component|auto_generated|divider|divider|op_4~6  from: cin  to: combout
    Info (332098): Cell: ms_bcd|bcd_divide|LPM_DIVIDE_component|auto_generated|divider|divider|op_4~8  from: cin  to: combout
    Info (332098): Cell: ms_bcd|bcd_divide|LPM_DIVIDE_component|auto_generated|divider|divider|op_5~2  from: cin  to: combout
    Info (332098): Cell: ms_bcd|bcd_divide|LPM_DIVIDE_component|auto_generated|divider|divider|op_5~2  from: dataa  to: cout
    Info (332098): Cell: ms_bcd|bcd_divide|LPM_DIVIDE_component|auto_generated|divider|divider|op_5~2  from: datab  to: cout
    Info (332098): Cell: ms_bcd|bcd_divide|LPM_DIVIDE_component|auto_generated|divider|divider|op_5~4  from: cin  to: combout
    Info (332098): Cell: ms_bcd|bcd_divide|LPM_DIVIDE_component|auto_generated|divider|divider|op_5~4  from: dataa  to: combout
    Info (332098): Cell: ms_bcd|digit2|Mux0~2  from: datac  to: combout
    Info (332098): Cell: ms_bcd|digit2|Mux0~2  from: datad  to: combout
    Info (332098): Cell: sec_bcd|bcd_divide|LPM_DIVIDE_component|auto_generated|divider|divider|StageOut[37]~2  from: dataa  to: combout
    Info (332098): Cell: sec_bcd|bcd_divide|LPM_DIVIDE_component|auto_generated|divider|divider|StageOut[38]~5  from: datac  to: combout
    Info (332098): Cell: sec_bcd|bcd_divide|LPM_DIVIDE_component|auto_generated|divider|divider|StageOut[39]~4  from: datac  to: combout
    Info (332098): Cell: sec_bcd|bcd_divide|LPM_DIVIDE_component|auto_generated|divider|divider|StageOut[44]~7  from: dataa  to: combout
    Info (332098): Cell: sec_bcd|bcd_divide|LPM_DIVIDE_component|auto_generated|divider|divider|StageOut[44]~7  from: datac  to: combout
    Info (332098): Cell: sec_bcd|bcd_divide|LPM_DIVIDE_component|auto_generated|divider|divider|StageOut[44]~7  from: datad  to: combout
    Info (332098): Cell: sec_bcd|bcd_divide|LPM_DIVIDE_component|auto_generated|divider|divider|StageOut[45]~6  from: datac  to: combout
    Info (332098): Cell: sec_bcd|bcd_divide|LPM_DIVIDE_component|auto_generated|divider|divider|op_4~2  from: cin  to: combout
    Info (332098): Cell: sec_bcd|bcd_divide|LPM_DIVIDE_component|auto_generated|divider|divider|op_4~4  from: cin  to: combout
    Info (332098): Cell: sec_bcd|bcd_divide|LPM_DIVIDE_component|auto_generated|divider|divider|op_4~6  from: cin  to: combout
    Info (332098): Cell: sec_bcd|bcd_divide|LPM_DIVIDE_component|auto_generated|divider|divider|op_4~8  from: cin  to: combout
    Info (332098): Cell: sec_bcd|bcd_divide|LPM_DIVIDE_component|auto_generated|divider|divider|op_5~2  from: cin  to: combout
    Info (332098): Cell: sec_bcd|bcd_divide|LPM_DIVIDE_component|auto_generated|divider|divider|op_5~2  from: dataa  to: cout
    Info (332098): Cell: sec_bcd|bcd_divide|LPM_DIVIDE_component|auto_generated|divider|divider|op_5~2  from: datab  to: cout
    Info (332098): Cell: sec_bcd|bcd_divide|LPM_DIVIDE_component|auto_generated|divider|divider|op_5~4  from: cin  to: combout
    Info (332098): Cell: sec_bcd|bcd_divide|LPM_DIVIDE_component|auto_generated|divider|divider|op_5~4  from: datab  to: combout
    Info (332098): Cell: sec_bcd|digit2|Mux0~2  from: dataa  to: combout
    Info (332098): Cell: sec_bcd|digit2|Mux0~2  from: datab  to: combout
Info (332143): No user constrained clock uncertainty found in the design. Calling "derive_clock_uncertainty"
Info (332123): Deriving Clock Uncertainty. Please refer to report_sdc in the Timing Analyzer to see clock uncertainties.
Info: Found TIMING_ANALYZER_REPORT_SCRIPT_INCLUDE_DEFAULT_ANALYSIS = ON
Info: Analyzing Slow 1200mV 85C Model
Info: Can't run Report Timing Closure Recommendations. The current device family is not supported.
Critical Warning (332148): Timing requirements not met
Info (332146): Worst-case setup slack is -17.780
    Info (332119):     Slack       End Point TNS Clock 
    Info (332119): ========= =================== =====================
    Info (332119):   -17.780             -51.092 ms_counter[1] 
    Info (332119):   -17.765             -51.735 min_counter[1] 
    Info (332119):   -17.425             -50.538 sec_counter[1] 
    Info (332119):   -16.674             -80.587 sec_counter[2] 
    Info (332119):   -16.014             -79.588 min_counter[2] 
    Info (332119):   -15.741             -77.084 ms_counter[2] 
    Info (332119):    -5.606            -182.798 CLOCK_50 
    Info (332119):    -1.385              -9.199 KEY[0] 
    Info (332119):     0.298               0.000 KEY[1] 
Info (332146): Worst-case hold slack is 0.348
    Info (332119):     Slack       End Point TNS Clock 
    Info (332119): ========= =================== =====================
    Info (332119):     0.348               0.000 CLOCK_50 
    Info (332119):     0.393               0.000 KEY[0] 
    Info (332119):     0.393               0.000 KEY[1] 
    Info (332119):     0.884               0.000 ms_counter[2] 
    Info (332119):     0.959               0.000 sec_counter[2] 
    Info (332119):     1.029               0.000 min_counter[2] 
    Info (332119):     2.731               0.000 ms_counter[1] 
    Info (332119):     3.036               0.000 sec_counter[1] 
    Info (332119):     3.762               0.000 min_counter[1] 
Info (332140): No Recovery paths to report
Info (332140): No Removal paths to report
Info (332146): Worst-case minimum pulse width slack is -3.638
    Info (332119):     Slack       End Point TNS Clock 
    Info (332119): ========= =================== =====================
    Info (332119):    -3.638            -182.690 sec_counter[2] 
    Info (332119):    -3.438            -206.355 min_counter[2] 
    Info (332119):    -3.065            -169.263 ms_counter[2] 
    Info (332119):    -3.000             -73.150 CLOCK_50 
    Info (332119):    -3.000             -17.030 KEY[0] 
    Info (332119):    -3.000              -4.403 KEY[1] 
    Info (332119):    -2.876             -55.762 ms_counter[1] 
    Info (332119):    -2.455             -44.811 min_counter[1] 
    Info (332119):    -2.103             -41.425 sec_counter[1] 
Info: Analyzing Slow 1200mV 0C Model
Info (334003): Started post-fitting delay annotation
Info (334004): Delay annotation completed successfully
Info (332097): The following timing edges are non-unate.  The Timing Analyzer will assume pos-unate behavior for these edges in the clock network.
    Info (332098): Cell: min_bcd|bcd_divide|LPM_DIVIDE_component|auto_generated|divider|divider|StageOut[37]~2  from: datad  to: combout
    Info (332098): Cell: min_bcd|bcd_divide|LPM_DIVIDE_component|auto_generated|divider|divider|StageOut[38]~5  from: datad  to: combout
    Info (332098): Cell: min_bcd|bcd_divide|LPM_DIVIDE_component|auto_generated|divider|divider|StageOut[39]~4  from: datad  to: combout
    Info (332098): Cell: min_bcd|bcd_divide|LPM_DIVIDE_component|auto_generated|divider|divider|StageOut[44]~7  from: datab  to: combout
    Info (332098): Cell: min_bcd|bcd_divide|LPM_DIVIDE_component|auto_generated|divider|divider|StageOut[44]~7  from: datac  to: combout
    Info (332098): Cell: min_bcd|bcd_divide|LPM_DIVIDE_component|auto_generated|divider|divider|StageOut[44]~7  from: datad  to: combout
    Info (332098): Cell: min_bcd|bcd_divide|LPM_DIVIDE_component|auto_generated|divider|divider|StageOut[45]~6  from: datad  to: combout
    Info (332098): Cell: min_bcd|bcd_divide|LPM_DIVIDE_component|auto_generated|divider|divider|op_4~2  from: cin  to: combout
    Info (332098): Cell: min_bcd|bcd_divide|LPM_DIVIDE_component|auto_generated|divider|divider|op_4~4  from: cin  to: combout
    Info (332098): Cell: min_bcd|bcd_divide|LPM_DIVIDE_component|auto_generated|divider|divider|op_4~6  from: cin  to: combout
    Info (332098): Cell: min_bcd|bcd_divide|LPM_DIVIDE_component|auto_generated|divider|divider|op_4~8  from: cin  to: combout
    Info (332098): Cell: min_bcd|bcd_divide|LPM_DIVIDE_component|auto_generated|divider|divider|op_5~2  from: cin  to: combout
    Info (332098): Cell: min_bcd|bcd_divide|LPM_DIVIDE_component|auto_generated|divider|divider|op_5~2  from: dataa  to: cout
    Info (332098): Cell: min_bcd|bcd_divide|LPM_DIVIDE_component|auto_generated|divider|divider|op_5~2  from: datab  to: cout
    Info (332098): Cell: min_bcd|bcd_divide|LPM_DIVIDE_component|auto_generated|divider|divider|op_5~4  from: cin  to: combout
    Info (332098): Cell: min_bcd|bcd_divide|LPM_DIVIDE_component|auto_generated|divider|divider|op_5~4  from: dataa  to: combout
    Info (332098): Cell: min_bcd|digit2|Mux0~2  from: dataa  to: combout
    Info (332098): Cell: min_bcd|digit2|Mux0~2  from: datad  to: combout
    Info (332098): Cell: ms_bcd|bcd_divide|LPM_DIVIDE_component|auto_generated|divider|divider|StageOut[37]~2  from: datad  to: combout
    Info (332098): Cell: ms_bcd|bcd_divide|LPM_DIVIDE_component|auto_generated|divider|divider|StageOut[38]~5  from: datad  to: combout
    Info (332098): Cell: ms_bcd|bcd_divide|LPM_DIVIDE_component|auto_generated|divider|divider|StageOut[39]~4  from: datad  to: combout
    Info (332098): Cell: ms_bcd|bcd_divide|LPM_DIVIDE_component|auto_generated|divider|divider|StageOut[44]~7  from: datab  to: combout
    Info (332098): Cell: ms_bcd|bcd_divide|LPM_DIVIDE_component|auto_generated|divider|divider|StageOut[44]~7  from: datac  to: combout
    Info (332098): Cell: ms_bcd|bcd_divide|LPM_DIVIDE_component|auto_generated|divider|divider|StageOut[44]~7  from: datad  to: combout
    Info (332098): Cell: ms_bcd|bcd_divide|LPM_DIVIDE_component|auto_generated|divider|divider|StageOut[45]~6  from: datad  to: combout
    Info (332098): Cell: ms_bcd|bcd_divide|LPM_DIVIDE_component|auto_generated|divider|divider|op_4~2  from: cin  to: combout
    Info (332098): Cell: ms_bcd|bcd_divide|LPM_DIVIDE_component|auto_generated|divider|divider|op_4~4  from: cin  to: combout
    Info (332098): Cell: ms_bcd|bcd_divide|LPM_DIVIDE_component|auto_generated|divider|divider|op_4~6  from: cin  to: combout
    Info (332098): Cell: ms_bcd|bcd_divide|LPM_DIVIDE_component|auto_generated|divider|divider|op_4~8  from: cin  to: combout
    Info (332098): Cell: ms_bcd|bcd_divide|LPM_DIVIDE_component|auto_generated|divider|divider|op_5~2  from: cin  to: combout
    Info (332098): Cell: ms_bcd|bcd_divide|LPM_DIVIDE_component|auto_generated|divider|divider|op_5~2  from: dataa  to: cout
    Info (332098): Cell: ms_bcd|bcd_divide|LPM_DIVIDE_component|auto_generated|divider|divider|op_5~2  from: datab  to: cout
    Info (332098): Cell: ms_bcd|bcd_divide|LPM_DIVIDE_component|auto_generated|divider|divider|op_5~4  from: cin  to: combout
    Info (332098): Cell: ms_bcd|bcd_divide|LPM_DIVIDE_component|auto_generated|divider|divider|op_5~4  from: dataa  to: combout
    Info (332098): Cell: ms_bcd|digit2|Mux0~2  from: datac  to: combout
    Info (332098): Cell: ms_bcd|digit2|Mux0~2  from: datad  to: combout
    Info (332098): Cell: sec_bcd|bcd_divide|LPM_DIVIDE_component|auto_generated|divider|divider|StageOut[37]~2  from: dataa  to: combout
    Info (332098): Cell: sec_bcd|bcd_divide|LPM_DIVIDE_component|auto_generated|divider|divider|StageOut[38]~5  from: datac  to: combout
    Info (332098): Cell: sec_bcd|bcd_divide|LPM_DIVIDE_component|auto_generated|divider|divider|StageOut[39]~4  from: datac  to: combout
    Info (332098): Cell: sec_bcd|bcd_divide|LPM_DIVIDE_component|auto_generated|divider|divider|StageOut[44]~7  from: dataa  to: combout
    Info (332098): Cell: sec_bcd|bcd_divide|LPM_DIVIDE_component|auto_generated|divider|divider|StageOut[44]~7  from: datac  to: combout
    Info (332098): Cell: sec_bcd|bcd_divide|LPM_DIVIDE_component|auto_generated|divider|divider|StageOut[44]~7  from: datad  to: combout
    Info (332098): Cell: sec_bcd|bcd_divide|LPM_DIVIDE_component|auto_generated|divider|divider|StageOut[45]~6  from: datac  to: combout
    Info (332098): Cell: sec_bcd|bcd_divide|LPM_DIVIDE_component|auto_generated|divider|divider|op_4~2  from: cin  to: combout
    Info (332098): Cell: sec_bcd|bcd_divide|LPM_DIVIDE_component|auto_generated|divider|divider|op_4~4  from: cin  to: combout
    Info (332098): Cell: sec_bcd|bcd_divide|LPM_DIVIDE_component|auto_generated|divider|divider|op_4~6  from: cin  to: combout
    Info (332098): Cell: sec_bcd|bcd_divide|LPM_DIVIDE_component|auto_generated|divider|divider|op_4~8  from: cin  to: combout
    Info (332098): Cell: sec_bcd|bcd_divide|LPM_DIVIDE_component|auto_generated|divider|divider|op_5~2  from: cin  to: combout
    Info (332098): Cell: sec_bcd|bcd_divide|LPM_DIVIDE_component|auto_generated|divider|divider|op_5~2  from: dataa  to: cout
    Info (332098): Cell: sec_bcd|bcd_divide|LPM_DIVIDE_component|auto_generated|divider|divider|op_5~2  from: datab  to: cout
    Info (332098): Cell: sec_bcd|bcd_divide|LPM_DIVIDE_component|auto_generated|divider|divider|op_5~4  from: cin  to: combout
    Info (332098): Cell: sec_bcd|bcd_divide|LPM_DIVIDE_component|auto_generated|divider|divider|op_5~4  from: datab  to: combout
    Info (332098): Cell: sec_bcd|digit2|Mux0~2  from: dataa  to: combout
    Info (332098): Cell: sec_bcd|digit2|Mux0~2  from: datab  to: combout
Info (332123): Deriving Clock Uncertainty. Please refer to report_sdc in the Timing Analyzer to see clock uncertainties.
Critical Warning (332148): Timing requirements not met
Info (332146): Worst-case setup slack is -16.486
    Info (332119):     Slack       End Point TNS Clock 
    Info (332119): ========= =================== =====================
    Info (332119):   -16.486             -47.939 min_counter[1] 
    Info (332119):   -16.419             -47.069 ms_counter[1] 
    Info (332119):   -16.160             -46.900 sec_counter[1] 
    Info (332119):   -15.396             -74.134 sec_counter[2] 
    Info (332119):   -14.909             -73.414 min_counter[2] 
    Info (332119):   -14.482             -70.606 ms_counter[2] 
    Info (332119):    -5.046            -165.330 CLOCK_50 
    Info (332119):    -1.143              -7.395 KEY[0] 
    Info (332119):     0.362               0.000 KEY[1] 
Info (332146): Worst-case hold slack is 0.312
    Info (332119):     Slack       End Point TNS Clock 
    Info (332119): ========= =================== =====================
    Info (332119):     0.312               0.000 CLOCK_50 
    Info (332119):     0.355               0.000 KEY[0] 
    Info (332119):     0.355               0.000 KEY[1] 
    Info (332119):     0.786               0.000 ms_counter[2] 
    Info (332119):     0.893               0.000 min_counter[2] 
    Info (332119):     0.987               0.000 sec_counter[2] 
    Info (332119):     2.411               0.000 ms_counter[1] 
    Info (332119):     2.808               0.000 sec_counter[1] 
    Info (332119):     3.327               0.000 min_counter[1] 
Info (332140): No Recovery paths to report
Info (332140): No Removal paths to report
Info (332146): Worst-case minimum pulse width slack is -3.221
    Info (332119):     Slack       End Point TNS Clock 
    Info (332119): ========= =================== =====================
    Info (332119):    -3.221            -160.438 sec_counter[2] 
    Info (332119):    -3.094            -182.375 min_counter[2] 
    Info (332119):    -3.000             -73.150 CLOCK_50 
    Info (332119):    -3.000             -17.030 KEY[0] 
    Info (332119):    -3.000              -4.403 KEY[1] 
    Info (332119):    -2.773            -148.594 ms_counter[2] 
    Info (332119):    -2.599             -49.671 ms_counter[1] 
    Info (332119):    -2.140             -39.513 min_counter[1] 
    Info (332119):    -1.790             -35.902 sec_counter[1] 
Info: Analyzing Fast 1200mV 0C Model
Info (332097): The following timing edges are non-unate.  The Timing Analyzer will assume pos-unate behavior for these edges in the clock network.
    Info (332098): Cell: min_bcd|bcd_divide|LPM_DIVIDE_component|auto_generated|divider|divider|StageOut[37]~2  from: datad  to: combout
    Info (332098): Cell: min_bcd|bcd_divide|LPM_DIVIDE_component|auto_generated|divider|divider|StageOut[38]~5  from: datad  to: combout
    Info (332098): Cell: min_bcd|bcd_divide|LPM_DIVIDE_component|auto_generated|divider|divider|StageOut[39]~4  from: datad  to: combout
    Info (332098): Cell: min_bcd|bcd_divide|LPM_DIVIDE_component|auto_generated|divider|divider|StageOut[44]~7  from: datab  to: combout
    Info (332098): Cell: min_bcd|bcd_divide|LPM_DIVIDE_component|auto_generated|divider|divider|StageOut[44]~7  from: datac  to: combout
    Info (332098): Cell: min_bcd|bcd_divide|LPM_DIVIDE_component|auto_generated|divider|divider|StageOut[44]~7  from: datad  to: combout
    Info (332098): Cell: min_bcd|bcd_divide|LPM_DIVIDE_component|auto_generated|divider|divider|StageOut[45]~6  from: datad  to: combout
    Info (332098): Cell: min_bcd|bcd_divide|LPM_DIVIDE_component|auto_generated|divider|divider|op_4~2  from: cin  to: combout
    Info (332098): Cell: min_bcd|bcd_divide|LPM_DIVIDE_component|auto_generated|divider|divider|op_4~4  from: cin  to: combout
    Info (332098): Cell: min_bcd|bcd_divide|LPM_DIVIDE_component|auto_generated|divider|divider|op_4~6  from: cin  to: combout
    Info (332098): Cell: min_bcd|bcd_divide|LPM_DIVIDE_component|auto_generated|divider|divider|op_4~8  from: cin  to: combout
    Info (332098): Cell: min_bcd|bcd_divide|LPM_DIVIDE_component|auto_generated|divider|divider|op_5~2  from: cin  to: combout
    Info (332098): Cell: min_bcd|bcd_divide|LPM_DIVIDE_component|auto_generated|divider|divider|op_5~2  from: dataa  to: cout
    Info (332098): Cell: min_bcd|bcd_divide|LPM_DIVIDE_component|auto_generated|divider|divider|op_5~2  from: datab  to: cout
    Info (332098): Cell: min_bcd|bcd_divide|LPM_DIVIDE_component|auto_generated|divider|divider|op_5~4  from: cin  to: combout
    Info (332098): Cell: min_bcd|bcd_divide|LPM_DIVIDE_component|auto_generated|divider|divider|op_5~4  from: dataa  to: combout
    Info (332098): Cell: min_bcd|digit2|Mux0~2  from: dataa  to: combout
    Info (332098): Cell: min_bcd|digit2|Mux0~2  from: datad  to: combout
    Info (332098): Cell: ms_bcd|bcd_divide|LPM_DIVIDE_component|auto_generated|divider|divider|StageOut[37]~2  from: datad  to: combout
    Info (332098): Cell: ms_bcd|bcd_divide|LPM_DIVIDE_component|auto_generated|divider|divider|StageOut[38]~5  from: datad  to: combout
    Info (332098): Cell: ms_bcd|bcd_divide|LPM_DIVIDE_component|auto_generated|divider|divider|StageOut[39]~4  from: datad  to: combout
    Info (332098): Cell: ms_bcd|bcd_divide|LPM_DIVIDE_component|auto_generated|divider|divider|StageOut[44]~7  from: datab  to: combout
    Info (332098): Cell: ms_bcd|bcd_divide|LPM_DIVIDE_component|auto_generated|divider|divider|StageOut[44]~7  from: datac  to: combout
    Info (332098): Cell: ms_bcd|bcd_divide|LPM_DIVIDE_component|auto_generated|divider|divider|StageOut[44]~7  from: datad  to: combout
    Info (332098): Cell: ms_bcd|bcd_divide|LPM_DIVIDE_component|auto_generated|divider|divider|StageOut[45]~6  from: datad  to: combout
    Info (332098): Cell: ms_bcd|bcd_divide|LPM_DIVIDE_component|auto_generated|divider|divider|op_4~2  from: cin  to: combout
    Info (332098): Cell: ms_bcd|bcd_divide|LPM_DIVIDE_component|auto_generated|divider|divider|op_4~4  from: cin  to: combout
    Info (332098): Cell: ms_bcd|bcd_divide|LPM_DIVIDE_component|auto_generated|divider|divider|op_4~6  from: cin  to: combout
    Info (332098): Cell: ms_bcd|bcd_divide|LPM_DIVIDE_component|auto_generated|divider|divider|op_4~8  from: cin  to: combout
    Info (332098): Cell: ms_bcd|bcd_divide|LPM_DIVIDE_component|auto_generated|divider|divider|op_5~2  from: cin  to: combout
    Info (332098): Cell: ms_bcd|bcd_divide|LPM_DIVIDE_component|auto_generated|divider|divider|op_5~2  from: dataa  to: cout
    Info (332098): Cell: ms_bcd|bcd_divide|LPM_DIVIDE_component|auto_generated|divider|divider|op_5~2  from: datab  to: cout
    Info (332098): Cell: ms_bcd|bcd_divide|LPM_DIVIDE_component|auto_generated|divider|divider|op_5~4  from: cin  to: combout
    Info (332098): Cell: ms_bcd|bcd_divide|LPM_DIVIDE_component|auto_generated|divider|divider|op_5~4  from: dataa  to: combout
    Info (332098): Cell: ms_bcd|digit2|Mux0~2  from: datac  to: combout
    Info (332098): Cell: ms_bcd|digit2|Mux0~2  from: datad  to: combout
    Info (332098): Cell: sec_bcd|bcd_divide|LPM_DIVIDE_component|auto_generated|divider|divider|StageOut[37]~2  from: dataa  to: combout
    Info (332098): Cell: sec_bcd|bcd_divide|LPM_DIVIDE_component|auto_generated|divider|divider|StageOut[38]~5  from: datac  to: combout
    Info (332098): Cell: sec_bcd|bcd_divide|LPM_DIVIDE_component|auto_generated|divider|divider|StageOut[39]~4  from: datac  to: combout
    Info (332098): Cell: sec_bcd|bcd_divide|LPM_DIVIDE_component|auto_generated|divider|divider|StageOut[44]~7  from: dataa  to: combout
    Info (332098): Cell: sec_bcd|bcd_divide|LPM_DIVIDE_component|auto_generated|divider|divider|StageOut[44]~7  from: datac  to: combout
    Info (332098): Cell: sec_bcd|bcd_divide|LPM_DIVIDE_component|auto_generated|divider|divider|StageOut[44]~7  from: datad  to: combout
    Info (332098): Cell: sec_bcd|bcd_divide|LPM_DIVIDE_component|auto_generated|divider|divider|StageOut[45]~6  from: datac  to: combout
    Info (332098): Cell: sec_bcd|bcd_divide|LPM_DIVIDE_component|auto_generated|divider|divider|op_4~2  from: cin  to: combout
    Info (332098): Cell: sec_bcd|bcd_divide|LPM_DIVIDE_component|auto_generated|divider|divider|op_4~4  from: cin  to: combout
    Info (332098): Cell: sec_bcd|bcd_divide|LPM_DIVIDE_component|auto_generated|divider|divider|op_4~6  from: cin  to: combout
    Info (332098): Cell: sec_bcd|bcd_divide|LPM_DIVIDE_component|auto_generated|divider|divider|op_4~8  from: cin  to: combout
    Info (332098): Cell: sec_bcd|bcd_divide|LPM_DIVIDE_component|auto_generated|divider|divider|op_5~2  from: cin  to: combout
    Info (332098): Cell: sec_bcd|bcd_divide|LPM_DIVIDE_component|auto_generated|divider|divider|op_5~2  from: dataa  to: cout
    Info (332098): Cell: sec_bcd|bcd_divide|LPM_DIVIDE_component|auto_generated|divider|divider|op_5~2  from: datab  to: cout
    Info (332098): Cell: sec_bcd|bcd_divide|LPM_DIVIDE_component|auto_generated|divider|divider|op_5~4  from: cin  to: combout
    Info (332098): Cell: sec_bcd|bcd_divide|LPM_DIVIDE_component|auto_generated|divider|divider|op_5~4  from: datab  to: combout
    Info (332098): Cell: sec_bcd|digit2|Mux0~2  from: dataa  to: combout
    Info (332098): Cell: sec_bcd|digit2|Mux0~2  from: datab  to: combout
Info (332123): Deriving Clock Uncertainty. Please refer to report_sdc in the Timing Analyzer to see clock uncertainties.
Critical Warning (332148): Timing requirements not met
Info (332146): Worst-case setup slack is -7.902
    Info (332119):     Slack       End Point TNS Clock 
    Info (332119): ========= =================== =====================
    Info (332119):    -7.902             -22.560 ms_counter[1] 
    Info (332119):    -7.878             -22.915 min_counter[1] 
    Info (332119):    -7.764             -22.167 sec_counter[1] 
    Info (332119):    -7.232             -32.884 sec_counter[2] 
    Info (332119):    -7.152             -33.435 min_counter[2] 
    Info (332119):    -6.985             -31.943 ms_counter[2] 
    Info (332119):    -1.871             -50.157 CLOCK_50 
    Info (332119):     0.048               0.000 KEY[0] 
    Info (332119):     0.694               0.000 KEY[1] 
Info (332146): Worst-case hold slack is 0.095
    Info (332119):     Slack       End Point TNS Clock 
    Info (332119): ========= =================== =====================
    Info (332119):     0.095               0.000 CLOCK_50 
    Info (332119):     0.170               0.000 KEY[0] 
    Info (332119):     0.170               0.000 KEY[1] 
    Info (332119):     0.518               0.000 min_counter[2] 
    Info (332119):     0.529               0.000 ms_counter[2] 
    Info (332119):     0.602               0.000 sec_counter[2] 
    Info (332119):     1.249               0.000 ms_counter[1] 
    Info (332119):     1.450               0.000 sec_counter[1] 
    Info (332119):     1.661               0.000 min_counter[1] 
Info (332140): No Recovery paths to report
Info (332140): No Removal paths to report
Info (332146): Worst-case minimum pulse width slack is -3.000
    Info (332119):     Slack       End Point TNS Clock 
    Info (332119): ========= =================== =====================
    Info (332119):    -3.000             -59.548 CLOCK_50 
    Info (332119):    -3.000             -16.130 KEY[0] 
    Info (332119):    -3.000              -4.259 KEY[1] 
    Info (332119):    -1.216             -45.841 sec_counter[2] 
    Info (332119):    -1.116             -56.635 min_counter[2] 
    Info (332119):    -0.959             -14.444 ms_counter[1] 
    Info (332119):    -0.915             -36.937 ms_counter[2] 
    Info (332119):    -0.751             -10.341 min_counter[1] 
    Info (332119):    -0.689              -8.720 sec_counter[1] 
Info (332102): Design is not fully constrained for setup requirements
Info (332102): Design is not fully constrained for hold requirements
Info: Quartus Prime Timing Analyzer was successful. 0 errors, 7 warnings
    Info: Peak virtual memory: 4831 megabytes
    Info: Processing ended: Wed Sep 20 23:23:26 2023
    Info: Elapsed time: 00:00:04
    Info: Total CPU time (on all processors): 00:00:02


