Timing Analyzer report for Assignment
Tue Oct 17 23:52:25 2023
Quartus Prime Version 18.1.0 Build 625 09/12/2018 SJ Lite Edition


---------------------
; Table of Contents ;
---------------------
  1. Legal Notice
  2. Timing Analyzer Summary
  3. Parallel Compilation
  4. Clocks
  5. Slow 1200mV 85C Model Fmax Summary
  6. Slow 1200mV 85C Model Setup Summary
  7. Slow 1200mV 85C Model Hold Summary
  8. Slow 1200mV 85C Model Recovery Summary
  9. Slow 1200mV 85C Model Removal Summary
 10. Slow 1200mV 85C Model Minimum Pulse Width Summary
 11. Slow 1200mV 85C Model Metastability Summary
 12. Slow 1200mV 0C Model Fmax Summary
 13. Slow 1200mV 0C Model Setup Summary
 14. Slow 1200mV 0C Model Hold Summary
 15. Slow 1200mV 0C Model Recovery Summary
 16. Slow 1200mV 0C Model Removal Summary
 17. Slow 1200mV 0C Model Minimum Pulse Width Summary
 18. Slow 1200mV 0C Model Metastability Summary
 19. Fast 1200mV 0C Model Setup Summary
 20. Fast 1200mV 0C Model Hold Summary
 21. Fast 1200mV 0C Model Recovery Summary
 22. Fast 1200mV 0C Model Removal Summary
 23. Fast 1200mV 0C Model Minimum Pulse Width Summary
 24. Fast 1200mV 0C Model Metastability Summary
 25. Multicorner Timing Analysis Summary
 26. Board Trace Model Assignments
 27. Input Transition Times
 28. Signal Integrity Metrics (Slow 1200mv 0c Model)
 29. Signal Integrity Metrics (Slow 1200mv 85c Model)
 30. Signal Integrity Metrics (Fast 1200mv 0c Model)
 31. Setup Transfers
 32. Hold Transfers
 33. Report TCCS
 34. Report RSKM
 35. Unconstrained Paths Summary
 36. Clock Status Summary
 37. Unconstrained Input Ports
 38. Unconstrained Output Ports
 39. Unconstrained Input Ports
 40. Unconstrained Output Ports
 41. Timing Analyzer Messages



----------------
; Legal Notice ;
----------------
Copyright (C) 2018  Intel Corporation. All rights reserved.
Your use of Intel Corporation's design tools, logic functions 
and other software and tools, and its AMPP partner logic 
functions, and any output files from any of the foregoing 
(including device programming or simulation files), and any 
associated documentation or information are expressly subject 
to the terms and conditions of the Intel Program License 
Subscription Agreement, the Intel Quartus Prime License Agreement,
the Intel FPGA IP License Agreement, or other applicable license
agreement, including, without limitation, that your use is for
the sole purpose of programming logic devices manufactured by
Intel and sold by Intel or its authorized distributors.  Please
refer to the applicable agreement for further details.



+-----------------------------------------------------------------------------+
; Timing Analyzer Summary                                                     ;
+-----------------------+-----------------------------------------------------+
; Quartus Prime Version ; Version 18.1.0 Build 625 09/12/2018 SJ Lite Edition ;
; Timing Analyzer       ; Legacy Timing Analyzer                              ;
; Revision Name         ; Assignment                                          ;
; Device Family         ; MAX 10                                              ;
; Device Name           ; 10M50DAF484C7G                                      ;
; Timing Models         ; Final                                               ;
; Delay Model           ; Combined                                            ;
; Rise/Fall Delays      ; Enabled                                             ;
+-----------------------+-----------------------------------------------------+


+------------------------------------------+
; Parallel Compilation                     ;
+----------------------------+-------------+
; Processors                 ; Number      ;
+----------------------------+-------------+
; Number detected on machine ; 8           ;
; Maximum allowed            ; 4           ;
;                            ;             ;
; Average used               ; 1.54        ;
; Maximum used               ; 4           ;
;                            ;             ;
; Usage by Processor         ; % Time Used ;
;     Processor 1            ; 100.0%      ;
;     Processor 2            ;  18.2%      ;
;     Processor 3            ;  18.1%      ;
;     Processor 4            ;  18.0%      ;
+----------------------------+-------------+


+----------------------------------------------------------------------------------------------------------------------------------------------------------------------------------------------------------------------------------------------------------------------------+
; Clocks                                                                                                                                                                                                                                                                     ;
+------------------------------------------------------+------+--------+------------+-------+-------+------------+-----------+-------------+-------+--------+-----------+------------+----------+--------+--------+----------------------------------------------------------+
; Clock Name                                           ; Type ; Period ; Frequency  ; Rise  ; Fall  ; Duty Cycle ; Divide by ; Multiply by ; Phase ; Offset ; Edge List ; Edge Shift ; Inverted ; Master ; Source ; Targets                                                  ;
+------------------------------------------------------+------+--------+------------+-------+-------+------------+-----------+-------------+-------+--------+-----------+------------+----------+--------+--------+----------------------------------------------------------+
; extended_proc:testproc|alu_op[0]                     ; Base ; 1.000  ; 1000.0 MHz ; 0.000 ; 0.500 ;            ;           ;             ;       ;        ;           ;            ;          ;        ;        ; { extended_proc:testproc|alu_op[0] }                     ;
; extended_proc:testproc|bus_control[1]                ; Base ; 1.000  ; 1000.0 MHz ; 0.000 ; 0.500 ;            ;           ;             ;       ;        ;           ;            ;          ;        ;        ; { extended_proc:testproc|bus_control[1] }                ;
; extended_proc:testproc|register_n:reg_H|Q[0]         ; Base ; 1.000  ; 1000.0 MHz ; 0.000 ; 0.500 ;            ;           ;             ;       ;        ;           ;            ;          ;        ;        ; { extended_proc:testproc|register_n:reg_H|Q[0] }         ;
; extended_proc:testproc|register_n:reg_H|Q[15]        ; Base ; 1.000  ; 1000.0 MHz ; 0.000 ; 0.500 ;            ;           ;             ;       ;        ;           ;            ;          ;        ;        ; { extended_proc:testproc|register_n:reg_H|Q[15] }        ;
; extended_proc:testproc|tick_FSM:tick_counter|tick[0] ; Base ; 1.000  ; 1000.0 MHz ; 0.000 ; 0.500 ;            ;           ;             ;       ;        ;           ;            ;          ;        ;        ; { extended_proc:testproc|tick_FSM:tick_counter|tick[0] } ;
; extended_proc:testproc|tick_FSM:tick_counter|tick[1] ; Base ; 1.000  ; 1000.0 MHz ; 0.000 ; 0.500 ;            ;           ;             ;       ;        ;           ;            ;          ;        ;        ; { extended_proc:testproc|tick_FSM:tick_counter|tick[1] } ;
; KEY[0]                                               ; Base ; 1.000  ; 1000.0 MHz ; 0.000 ; 0.500 ;            ;           ;             ;       ;        ;           ;            ;          ;        ;        ; { KEY[0] }                                               ;
+------------------------------------------------------+------+--------+------------+-------+-------+------------+-----------+-------------+-------+--------+-----------+------------+----------+--------+--------+----------------------------------------------------------+


+---------------------------------------------------------------------------------------------------------------+
; Slow 1200mV 85C Model Fmax Summary                                                                            ;
+------------+-----------------+------------------------------------------------------+-------------------------+
; Fmax       ; Restricted Fmax ; Clock Name                                           ; Note                    ;
+------------+-----------------+------------------------------------------------------+-------------------------+
; 5.23 MHz   ; 4.9 MHz         ; extended_proc:testproc|register_n:reg_H|Q[0]         ; limit due to hold check ;
; 5.27 MHz   ; 4.99 MHz        ; extended_proc:testproc|register_n:reg_H|Q[15]        ; limit due to hold check ;
; 48.82 MHz  ; 48.82 MHz       ; extended_proc:testproc|alu_op[0]                     ;                         ;
; 76.62 MHz  ; 76.62 MHz       ; extended_proc:testproc|tick_FSM:tick_counter|tick[0] ;                         ;
; 77.86 MHz  ; 77.86 MHz       ; extended_proc:testproc|tick_FSM:tick_counter|tick[1] ;                         ;
; 107.64 MHz ; 107.64 MHz      ; extended_proc:testproc|bus_control[1]                ;                         ;
; 216.68 MHz ; 216.68 MHz      ; KEY[0]                                               ;                         ;
+------------+-----------------+------------------------------------------------------+-------------------------+
This panel reports FMAX for every clock in the design, regardless of the user-specified clock periods.  FMAX is only computed for paths where the source and destination registers or ports are driven by the same clock.  Paths of different clocks, including generated clocks, are ignored.  For paths between a clock and its inversion, FMAX is computed as if the rising and falling edges are scaled along with FMAX, such that the duty cycle (in terms of a percentage) is maintained. Altera recommends that you always use clock constraints and other slack reports for sign-off analysis.


+--------------------------------------------------------------------------------+
; Slow 1200mV 85C Model Setup Summary                                            ;
+------------------------------------------------------+---------+---------------+
; Clock                                                ; Slack   ; End Point TNS ;
+------------------------------------------------------+---------+---------------+
; extended_proc:testproc|register_n:reg_H|Q[15]        ; -99.540 ; -1022.624     ;
; extended_proc:testproc|register_n:reg_H|Q[0]         ; -99.161 ; -944.512      ;
; extended_proc:testproc|alu_op[0]                     ; -13.673 ; -212.371      ;
; extended_proc:testproc|bus_control[1]                ; -11.883 ; -163.910      ;
; extended_proc:testproc|tick_FSM:tick_counter|tick[1] ; -6.879  ; -133.953      ;
; extended_proc:testproc|tick_FSM:tick_counter|tick[0] ; -6.063  ; -106.780      ;
; KEY[0]                                               ; -4.177  ; -747.796      ;
+------------------------------------------------------+---------+---------------+


+---------------------------------------------------------------------------------+
; Slow 1200mV 85C Model Hold Summary                                              ;
+------------------------------------------------------+----------+---------------+
; Clock                                                ; Slack    ; End Point TNS ;
+------------------------------------------------------+----------+---------------+
; extended_proc:testproc|register_n:reg_H|Q[0]         ; -102.058 ; -790.860      ;
; extended_proc:testproc|register_n:reg_H|Q[15]        ; -100.650 ; -773.604      ;
; extended_proc:testproc|alu_op[0]                     ; -2.381   ; -2.796        ;
; extended_proc:testproc|tick_FSM:tick_counter|tick[1] ; -2.183   ; -4.240        ;
; extended_proc:testproc|tick_FSM:tick_counter|tick[0] ; -1.919   ; -5.967        ;
; KEY[0]                                               ; -0.919   ; -2.401        ;
; extended_proc:testproc|bus_control[1]                ; 0.128    ; 0.000         ;
+------------------------------------------------------+----------+---------------+


------------------------------------------
; Slow 1200mV 85C Model Recovery Summary ;
------------------------------------------
No paths to report.


-----------------------------------------
; Slow 1200mV 85C Model Removal Summary ;
-----------------------------------------
No paths to report.


+--------------------------------------------------------------------------------+
; Slow 1200mV 85C Model Minimum Pulse Width Summary                              ;
+------------------------------------------------------+---------+---------------+
; Clock                                                ; Slack   ; End Point TNS ;
+------------------------------------------------------+---------+---------------+
; extended_proc:testproc|register_n:reg_H|Q[0]         ; -97.131 ; -421482.733   ;
; extended_proc:testproc|register_n:reg_H|Q[15]        ; -96.422 ; -421559.003   ;
; KEY[0]                                               ; -3.166  ; -369.479      ;
; extended_proc:testproc|tick_FSM:tick_counter|tick[1] ; -0.780  ; -18.249       ;
; extended_proc:testproc|tick_FSM:tick_counter|tick[0] ; -0.066  ; -0.451        ;
; extended_proc:testproc|bus_control[1]                ; 0.387   ; 0.000         ;
; extended_proc:testproc|alu_op[0]                     ; 0.441   ; 0.000         ;
+------------------------------------------------------+---------+---------------+


-----------------------------------------------
; Slow 1200mV 85C Model Metastability Summary ;
-----------------------------------------------
No synchronizer chains to report.


+---------------------------------------------------------------------------------------------------------------+
; Slow 1200mV 0C Model Fmax Summary                                                                             ;
+------------+-----------------+------------------------------------------------------+-------------------------+
; Fmax       ; Restricted Fmax ; Clock Name                                           ; Note                    ;
+------------+-----------------+------------------------------------------------------+-------------------------+
; 5.76 MHz   ; 5.4 MHz         ; extended_proc:testproc|register_n:reg_H|Q[0]         ; limit due to hold check ;
; 5.79 MHz   ; 5.5 MHz         ; extended_proc:testproc|register_n:reg_H|Q[15]        ; limit due to hold check ;
; 53.54 MHz  ; 53.54 MHz       ; extended_proc:testproc|alu_op[0]                     ;                         ;
; 80.74 MHz  ; 80.74 MHz       ; extended_proc:testproc|tick_FSM:tick_counter|tick[0] ;                         ;
; 81.29 MHz  ; 81.29 MHz       ; extended_proc:testproc|tick_FSM:tick_counter|tick[1] ;                         ;
; 112.99 MHz ; 112.99 MHz      ; extended_proc:testproc|bus_control[1]                ;                         ;
; 232.88 MHz ; 232.88 MHz      ; KEY[0]                                               ;                         ;
+------------+-----------------+------------------------------------------------------+-------------------------+
This panel reports FMAX for every clock in the design, regardless of the user-specified clock periods.  FMAX is only computed for paths where the source and destination registers or ports are driven by the same clock.  Paths of different clocks, including generated clocks, are ignored.  For paths between a clock and its inversion, FMAX is computed as if the rising and falling edges are scaled along with FMAX, such that the duty cycle (in terms of a percentage) is maintained. Altera recommends that you always use clock constraints and other slack reports for sign-off analysis.


+--------------------------------------------------------------------------------+
; Slow 1200mV 0C Model Setup Summary                                             ;
+------------------------------------------------------+---------+---------------+
; Clock                                                ; Slack   ; End Point TNS ;
+------------------------------------------------------+---------+---------------+
; extended_proc:testproc|register_n:reg_H|Q[15]        ; -90.393 ; -932.089      ;
; extended_proc:testproc|register_n:reg_H|Q[0]         ; -90.087 ; -860.937      ;
; extended_proc:testproc|alu_op[0]                     ; -12.475 ; -194.993      ;
; extended_proc:testproc|bus_control[1]                ; -10.943 ; -150.115      ;
; extended_proc:testproc|tick_FSM:tick_counter|tick[1] ; -6.462  ; -124.209      ;
; extended_proc:testproc|tick_FSM:tick_counter|tick[0] ; -5.693  ; -98.990       ;
; KEY[0]                                               ; -3.797  ; -676.653      ;
+------------------------------------------------------+---------+---------------+


+--------------------------------------------------------------------------------+
; Slow 1200mV 0C Model Hold Summary                                              ;
+------------------------------------------------------+---------+---------------+
; Clock                                                ; Slack   ; End Point TNS ;
+------------------------------------------------------+---------+---------------+
; extended_proc:testproc|register_n:reg_H|Q[0]         ; -92.614 ; -719.046      ;
; extended_proc:testproc|register_n:reg_H|Q[15]        ; -91.335 ; -703.338      ;
; extended_proc:testproc|alu_op[0]                     ; -2.154  ; -2.535        ;
; extended_proc:testproc|tick_FSM:tick_counter|tick[1] ; -1.950  ; -3.670        ;
; extended_proc:testproc|tick_FSM:tick_counter|tick[0] ; -1.755  ; -5.133        ;
; KEY[0]                                               ; -0.914  ; -2.482        ;
; extended_proc:testproc|bus_control[1]                ; 0.152   ; 0.000         ;
+------------------------------------------------------+---------+---------------+


-----------------------------------------
; Slow 1200mV 0C Model Recovery Summary ;
-----------------------------------------
No paths to report.


----------------------------------------
; Slow 1200mV 0C Model Removal Summary ;
----------------------------------------
No paths to report.


+--------------------------------------------------------------------------------+
; Slow 1200mV 0C Model Minimum Pulse Width Summary                               ;
+------------------------------------------------------+---------+---------------+
; Clock                                                ; Slack   ; End Point TNS ;
+------------------------------------------------------+---------+---------------+
; extended_proc:testproc|register_n:reg_H|Q[0]         ; -88.158 ; -382629.559   ;
; extended_proc:testproc|register_n:reg_H|Q[15]        ; -87.429 ; -382500.884   ;
; KEY[0]                                               ; -3.166  ; -369.479      ;
; extended_proc:testproc|tick_FSM:tick_counter|tick[1] ; -0.726  ; -15.502       ;
; extended_proc:testproc|tick_FSM:tick_counter|tick[0] ; -0.066  ; -0.420        ;
; extended_proc:testproc|bus_control[1]                ; 0.335   ; 0.000         ;
; extended_proc:testproc|alu_op[0]                     ; 0.404   ; 0.000         ;
+------------------------------------------------------+---------+---------------+


----------------------------------------------
; Slow 1200mV 0C Model Metastability Summary ;
----------------------------------------------
No synchronizer chains to report.


+--------------------------------------------------------------------------------+
; Fast 1200mV 0C Model Setup Summary                                             ;
+------------------------------------------------------+---------+---------------+
; Clock                                                ; Slack   ; End Point TNS ;
+------------------------------------------------------+---------+---------------+
; extended_proc:testproc|register_n:reg_H|Q[0]         ; -40.354 ; -391.542      ;
; extended_proc:testproc|register_n:reg_H|Q[15]        ; -40.347 ; -425.128      ;
; extended_proc:testproc|alu_op[0]                     ; -5.626  ; -87.882       ;
; extended_proc:testproc|bus_control[1]                ; -5.148  ; -69.414       ;
; extended_proc:testproc|tick_FSM:tick_counter|tick[1] ; -3.069  ; -58.117       ;
; extended_proc:testproc|tick_FSM:tick_counter|tick[0] ; -2.783  ; -44.148       ;
; KEY[0]                                               ; -1.304  ; -199.227      ;
+------------------------------------------------------+---------+---------------+


+--------------------------------------------------------------------------------+
; Fast 1200mV 0C Model Hold Summary                                              ;
+------------------------------------------------------+---------+---------------+
; Clock                                                ; Slack   ; End Point TNS ;
+------------------------------------------------------+---------+---------------+
; extended_proc:testproc|register_n:reg_H|Q[0]         ; -41.856 ; -322.799      ;
; extended_proc:testproc|register_n:reg_H|Q[15]        ; -41.324 ; -316.055      ;
; extended_proc:testproc|alu_op[0]                     ; -1.262  ; -1.668        ;
; extended_proc:testproc|tick_FSM:tick_counter|tick[1] ; -1.093  ; -2.730        ;
; KEY[0]                                               ; -0.809  ; -2.572        ;
; extended_proc:testproc|tick_FSM:tick_counter|tick[0] ; -0.796  ; -2.144        ;
; extended_proc:testproc|bus_control[1]                ; -0.284  ; -0.284        ;
+------------------------------------------------------+---------+---------------+


-----------------------------------------
; Fast 1200mV 0C Model Recovery Summary ;
-----------------------------------------
No paths to report.


----------------------------------------
; Fast 1200mV 0C Model Removal Summary ;
----------------------------------------
No paths to report.


+--------------------------------------------------------------------------------+
; Fast 1200mV 0C Model Minimum Pulse Width Summary                               ;
+------------------------------------------------------+---------+---------------+
; Clock                                                ; Slack   ; End Point TNS ;
+------------------------------------------------------+---------+---------------+
; extended_proc:testproc|register_n:reg_H|Q[0]         ; -39.287 ; -168778.041   ;
; extended_proc:testproc|register_n:reg_H|Q[15]        ; -39.178 ; -168429.106   ;
; KEY[0]                                               ; -3.000  ; -286.144      ;
; extended_proc:testproc|tick_FSM:tick_counter|tick[0] ; -0.010  ; -0.028        ;
; extended_proc:testproc|tick_FSM:tick_counter|tick[1] ; -0.006  ; -0.006        ;
; extended_proc:testproc|alu_op[0]                     ; 0.437   ; 0.000         ;
; extended_proc:testproc|bus_control[1]                ; 0.446   ; 0.000         ;
+------------------------------------------------------+---------+---------------+


----------------------------------------------
; Fast 1200mV 0C Model Metastability Summary ;
----------------------------------------------
No synchronizer chains to report.


+--------------------------------------------------------------------------------------------------------------------------+
; Multicorner Timing Analysis Summary                                                                                      ;
+-------------------------------------------------------+-----------+-----------+----------+---------+---------------------+
; Clock                                                 ; Setup     ; Hold      ; Recovery ; Removal ; Minimum Pulse Width ;
+-------------------------------------------------------+-----------+-----------+----------+---------+---------------------+
; Worst-case Slack                                      ; -99.540   ; -102.058  ; N/A      ; N/A     ; -97.131             ;
;  KEY[0]                                               ; -4.177    ; -0.919    ; N/A      ; N/A     ; -3.166              ;
;  extended_proc:testproc|alu_op[0]                     ; -13.673   ; -2.381    ; N/A      ; N/A     ; 0.404               ;
;  extended_proc:testproc|bus_control[1]                ; -11.883   ; -0.284    ; N/A      ; N/A     ; 0.335               ;
;  extended_proc:testproc|register_n:reg_H|Q[0]         ; -99.161   ; -102.058  ; N/A      ; N/A     ; -97.131             ;
;  extended_proc:testproc|register_n:reg_H|Q[15]        ; -99.540   ; -100.650  ; N/A      ; N/A     ; -96.422             ;
;  extended_proc:testproc|tick_FSM:tick_counter|tick[0] ; -6.063    ; -1.919    ; N/A      ; N/A     ; -0.066              ;
;  extended_proc:testproc|tick_FSM:tick_counter|tick[1] ; -6.879    ; -2.183    ; N/A      ; N/A     ; -0.780              ;
; Design-wide TNS                                       ; -3331.946 ; -1579.868 ; 0.0      ; 0.0     ; -843429.915         ;
;  KEY[0]                                               ; -747.796  ; -2.572    ; N/A      ; N/A     ; -369.479            ;
;  extended_proc:testproc|alu_op[0]                     ; -212.371  ; -2.796    ; N/A      ; N/A     ; 0.000               ;
;  extended_proc:testproc|bus_control[1]                ; -163.910  ; -0.284    ; N/A      ; N/A     ; 0.000               ;
;  extended_proc:testproc|register_n:reg_H|Q[0]         ; -944.512  ; -790.860  ; N/A      ; N/A     ; -421482.733         ;
;  extended_proc:testproc|register_n:reg_H|Q[15]        ; -1022.624 ; -773.604  ; N/A      ; N/A     ; -421559.003         ;
;  extended_proc:testproc|tick_FSM:tick_counter|tick[0] ; -106.780  ; -5.967    ; N/A      ; N/A     ; -0.451              ;
;  extended_proc:testproc|tick_FSM:tick_counter|tick[1] ; -133.953  ; -4.240    ; N/A      ; N/A     ; -18.249             ;
+-------------------------------------------------------+-----------+-----------+----------+---------+---------------------+


+-----------------------------------------------------------------------------------------------------------------------------------------------------------------------------------------------------------------------------------------------------------------------------------------------------------------------------------------------------------------------------------------------------------------+
; Board Trace Model Assignments                                                                                                                                                                                                                                                                                                                                                                                   ;
+--------------+--------------+-------------------+-------------------------+-------------------------+---------------+---------------------+----------------+------------------+--------+------------------+------------------------+------------------------+--------------+---------------+-----------------+-------+---------------------+--------------------+---------------+-----------------+-------------+
; Pin          ; I/O Standard ; Near Tline Length ; Near Tline L per Length ; Near Tline C per Length ; Near Series R ; Near Differential R ; Near Pull-up R ; Near Pull-down R ; Near C ; Far Tline Length ; Far Tline L per Length ; Far Tline C per Length ; Far Series R ; Far Pull-up R ; Far Pull-down R ; Far C ; Termination Voltage ; Far Differential R ; EBD File Name ; EBD Signal Name ; EBD Far-end ;
+--------------+--------------+-------------------+-------------------------+-------------------------+---------------+---------------------+----------------+------------------+--------+------------------+------------------------+------------------------+--------------+---------------+-----------------+-------+---------------------+--------------------+---------------+-----------------+-------------+
; LEDR[0]      ; 3.3-V LVTTL  ; 0 in              ; 0 H/in                  ; 0 F/in                  ; short         ; -                   ; open           ; open             ; open   ; 0 in             ; 0 H/in                 ; 0 F/in                 ; short        ; open          ; open            ; open  ; 0 V                 ; -                  ; n/a           ; n/a             ; n/a         ;
; LEDR[1]      ; 3.3-V LVTTL  ; 0 in              ; 0 H/in                  ; 0 F/in                  ; short         ; -                   ; open           ; open             ; open   ; 0 in             ; 0 H/in                 ; 0 F/in                 ; short        ; open          ; open            ; open  ; 0 V                 ; -                  ; n/a           ; n/a             ; n/a         ;
; LEDR[2]      ; 3.3-V LVTTL  ; 0 in              ; 0 H/in                  ; 0 F/in                  ; short         ; -                   ; open           ; open             ; open   ; 0 in             ; 0 H/in                 ; 0 F/in                 ; short        ; open          ; open            ; open  ; 0 V                 ; -                  ; n/a           ; n/a             ; n/a         ;
; LEDR[3]      ; 3.3-V LVTTL  ; 0 in              ; 0 H/in                  ; 0 F/in                  ; short         ; -                   ; open           ; open             ; open   ; 0 in             ; 0 H/in                 ; 0 F/in                 ; short        ; open          ; open            ; open  ; 0 V                 ; -                  ; n/a           ; n/a             ; n/a         ;
; LEDR[4]      ; 3.3-V LVTTL  ; 0 in              ; 0 H/in                  ; 0 F/in                  ; short         ; -                   ; open           ; open             ; open   ; 0 in             ; 0 H/in                 ; 0 F/in                 ; short        ; open          ; open            ; open  ; 0 V                 ; -                  ; n/a           ; n/a             ; n/a         ;
; LEDR[5]      ; 3.3-V LVTTL  ; 0 in              ; 0 H/in                  ; 0 F/in                  ; short         ; -                   ; open           ; open             ; open   ; 0 in             ; 0 H/in                 ; 0 F/in                 ; short        ; open          ; open            ; open  ; 0 V                 ; -                  ; n/a           ; n/a             ; n/a         ;
; LEDR[6]      ; 3.3-V LVTTL  ; 0 in              ; 0 H/in                  ; 0 F/in                  ; short         ; -                   ; open           ; open             ; open   ; 0 in             ; 0 H/in                 ; 0 F/in                 ; short        ; open          ; open            ; open  ; 0 V                 ; -                  ; n/a           ; n/a             ; n/a         ;
; LEDR[7]      ; 3.3-V LVTTL  ; 0 in              ; 0 H/in                  ; 0 F/in                  ; short         ; -                   ; open           ; open             ; open   ; 0 in             ; 0 H/in                 ; 0 F/in                 ; short        ; open          ; open            ; open  ; 0 V                 ; -                  ; n/a           ; n/a             ; n/a         ;
; LEDR[8]      ; 3.3-V LVTTL  ; 0 in              ; 0 H/in                  ; 0 F/in                  ; short         ; -                   ; open           ; open             ; open   ; 0 in             ; 0 H/in                 ; 0 F/in                 ; short        ; open          ; open            ; open  ; 0 V                 ; -                  ; n/a           ; n/a             ; n/a         ;
; LEDR[9]      ; 3.3-V LVTTL  ; 0 in              ; 0 H/in                  ; 0 F/in                  ; short         ; -                   ; open           ; open             ; open   ; 0 in             ; 0 H/in                 ; 0 F/in                 ; short        ; open          ; open            ; open  ; 0 V                 ; -                  ; n/a           ; n/a             ; n/a         ;
; HEX0[0]      ; 3.3-V LVTTL  ; 0 in              ; 0 H/in                  ; 0 F/in                  ; short         ; -                   ; open           ; open             ; open   ; 0 in             ; 0 H/in                 ; 0 F/in                 ; short        ; open          ; open            ; open  ; 0 V                 ; -                  ; n/a           ; n/a             ; n/a         ;
; HEX0[1]      ; 3.3-V LVTTL  ; 0 in              ; 0 H/in                  ; 0 F/in                  ; short         ; -                   ; open           ; open             ; open   ; 0 in             ; 0 H/in                 ; 0 F/in                 ; short        ; open          ; open            ; open  ; 0 V                 ; -                  ; n/a           ; n/a             ; n/a         ;
; HEX0[2]      ; 3.3-V LVTTL  ; 0 in              ; 0 H/in                  ; 0 F/in                  ; short         ; -                   ; open           ; open             ; open   ; 0 in             ; 0 H/in                 ; 0 F/in                 ; short        ; open          ; open            ; open  ; 0 V                 ; -                  ; n/a           ; n/a             ; n/a         ;
; HEX0[3]      ; 3.3-V LVTTL  ; 0 in              ; 0 H/in                  ; 0 F/in                  ; short         ; -                   ; open           ; open             ; open   ; 0 in             ; 0 H/in                 ; 0 F/in                 ; short        ; open          ; open            ; open  ; 0 V                 ; -                  ; n/a           ; n/a             ; n/a         ;
; HEX0[4]      ; 3.3-V LVTTL  ; 0 in              ; 0 H/in                  ; 0 F/in                  ; short         ; -                   ; open           ; open             ; open   ; 0 in             ; 0 H/in                 ; 0 F/in                 ; short        ; open          ; open            ; open  ; 0 V                 ; -                  ; n/a           ; n/a             ; n/a         ;
; HEX0[5]      ; 3.3-V LVTTL  ; 0 in              ; 0 H/in                  ; 0 F/in                  ; short         ; -                   ; open           ; open             ; open   ; 0 in             ; 0 H/in                 ; 0 F/in                 ; short        ; open          ; open            ; open  ; 0 V                 ; -                  ; n/a           ; n/a             ; n/a         ;
; HEX0[6]      ; 3.3-V LVTTL  ; 0 in              ; 0 H/in                  ; 0 F/in                  ; short         ; -                   ; open           ; open             ; open   ; 0 in             ; 0 H/in                 ; 0 F/in                 ; short        ; open          ; open            ; open  ; 0 V                 ; -                  ; n/a           ; n/a             ; n/a         ;
; HEX1[0]      ; 3.3-V LVTTL  ; 0 in              ; 0 H/in                  ; 0 F/in                  ; short         ; -                   ; open           ; open             ; open   ; 0 in             ; 0 H/in                 ; 0 F/in                 ; short        ; open          ; open            ; open  ; 0 V                 ; -                  ; n/a           ; n/a             ; n/a         ;
; HEX1[1]      ; 3.3-V LVTTL  ; 0 in              ; 0 H/in                  ; 0 F/in                  ; short         ; -                   ; open           ; open             ; open   ; 0 in             ; 0 H/in                 ; 0 F/in                 ; short        ; open          ; open            ; open  ; 0 V                 ; -                  ; n/a           ; n/a             ; n/a         ;
; HEX1[2]      ; 3.3-V LVTTL  ; 0 in              ; 0 H/in                  ; 0 F/in                  ; short         ; -                   ; open           ; open             ; open   ; 0 in             ; 0 H/in                 ; 0 F/in                 ; short        ; open          ; open            ; open  ; 0 V                 ; -                  ; n/a           ; n/a             ; n/a         ;
; HEX1[3]      ; 3.3-V LVTTL  ; 0 in              ; 0 H/in                  ; 0 F/in                  ; short         ; -                   ; open           ; open             ; open   ; 0 in             ; 0 H/in                 ; 0 F/in                 ; short        ; open          ; open            ; open  ; 0 V                 ; -                  ; n/a           ; n/a             ; n/a         ;
; HEX1[4]      ; 3.3-V LVTTL  ; 0 in              ; 0 H/in                  ; 0 F/in                  ; short         ; -                   ; open           ; open             ; open   ; 0 in             ; 0 H/in                 ; 0 F/in                 ; short        ; open          ; open            ; open  ; 0 V                 ; -                  ; n/a           ; n/a             ; n/a         ;
; HEX1[5]      ; 3.3-V LVTTL  ; 0 in              ; 0 H/in                  ; 0 F/in                  ; short         ; -                   ; open           ; open             ; open   ; 0 in             ; 0 H/in                 ; 0 F/in                 ; short        ; open          ; open            ; open  ; 0 V                 ; -                  ; n/a           ; n/a             ; n/a         ;
; HEX1[6]      ; 3.3-V LVTTL  ; 0 in              ; 0 H/in                  ; 0 F/in                  ; short         ; -                   ; open           ; open             ; open   ; 0 in             ; 0 H/in                 ; 0 F/in                 ; short        ; open          ; open            ; open  ; 0 V                 ; -                  ; n/a           ; n/a             ; n/a         ;
; HEX2[0]      ; 3.3-V LVTTL  ; 0 in              ; 0 H/in                  ; 0 F/in                  ; short         ; -                   ; open           ; open             ; open   ; 0 in             ; 0 H/in                 ; 0 F/in                 ; short        ; open          ; open            ; open  ; 0 V                 ; -                  ; n/a           ; n/a             ; n/a         ;
; HEX2[1]      ; 3.3-V LVTTL  ; 0 in              ; 0 H/in                  ; 0 F/in                  ; short         ; -                   ; open           ; open             ; open   ; 0 in             ; 0 H/in                 ; 0 F/in                 ; short        ; open          ; open            ; open  ; 0 V                 ; -                  ; n/a           ; n/a             ; n/a         ;
; HEX2[2]      ; 3.3-V LVTTL  ; 0 in              ; 0 H/in                  ; 0 F/in                  ; short         ; -                   ; open           ; open             ; open   ; 0 in             ; 0 H/in                 ; 0 F/in                 ; short        ; open          ; open            ; open  ; 0 V                 ; -                  ; n/a           ; n/a             ; n/a         ;
; HEX2[3]      ; 3.3-V LVTTL  ; 0 in              ; 0 H/in                  ; 0 F/in                  ; short         ; -                   ; open           ; open             ; open   ; 0 in             ; 0 H/in                 ; 0 F/in                 ; short        ; open          ; open            ; open  ; 0 V                 ; -                  ; n/a           ; n/a             ; n/a         ;
; HEX2[4]      ; 3.3-V LVTTL  ; 0 in              ; 0 H/in                  ; 0 F/in                  ; short         ; -                   ; open           ; open             ; open   ; 0 in             ; 0 H/in                 ; 0 F/in                 ; short        ; open          ; open            ; open  ; 0 V                 ; -                  ; n/a           ; n/a             ; n/a         ;
; HEX2[5]      ; 3.3-V LVTTL  ; 0 in              ; 0 H/in                  ; 0 F/in                  ; short         ; -                   ; open           ; open             ; open   ; 0 in             ; 0 H/in                 ; 0 F/in                 ; short        ; open          ; open            ; open  ; 0 V                 ; -                  ; n/a           ; n/a             ; n/a         ;
; HEX2[6]      ; 3.3-V LVTTL  ; 0 in              ; 0 H/in                  ; 0 F/in                  ; short         ; -                   ; open           ; open             ; open   ; 0 in             ; 0 H/in                 ; 0 F/in                 ; short        ; open          ; open            ; open  ; 0 V                 ; -                  ; n/a           ; n/a             ; n/a         ;
; HEX3[0]      ; 3.3-V LVTTL  ; 0 in              ; 0 H/in                  ; 0 F/in                  ; short         ; -                   ; open           ; open             ; open   ; 0 in             ; 0 H/in                 ; 0 F/in                 ; short        ; open          ; open            ; open  ; 0 V                 ; -                  ; n/a           ; n/a             ; n/a         ;
; HEX3[1]      ; 3.3-V LVTTL  ; 0 in              ; 0 H/in                  ; 0 F/in                  ; short         ; -                   ; open           ; open             ; open   ; 0 in             ; 0 H/in                 ; 0 F/in                 ; short        ; open          ; open            ; open  ; 0 V                 ; -                  ; n/a           ; n/a             ; n/a         ;
; HEX3[2]      ; 3.3-V LVTTL  ; 0 in              ; 0 H/in                  ; 0 F/in                  ; short         ; -                   ; open           ; open             ; open   ; 0 in             ; 0 H/in                 ; 0 F/in                 ; short        ; open          ; open            ; open  ; 0 V                 ; -                  ; n/a           ; n/a             ; n/a         ;
; HEX3[3]      ; 3.3-V LVTTL  ; 0 in              ; 0 H/in                  ; 0 F/in                  ; short         ; -                   ; open           ; open             ; open   ; 0 in             ; 0 H/in                 ; 0 F/in                 ; short        ; open          ; open            ; open  ; 0 V                 ; -                  ; n/a           ; n/a             ; n/a         ;
; HEX3[4]      ; 3.3-V LVTTL  ; 0 in              ; 0 H/in                  ; 0 F/in                  ; short         ; -                   ; open           ; open             ; open   ; 0 in             ; 0 H/in                 ; 0 F/in                 ; short        ; open          ; open            ; open  ; 0 V                 ; -                  ; n/a           ; n/a             ; n/a         ;
; HEX3[5]      ; 3.3-V LVTTL  ; 0 in              ; 0 H/in                  ; 0 F/in                  ; short         ; -                   ; open           ; open             ; open   ; 0 in             ; 0 H/in                 ; 0 F/in                 ; short        ; open          ; open            ; open  ; 0 V                 ; -                  ; n/a           ; n/a             ; n/a         ;
; HEX3[6]      ; 3.3-V LVTTL  ; 0 in              ; 0 H/in                  ; 0 F/in                  ; short         ; -                   ; open           ; open             ; open   ; 0 in             ; 0 H/in                 ; 0 F/in                 ; short        ; open          ; open            ; open  ; 0 V                 ; -                  ; n/a           ; n/a             ; n/a         ;
; HEX4[0]      ; 3.3-V LVTTL  ; 0 in              ; 0 H/in                  ; 0 F/in                  ; short         ; -                   ; open           ; open             ; open   ; 0 in             ; 0 H/in                 ; 0 F/in                 ; short        ; open          ; open            ; open  ; 0 V                 ; -                  ; n/a           ; n/a             ; n/a         ;
; HEX4[1]      ; 3.3-V LVTTL  ; 0 in              ; 0 H/in                  ; 0 F/in                  ; short         ; -                   ; open           ; open             ; open   ; 0 in             ; 0 H/in                 ; 0 F/in                 ; short        ; open          ; open            ; open  ; 0 V                 ; -                  ; n/a           ; n/a             ; n/a         ;
; HEX4[2]      ; 3.3-V LVTTL  ; 0 in              ; 0 H/in                  ; 0 F/in                  ; short         ; -                   ; open           ; open             ; open   ; 0 in             ; 0 H/in                 ; 0 F/in                 ; short        ; open          ; open            ; open  ; 0 V                 ; -                  ; n/a           ; n/a             ; n/a         ;
; HEX4[3]      ; 3.3-V LVTTL  ; 0 in              ; 0 H/in                  ; 0 F/in                  ; short         ; -                   ; open           ; open             ; open   ; 0 in             ; 0 H/in                 ; 0 F/in                 ; short        ; open          ; open            ; open  ; 0 V                 ; -                  ; n/a           ; n/a             ; n/a         ;
; HEX4[4]      ; 3.3-V LVTTL  ; 0 in              ; 0 H/in                  ; 0 F/in                  ; short         ; -                   ; open           ; open             ; open   ; 0 in             ; 0 H/in                 ; 0 F/in                 ; short        ; open          ; open            ; open  ; 0 V                 ; -                  ; n/a           ; n/a             ; n/a         ;
; HEX4[5]      ; 3.3-V LVTTL  ; 0 in              ; 0 H/in                  ; 0 F/in                  ; short         ; -                   ; open           ; open             ; open   ; 0 in             ; 0 H/in                 ; 0 F/in                 ; short        ; open          ; open            ; open  ; 0 V                 ; -                  ; n/a           ; n/a             ; n/a         ;
; HEX4[6]      ; 3.3-V LVTTL  ; 0 in              ; 0 H/in                  ; 0 F/in                  ; short         ; -                   ; open           ; open             ; open   ; 0 in             ; 0 H/in                 ; 0 F/in                 ; short        ; open          ; open            ; open  ; 0 V                 ; -                  ; n/a           ; n/a             ; n/a         ;
; HEX5[0]      ; 3.3-V LVTTL  ; 0 in              ; 0 H/in                  ; 0 F/in                  ; short         ; -                   ; open           ; open             ; open   ; 0 in             ; 0 H/in                 ; 0 F/in                 ; short        ; open          ; open            ; open  ; 0 V                 ; -                  ; n/a           ; n/a             ; n/a         ;
; HEX5[1]      ; 3.3-V LVTTL  ; 0 in              ; 0 H/in                  ; 0 F/in                  ; short         ; -                   ; open           ; open             ; open   ; 0 in             ; 0 H/in                 ; 0 F/in                 ; short        ; open          ; open            ; open  ; 0 V                 ; -                  ; n/a           ; n/a             ; n/a         ;
; HEX5[2]      ; 3.3-V LVTTL  ; 0 in              ; 0 H/in                  ; 0 F/in                  ; short         ; -                   ; open           ; open             ; open   ; 0 in             ; 0 H/in                 ; 0 F/in                 ; short        ; open          ; open            ; open  ; 0 V                 ; -                  ; n/a           ; n/a             ; n/a         ;
; HEX5[3]      ; 3.3-V LVTTL  ; 0 in              ; 0 H/in                  ; 0 F/in                  ; short         ; -                   ; open           ; open             ; open   ; 0 in             ; 0 H/in                 ; 0 F/in                 ; short        ; open          ; open            ; open  ; 0 V                 ; -                  ; n/a           ; n/a             ; n/a         ;
; HEX5[4]      ; 3.3-V LVTTL  ; 0 in              ; 0 H/in                  ; 0 F/in                  ; short         ; -                   ; open           ; open             ; open   ; 0 in             ; 0 H/in                 ; 0 F/in                 ; short        ; open          ; open            ; open  ; 0 V                 ; -                  ; n/a           ; n/a             ; n/a         ;
; HEX5[5]      ; 3.3-V LVTTL  ; 0 in              ; 0 H/in                  ; 0 F/in                  ; short         ; -                   ; open           ; open             ; open   ; 0 in             ; 0 H/in                 ; 0 F/in                 ; short        ; open          ; open            ; open  ; 0 V                 ; -                  ; n/a           ; n/a             ; n/a         ;
; HEX5[6]      ; 3.3-V LVTTL  ; 0 in              ; 0 H/in                  ; 0 F/in                  ; short         ; -                   ; open           ; open             ; open   ; 0 in             ; 0 H/in                 ; 0 F/in                 ; short        ; open          ; open            ; open  ; 0 V                 ; -                  ; n/a           ; n/a             ; n/a         ;
; ~ALTERA_TDO~ ; 2.5 V        ; 0 in              ; 0 H/in                  ; 0 F/in                  ; short         ; -                   ; open           ; open             ; open   ; 0 in             ; 0 H/in                 ; 0 F/in                 ; short        ; open          ; open            ; open  ; 0 V                 ; -                  ; n/a           ; n/a             ; n/a         ;
+--------------+--------------+-------------------+-------------------------+-------------------------+---------------+---------------------+----------------+------------------+--------+------------------+------------------------+------------------------+--------------+---------------+-----------------+-------+---------------------+--------------------+---------------+-----------------+-------------+


+---------------------------------------------------------------------------------+
; Input Transition Times                                                          ;
+---------------------+-----------------------+-----------------+-----------------+
; Pin                 ; I/O Standard          ; 10-90 Rise Time ; 90-10 Fall Time ;
+---------------------+-----------------------+-----------------+-----------------+
; KEY[1]              ; 3.3 V Schmitt Trigger ; 2640 ps         ; 2640 ps         ;
; SW[0]               ; 3.3-V LVTTL           ; 2640 ps         ; 2640 ps         ;
; SW[1]               ; 3.3-V LVTTL           ; 2640 ps         ; 2640 ps         ;
; SW[2]               ; 3.3-V LVTTL           ; 2640 ps         ; 2640 ps         ;
; SW[3]               ; 3.3-V LVTTL           ; 2640 ps         ; 2640 ps         ;
; SW[4]               ; 3.3-V LVTTL           ; 2640 ps         ; 2640 ps         ;
; SW[5]               ; 3.3-V LVTTL           ; 2640 ps         ; 2640 ps         ;
; SW[6]               ; 3.3-V LVTTL           ; 2640 ps         ; 2640 ps         ;
; SW[7]               ; 3.3-V LVTTL           ; 2640 ps         ; 2640 ps         ;
; SW[8]               ; 3.3-V LVTTL           ; 2640 ps         ; 2640 ps         ;
; SW[9]               ; 3.3-V LVTTL           ; 2640 ps         ; 2640 ps         ;
; KEY[0]              ; 3.3 V Schmitt Trigger ; 2640 ps         ; 2640 ps         ;
; ~ALTERA_TMS~        ; 2.5 V Schmitt Trigger ; 2000 ps         ; 2000 ps         ;
; ~ALTERA_TCK~        ; 2.5 V Schmitt Trigger ; 2000 ps         ; 2000 ps         ;
; ~ALTERA_TDI~        ; 2.5 V Schmitt Trigger ; 2000 ps         ; 2000 ps         ;
; ~ALTERA_CONFIG_SEL~ ; 2.5 V                 ; 2000 ps         ; 2000 ps         ;
; ~ALTERA_nCONFIG~    ; 2.5 V Schmitt Trigger ; 2000 ps         ; 2000 ps         ;
; ~ALTERA_nSTATUS~    ; 2.5 V Schmitt Trigger ; 2000 ps         ; 2000 ps         ;
; ~ALTERA_CONF_DONE~  ; 2.5 V Schmitt Trigger ; 2000 ps         ; 2000 ps         ;
+---------------------+-----------------------+-----------------+-----------------+


+-------------------------------------------------------------------------------------------------------------------------------------------------------------------------------------------------------------------------------------------------------------------------------------------------------------------------------------------------------------------------------------------------------------------------------------------------------------------------------------------------------------------------------------------------------------------------------------------------------------------------------------------------------------------------------------------+
; Signal Integrity Metrics (Slow 1200mv 0c Model)                                                                                                                                                                                                                                                                                                                                                                                                                                                                                                                                                                                                                                           ;
+--------------+--------------+---------------------+---------------------+------------------------------+------------------------------+---------------------+---------------------+--------------------------------------+--------------------------------------+-----------------------------+-----------------------------+----------------------------+----------------------------+-----------------------------+-----------------------------+--------------------+--------------------+-------------------------------------+-------------------------------------+----------------------------+----------------------------+---------------------------+---------------------------+
; Pin          ; I/O Standard ; Board Delay on Rise ; Board Delay on Fall ; Steady State Voh at FPGA Pin ; Steady State Vol at FPGA Pin ; Voh Max at FPGA Pin ; Vol Min at FPGA Pin ; Ringback Voltage on Rise at FPGA Pin ; Ringback Voltage on Fall at FPGA Pin ; 10-90 Rise Time at FPGA Pin ; 90-10 Fall Time at FPGA Pin ; Monotonic Rise at FPGA Pin ; Monotonic Fall at FPGA Pin ; Steady State Voh at Far-end ; Steady State Vol at Far-end ; Voh Max at Far-end ; Vol Min at Far-end ; Ringback Voltage on Rise at Far-end ; Ringback Voltage on Fall at Far-end ; 10-90 Rise Time at Far-end ; 90-10 Fall Time at Far-end ; Monotonic Rise at Far-end ; Monotonic Fall at Far-end ;
+--------------+--------------+---------------------+---------------------+------------------------------+------------------------------+---------------------+---------------------+--------------------------------------+--------------------------------------+-----------------------------+-----------------------------+----------------------------+----------------------------+-----------------------------+-----------------------------+--------------------+--------------------+-------------------------------------+-------------------------------------+----------------------------+----------------------------+---------------------------+---------------------------+
; LEDR[0]      ; 3.3-V LVTTL  ; 0 s                 ; 0 s                 ; 3.08 V                       ; 3.73e-08 V                   ; 3.2 V               ; -0.128 V            ; 0.219 V                              ; 0.346 V                              ; 4.45e-10 s                  ; 4.51e-10 s                  ; No                         ; No                         ; 3.08 V                      ; 3.73e-08 V                  ; 3.2 V              ; -0.128 V           ; 0.219 V                             ; 0.346 V                             ; 4.45e-10 s                 ; 4.51e-10 s                 ; No                        ; No                        ;
; LEDR[1]      ; 3.3-V LVTTL  ; 0 s                 ; 0 s                 ; 3.08 V                       ; 3.73e-08 V                   ; 3.2 V               ; -0.127 V            ; 0.219 V                              ; 0.346 V                              ; 4.45e-10 s                  ; 4.51e-10 s                  ; No                         ; No                         ; 3.08 V                      ; 3.73e-08 V                  ; 3.2 V              ; -0.127 V           ; 0.219 V                             ; 0.346 V                             ; 4.45e-10 s                 ; 4.51e-10 s                 ; No                        ; No                        ;
; LEDR[2]      ; 3.3-V LVTTL  ; 0 s                 ; 0 s                 ; 3.08 V                       ; 3.73e-08 V                   ; 3.2 V               ; -0.128 V            ; 0.219 V                              ; 0.346 V                              ; 4.45e-10 s                  ; 4.51e-10 s                  ; No                         ; No                         ; 3.08 V                      ; 3.73e-08 V                  ; 3.2 V              ; -0.128 V           ; 0.219 V                             ; 0.346 V                             ; 4.45e-10 s                 ; 4.51e-10 s                 ; No                        ; No                        ;
; LEDR[3]      ; 3.3-V LVTTL  ; 0 s                 ; 0 s                 ; 3.08 V                       ; 3.73e-08 V                   ; 3.2 V               ; -0.127 V            ; 0.219 V                              ; 0.346 V                              ; 4.45e-10 s                  ; 4.51e-10 s                  ; No                         ; No                         ; 3.08 V                      ; 3.73e-08 V                  ; 3.2 V              ; -0.127 V           ; 0.219 V                             ; 0.346 V                             ; 4.45e-10 s                 ; 4.51e-10 s                 ; No                        ; No                        ;
; LEDR[4]      ; 3.3-V LVTTL  ; 0 s                 ; 0 s                 ; 3.08 V                       ; 3.73e-08 V                   ; 3.2 V               ; -0.128 V            ; 0.219 V                              ; 0.346 V                              ; 4.45e-10 s                  ; 4.51e-10 s                  ; No                         ; No                         ; 3.08 V                      ; 3.73e-08 V                  ; 3.2 V              ; -0.128 V           ; 0.219 V                             ; 0.346 V                             ; 4.45e-10 s                 ; 4.51e-10 s                 ; No                        ; No                        ;
; LEDR[5]      ; 3.3-V LVTTL  ; 0 s                 ; 0 s                 ; 3.08 V                       ; 3.73e-08 V                   ; 3.2 V               ; -0.128 V            ; 0.219 V                              ; 0.346 V                              ; 4.45e-10 s                  ; 4.51e-10 s                  ; No                         ; No                         ; 3.08 V                      ; 3.73e-08 V                  ; 3.2 V              ; -0.128 V           ; 0.219 V                             ; 0.346 V                             ; 4.45e-10 s                 ; 4.51e-10 s                 ; No                        ; No                        ;
; LEDR[6]      ; 3.3-V LVTTL  ; 0 s                 ; 0 s                 ; 3.08 V                       ; 3.73e-08 V                   ; 3.2 V               ; -0.128 V            ; 0.219 V                              ; 0.346 V                              ; 4.45e-10 s                  ; 4.51e-10 s                  ; No                         ; No                         ; 3.08 V                      ; 3.73e-08 V                  ; 3.2 V              ; -0.128 V           ; 0.219 V                             ; 0.346 V                             ; 4.45e-10 s                 ; 4.51e-10 s                 ; No                        ; No                        ;
; LEDR[7]      ; 3.3-V LVTTL  ; 0 s                 ; 0 s                 ; 3.08 V                       ; 3.73e-08 V                   ; 3.2 V               ; -0.127 V            ; 0.219 V                              ; 0.346 V                              ; 4.45e-10 s                  ; 4.51e-10 s                  ; No                         ; No                         ; 3.08 V                      ; 3.73e-08 V                  ; 3.2 V              ; -0.127 V           ; 0.219 V                             ; 0.346 V                             ; 4.45e-10 s                 ; 4.51e-10 s                 ; No                        ; No                        ;
; LEDR[8]      ; 3.3-V LVTTL  ; 0 s                 ; 0 s                 ; 3.08 V                       ; 3.73e-08 V                   ; 3.2 V               ; -0.127 V            ; 0.219 V                              ; 0.346 V                              ; 4.45e-10 s                  ; 4.51e-10 s                  ; No                         ; No                         ; 3.08 V                      ; 3.73e-08 V                  ; 3.2 V              ; -0.127 V           ; 0.219 V                             ; 0.346 V                             ; 4.45e-10 s                 ; 4.51e-10 s                 ; No                        ; No                        ;
; LEDR[9]      ; 3.3-V LVTTL  ; 0 s                 ; 0 s                 ; 3.08 V                       ; 3.73e-08 V                   ; 3.2 V               ; -0.128 V            ; 0.219 V                              ; 0.346 V                              ; 4.45e-10 s                  ; 4.51e-10 s                  ; No                         ; No                         ; 3.08 V                      ; 3.73e-08 V                  ; 3.2 V              ; -0.128 V           ; 0.219 V                             ; 0.346 V                             ; 4.45e-10 s                 ; 4.51e-10 s                 ; No                        ; No                        ;
; HEX0[0]      ; 3.3-V LVTTL  ; 0 s                 ; 0 s                 ; 3.08 V                       ; 3.73e-08 V                   ; 3.2 V               ; -0.127 V            ; 0.219 V                              ; 0.346 V                              ; 4.45e-10 s                  ; 4.51e-10 s                  ; No                         ; No                         ; 3.08 V                      ; 3.73e-08 V                  ; 3.2 V              ; -0.127 V           ; 0.219 V                             ; 0.346 V                             ; 4.45e-10 s                 ; 4.51e-10 s                 ; No                        ; No                        ;
; HEX0[1]      ; 3.3-V LVTTL  ; 0 s                 ; 0 s                 ; 3.08 V                       ; 3.73e-08 V                   ; 3.2 V               ; -0.128 V            ; 0.219 V                              ; 0.346 V                              ; 4.45e-10 s                  ; 4.51e-10 s                  ; No                         ; No                         ; 3.08 V                      ; 3.73e-08 V                  ; 3.2 V              ; -0.128 V           ; 0.219 V                             ; 0.346 V                             ; 4.45e-10 s                 ; 4.51e-10 s                 ; No                        ; No                        ;
; HEX0[2]      ; 3.3-V LVTTL  ; 0 s                 ; 0 s                 ; 3.08 V                       ; 3.73e-08 V                   ; 3.2 V               ; -0.128 V            ; 0.219 V                              ; 0.346 V                              ; 4.45e-10 s                  ; 4.51e-10 s                  ; No                         ; No                         ; 3.08 V                      ; 3.73e-08 V                  ; 3.2 V              ; -0.128 V           ; 0.219 V                             ; 0.346 V                             ; 4.45e-10 s                 ; 4.51e-10 s                 ; No                        ; No                        ;
; HEX0[3]      ; 3.3-V LVTTL  ; 0 s                 ; 0 s                 ; 3.08 V                       ; 3.73e-08 V                   ; 3.2 V               ; -0.127 V            ; 0.219 V                              ; 0.346 V                              ; 4.45e-10 s                  ; 4.51e-10 s                  ; No                         ; No                         ; 3.08 V                      ; 3.73e-08 V                  ; 3.2 V              ; -0.127 V           ; 0.219 V                             ; 0.346 V                             ; 4.45e-10 s                 ; 4.51e-10 s                 ; No                        ; No                        ;
; HEX0[4]      ; 3.3-V LVTTL  ; 0 s                 ; 0 s                 ; 3.08 V                       ; 3.73e-08 V                   ; 3.2 V               ; -0.127 V            ; 0.219 V                              ; 0.346 V                              ; 4.45e-10 s                  ; 4.51e-10 s                  ; No                         ; No                         ; 3.08 V                      ; 3.73e-08 V                  ; 3.2 V              ; -0.127 V           ; 0.219 V                             ; 0.346 V                             ; 4.45e-10 s                 ; 4.51e-10 s                 ; No                        ; No                        ;
; HEX0[5]      ; 3.3-V LVTTL  ; 0 s                 ; 0 s                 ; 3.08 V                       ; 3.73e-08 V                   ; 3.2 V               ; -0.127 V            ; 0.219 V                              ; 0.346 V                              ; 4.45e-10 s                  ; 4.51e-10 s                  ; No                         ; No                         ; 3.08 V                      ; 3.73e-08 V                  ; 3.2 V              ; -0.127 V           ; 0.219 V                             ; 0.346 V                             ; 4.45e-10 s                 ; 4.51e-10 s                 ; No                        ; No                        ;
; HEX0[6]      ; 3.3-V LVTTL  ; 0 s                 ; 0 s                 ; 3.08 V                       ; 3.73e-08 V                   ; 3.2 V               ; -0.128 V            ; 0.219 V                              ; 0.346 V                              ; 4.45e-10 s                  ; 4.51e-10 s                  ; No                         ; No                         ; 3.08 V                      ; 3.73e-08 V                  ; 3.2 V              ; -0.128 V           ; 0.219 V                             ; 0.346 V                             ; 4.45e-10 s                 ; 4.51e-10 s                 ; No                        ; No                        ;
; HEX1[0]      ; 3.3-V LVTTL  ; 0 s                 ; 0 s                 ; 3.08 V                       ; 3.73e-08 V                   ; 3.2 V               ; -0.127 V            ; 0.219 V                              ; 0.346 V                              ; 4.45e-10 s                  ; 4.51e-10 s                  ; No                         ; No                         ; 3.08 V                      ; 3.73e-08 V                  ; 3.2 V              ; -0.127 V           ; 0.219 V                             ; 0.346 V                             ; 4.45e-10 s                 ; 4.51e-10 s                 ; No                        ; No                        ;
; HEX1[1]      ; 3.3-V LVTTL  ; 0 s                 ; 0 s                 ; 3.08 V                       ; 3.73e-08 V                   ; 3.2 V               ; -0.127 V            ; 0.219 V                              ; 0.346 V                              ; 4.45e-10 s                  ; 4.51e-10 s                  ; No                         ; No                         ; 3.08 V                      ; 3.73e-08 V                  ; 3.2 V              ; -0.127 V           ; 0.219 V                             ; 0.346 V                             ; 4.45e-10 s                 ; 4.51e-10 s                 ; No                        ; No                        ;
; HEX1[2]      ; 3.3-V LVTTL  ; 0 s                 ; 0 s                 ; 3.08 V                       ; 3.73e-08 V                   ; 3.2 V               ; -0.128 V            ; 0.219 V                              ; 0.346 V                              ; 4.45e-10 s                  ; 4.51e-10 s                  ; No                         ; No                         ; 3.08 V                      ; 3.73e-08 V                  ; 3.2 V              ; -0.128 V           ; 0.219 V                             ; 0.346 V                             ; 4.45e-10 s                 ; 4.51e-10 s                 ; No                        ; No                        ;
; HEX1[3]      ; 3.3-V LVTTL  ; 0 s                 ; 0 s                 ; 3.08 V                       ; 3.73e-08 V                   ; 3.2 V               ; -0.127 V            ; 0.219 V                              ; 0.346 V                              ; 4.45e-10 s                  ; 4.51e-10 s                  ; No                         ; No                         ; 3.08 V                      ; 3.73e-08 V                  ; 3.2 V              ; -0.127 V           ; 0.219 V                             ; 0.346 V                             ; 4.45e-10 s                 ; 4.51e-10 s                 ; No                        ; No                        ;
; HEX1[4]      ; 3.3-V LVTTL  ; 0 s                 ; 0 s                 ; 3.08 V                       ; 3.73e-08 V                   ; 3.2 V               ; -0.128 V            ; 0.219 V                              ; 0.346 V                              ; 4.45e-10 s                  ; 4.51e-10 s                  ; No                         ; No                         ; 3.08 V                      ; 3.73e-08 V                  ; 3.2 V              ; -0.128 V           ; 0.219 V                             ; 0.346 V                             ; 4.45e-10 s                 ; 4.51e-10 s                 ; No                        ; No                        ;
; HEX1[5]      ; 3.3-V LVTTL  ; 0 s                 ; 0 s                 ; 3.08 V                       ; 3.73e-08 V                   ; 3.2 V               ; -0.127 V            ; 0.219 V                              ; 0.346 V                              ; 4.45e-10 s                  ; 4.51e-10 s                  ; No                         ; No                         ; 3.08 V                      ; 3.73e-08 V                  ; 3.2 V              ; -0.127 V           ; 0.219 V                             ; 0.346 V                             ; 4.45e-10 s                 ; 4.51e-10 s                 ; No                        ; No                        ;
; HEX1[6]      ; 3.3-V LVTTL  ; 0 s                 ; 0 s                 ; 3.08 V                       ; 3.73e-08 V                   ; 3.2 V               ; -0.128 V            ; 0.219 V                              ; 0.346 V                              ; 4.45e-10 s                  ; 4.51e-10 s                  ; No                         ; No                         ; 3.08 V                      ; 3.73e-08 V                  ; 3.2 V              ; -0.128 V           ; 0.219 V                             ; 0.346 V                             ; 4.45e-10 s                 ; 4.51e-10 s                 ; No                        ; No                        ;
; HEX2[0]      ; 3.3-V LVTTL  ; 0 s                 ; 0 s                 ; 3.08 V                       ; 3.73e-08 V                   ; 3.2 V               ; -0.127 V            ; 0.219 V                              ; 0.346 V                              ; 4.45e-10 s                  ; 4.51e-10 s                  ; No                         ; No                         ; 3.08 V                      ; 3.73e-08 V                  ; 3.2 V              ; -0.127 V           ; 0.219 V                             ; 0.346 V                             ; 4.45e-10 s                 ; 4.51e-10 s                 ; No                        ; No                        ;
; HEX2[1]      ; 3.3-V LVTTL  ; 0 s                 ; 0 s                 ; 3.08 V                       ; 3.73e-08 V                   ; 3.2 V               ; -0.127 V            ; 0.219 V                              ; 0.346 V                              ; 4.45e-10 s                  ; 4.51e-10 s                  ; No                         ; No                         ; 3.08 V                      ; 3.73e-08 V                  ; 3.2 V              ; -0.127 V           ; 0.219 V                             ; 0.346 V                             ; 4.45e-10 s                 ; 4.51e-10 s                 ; No                        ; No                        ;
; HEX2[2]      ; 3.3-V LVTTL  ; 0 s                 ; 0 s                 ; 3.08 V                       ; 3.73e-08 V                   ; 3.2 V               ; -0.128 V            ; 0.219 V                              ; 0.346 V                              ; 4.45e-10 s                  ; 4.51e-10 s                  ; No                         ; No                         ; 3.08 V                      ; 3.73e-08 V                  ; 3.2 V              ; -0.128 V           ; 0.219 V                             ; 0.346 V                             ; 4.45e-10 s                 ; 4.51e-10 s                 ; No                        ; No                        ;
; HEX2[3]      ; 3.3-V LVTTL  ; 0 s                 ; 0 s                 ; 3.08 V                       ; 3.73e-08 V                   ; 3.2 V               ; -0.128 V            ; 0.219 V                              ; 0.346 V                              ; 4.45e-10 s                  ; 4.51e-10 s                  ; No                         ; No                         ; 3.08 V                      ; 3.73e-08 V                  ; 3.2 V              ; -0.128 V           ; 0.219 V                             ; 0.346 V                             ; 4.45e-10 s                 ; 4.51e-10 s                 ; No                        ; No                        ;
; HEX2[4]      ; 3.3-V LVTTL  ; 0 s                 ; 0 s                 ; 3.08 V                       ; 3.73e-08 V                   ; 3.2 V               ; -0.128 V            ; 0.219 V                              ; 0.346 V                              ; 4.45e-10 s                  ; 4.51e-10 s                  ; No                         ; No                         ; 3.08 V                      ; 3.73e-08 V                  ; 3.2 V              ; -0.128 V           ; 0.219 V                             ; 0.346 V                             ; 4.45e-10 s                 ; 4.51e-10 s                 ; No                        ; No                        ;
; HEX2[5]      ; 3.3-V LVTTL  ; 0 s                 ; 0 s                 ; 3.08 V                       ; 3.73e-08 V                   ; 3.2 V               ; -0.128 V            ; 0.219 V                              ; 0.346 V                              ; 4.45e-10 s                  ; 4.51e-10 s                  ; No                         ; No                         ; 3.08 V                      ; 3.73e-08 V                  ; 3.2 V              ; -0.128 V           ; 0.219 V                             ; 0.346 V                             ; 4.45e-10 s                 ; 4.51e-10 s                 ; No                        ; No                        ;
; HEX2[6]      ; 3.3-V LVTTL  ; 0 s                 ; 0 s                 ; 3.08 V                       ; 3.73e-08 V                   ; 3.2 V               ; -0.127 V            ; 0.219 V                              ; 0.346 V                              ; 4.45e-10 s                  ; 4.51e-10 s                  ; No                         ; No                         ; 3.08 V                      ; 3.73e-08 V                  ; 3.2 V              ; -0.127 V           ; 0.219 V                             ; 0.346 V                             ; 4.45e-10 s                 ; 4.51e-10 s                 ; No                        ; No                        ;
; HEX3[0]      ; 3.3-V LVTTL  ; 0 s                 ; 0 s                 ; 3.08 V                       ; 3.73e-08 V                   ; 3.2 V               ; -0.127 V            ; 0.219 V                              ; 0.346 V                              ; 4.45e-10 s                  ; 4.51e-10 s                  ; No                         ; No                         ; 3.08 V                      ; 3.73e-08 V                  ; 3.2 V              ; -0.127 V           ; 0.219 V                             ; 0.346 V                             ; 4.45e-10 s                 ; 4.51e-10 s                 ; No                        ; No                        ;
; HEX3[1]      ; 3.3-V LVTTL  ; 0 s                 ; 0 s                 ; 3.08 V                       ; 3.73e-08 V                   ; 3.2 V               ; -0.127 V            ; 0.219 V                              ; 0.346 V                              ; 4.45e-10 s                  ; 4.51e-10 s                  ; No                         ; No                         ; 3.08 V                      ; 3.73e-08 V                  ; 3.2 V              ; -0.127 V           ; 0.219 V                             ; 0.346 V                             ; 4.45e-10 s                 ; 4.51e-10 s                 ; No                        ; No                        ;
; HEX3[2]      ; 3.3-V LVTTL  ; 0 s                 ; 0 s                 ; 3.08 V                       ; 3.73e-08 V                   ; 3.2 V               ; -0.128 V            ; 0.219 V                              ; 0.346 V                              ; 4.45e-10 s                  ; 4.51e-10 s                  ; No                         ; No                         ; 3.08 V                      ; 3.73e-08 V                  ; 3.2 V              ; -0.128 V           ; 0.219 V                             ; 0.346 V                             ; 4.45e-10 s                 ; 4.51e-10 s                 ; No                        ; No                        ;
; HEX3[3]      ; 3.3-V LVTTL  ; 0 s                 ; 0 s                 ; 3.08 V                       ; 3.73e-08 V                   ; 3.2 V               ; -0.127 V            ; 0.219 V                              ; 0.346 V                              ; 4.45e-10 s                  ; 4.51e-10 s                  ; No                         ; No                         ; 3.08 V                      ; 3.73e-08 V                  ; 3.2 V              ; -0.127 V           ; 0.219 V                             ; 0.346 V                             ; 4.45e-10 s                 ; 4.51e-10 s                 ; No                        ; No                        ;
; HEX3[4]      ; 3.3-V LVTTL  ; 0 s                 ; 0 s                 ; 3.08 V                       ; 3.73e-08 V                   ; 3.2 V               ; -0.127 V            ; 0.219 V                              ; 0.346 V                              ; 4.45e-10 s                  ; 4.51e-10 s                  ; No                         ; No                         ; 3.08 V                      ; 3.73e-08 V                  ; 3.2 V              ; -0.127 V           ; 0.219 V                             ; 0.346 V                             ; 4.45e-10 s                 ; 4.51e-10 s                 ; No                        ; No                        ;
; HEX3[5]      ; 3.3-V LVTTL  ; 0 s                 ; 0 s                 ; 3.08 V                       ; 3.73e-08 V                   ; 3.2 V               ; -0.128 V            ; 0.219 V                              ; 0.346 V                              ; 4.45e-10 s                  ; 4.51e-10 s                  ; No                         ; No                         ; 3.08 V                      ; 3.73e-08 V                  ; 3.2 V              ; -0.128 V           ; 0.219 V                             ; 0.346 V                             ; 4.45e-10 s                 ; 4.51e-10 s                 ; No                        ; No                        ;
; HEX3[6]      ; 3.3-V LVTTL  ; 0 s                 ; 0 s                 ; 3.08 V                       ; 3.73e-08 V                   ; 3.2 V               ; -0.128 V            ; 0.219 V                              ; 0.346 V                              ; 4.45e-10 s                  ; 4.51e-10 s                  ; No                         ; No                         ; 3.08 V                      ; 3.73e-08 V                  ; 3.2 V              ; -0.128 V           ; 0.219 V                             ; 0.346 V                             ; 4.45e-10 s                 ; 4.51e-10 s                 ; No                        ; No                        ;
; HEX4[0]      ; 3.3-V LVTTL  ; 0 s                 ; 0 s                 ; 3.08 V                       ; 3.73e-08 V                   ; 3.2 V               ; -0.128 V            ; 0.219 V                              ; 0.346 V                              ; 4.45e-10 s                  ; 4.51e-10 s                  ; No                         ; No                         ; 3.08 V                      ; 3.73e-08 V                  ; 3.2 V              ; -0.128 V           ; 0.219 V                             ; 0.346 V                             ; 4.45e-10 s                 ; 4.51e-10 s                 ; No                        ; No                        ;
; HEX4[1]      ; 3.3-V LVTTL  ; 0 s                 ; 0 s                 ; 3.08 V                       ; 3.73e-08 V                   ; 3.2 V               ; -0.128 V            ; 0.219 V                              ; 0.346 V                              ; 4.45e-10 s                  ; 4.51e-10 s                  ; No                         ; No                         ; 3.08 V                      ; 3.73e-08 V                  ; 3.2 V              ; -0.128 V           ; 0.219 V                             ; 0.346 V                             ; 4.45e-10 s                 ; 4.51e-10 s                 ; No                        ; No                        ;
; HEX4[2]      ; 3.3-V LVTTL  ; 0 s                 ; 0 s                 ; 3.08 V                       ; 3.73e-08 V                   ; 3.2 V               ; -0.127 V            ; 0.219 V                              ; 0.346 V                              ; 4.45e-10 s                  ; 4.51e-10 s                  ; No                         ; No                         ; 3.08 V                      ; 3.73e-08 V                  ; 3.2 V              ; -0.127 V           ; 0.219 V                             ; 0.346 V                             ; 4.45e-10 s                 ; 4.51e-10 s                 ; No                        ; No                        ;
; HEX4[3]      ; 3.3-V LVTTL  ; 0 s                 ; 0 s                 ; 3.08 V                       ; 3.73e-08 V                   ; 3.2 V               ; -0.128 V            ; 0.219 V                              ; 0.346 V                              ; 4.45e-10 s                  ; 4.51e-10 s                  ; No                         ; No                         ; 3.08 V                      ; 3.73e-08 V                  ; 3.2 V              ; -0.128 V           ; 0.219 V                             ; 0.346 V                             ; 4.45e-10 s                 ; 4.51e-10 s                 ; No                        ; No                        ;
; HEX4[4]      ; 3.3-V LVTTL  ; 0 s                 ; 0 s                 ; 3.08 V                       ; 3.73e-08 V                   ; 3.2 V               ; -0.127 V            ; 0.219 V                              ; 0.346 V                              ; 4.45e-10 s                  ; 4.51e-10 s                  ; No                         ; No                         ; 3.08 V                      ; 3.73e-08 V                  ; 3.2 V              ; -0.127 V           ; 0.219 V                             ; 0.346 V                             ; 4.45e-10 s                 ; 4.51e-10 s                 ; No                        ; No                        ;
; HEX4[5]      ; 3.3-V LVTTL  ; 0 s                 ; 0 s                 ; 3.08 V                       ; 3.73e-08 V                   ; 3.2 V               ; -0.127 V            ; 0.219 V                              ; 0.346 V                              ; 4.45e-10 s                  ; 4.51e-10 s                  ; No                         ; No                         ; 3.08 V                      ; 3.73e-08 V                  ; 3.2 V              ; -0.127 V           ; 0.219 V                             ; 0.346 V                             ; 4.45e-10 s                 ; 4.51e-10 s                 ; No                        ; No                        ;
; HEX4[6]      ; 3.3-V LVTTL  ; 0 s                 ; 0 s                 ; 3.08 V                       ; 3.73e-08 V                   ; 3.2 V               ; -0.128 V            ; 0.219 V                              ; 0.346 V                              ; 4.45e-10 s                  ; 4.51e-10 s                  ; No                         ; No                         ; 3.08 V                      ; 3.73e-08 V                  ; 3.2 V              ; -0.128 V           ; 0.219 V                             ; 0.346 V                             ; 4.45e-10 s                 ; 4.51e-10 s                 ; No                        ; No                        ;
; HEX5[0]      ; 3.3-V LVTTL  ; 0 s                 ; 0 s                 ; 3.08 V                       ; 3.73e-08 V                   ; 3.2 V               ; -0.127 V            ; 0.219 V                              ; 0.346 V                              ; 4.45e-10 s                  ; 4.51e-10 s                  ; No                         ; No                         ; 3.08 V                      ; 3.73e-08 V                  ; 3.2 V              ; -0.127 V           ; 0.219 V                             ; 0.346 V                             ; 4.45e-10 s                 ; 4.51e-10 s                 ; No                        ; No                        ;
; HEX5[1]      ; 3.3-V LVTTL  ; 0 s                 ; 0 s                 ; 3.08 V                       ; 3.73e-08 V                   ; 3.2 V               ; -0.128 V            ; 0.219 V                              ; 0.346 V                              ; 4.45e-10 s                  ; 4.51e-10 s                  ; No                         ; No                         ; 3.08 V                      ; 3.73e-08 V                  ; 3.2 V              ; -0.128 V           ; 0.219 V                             ; 0.346 V                             ; 4.45e-10 s                 ; 4.51e-10 s                 ; No                        ; No                        ;
; HEX5[2]      ; 3.3-V LVTTL  ; 0 s                 ; 0 s                 ; 3.08 V                       ; 3.73e-08 V                   ; 3.2 V               ; -0.128 V            ; 0.219 V                              ; 0.346 V                              ; 4.45e-10 s                  ; 4.51e-10 s                  ; No                         ; No                         ; 3.08 V                      ; 3.73e-08 V                  ; 3.2 V              ; -0.128 V           ; 0.219 V                             ; 0.346 V                             ; 4.45e-10 s                 ; 4.51e-10 s                 ; No                        ; No                        ;
; HEX5[3]      ; 3.3-V LVTTL  ; 0 s                 ; 0 s                 ; 3.08 V                       ; 3.73e-08 V                   ; 3.2 V               ; -0.127 V            ; 0.219 V                              ; 0.346 V                              ; 4.45e-10 s                  ; 4.51e-10 s                  ; No                         ; No                         ; 3.08 V                      ; 3.73e-08 V                  ; 3.2 V              ; -0.127 V           ; 0.219 V                             ; 0.346 V                             ; 4.45e-10 s                 ; 4.51e-10 s                 ; No                        ; No                        ;
; HEX5[4]      ; 3.3-V LVTTL  ; 0 s                 ; 0 s                 ; 3.08 V                       ; 3.73e-08 V                   ; 3.2 V               ; -0.127 V            ; 0.219 V                              ; 0.346 V                              ; 4.45e-10 s                  ; 4.51e-10 s                  ; No                         ; No                         ; 3.08 V                      ; 3.73e-08 V                  ; 3.2 V              ; -0.127 V           ; 0.219 V                             ; 0.346 V                             ; 4.45e-10 s                 ; 4.51e-10 s                 ; No                        ; No                        ;
; HEX5[5]      ; 3.3-V LVTTL  ; 0 s                 ; 0 s                 ; 3.08 V                       ; 3.73e-08 V                   ; 3.2 V               ; -0.128 V            ; 0.219 V                              ; 0.346 V                              ; 4.45e-10 s                  ; 4.51e-10 s                  ; No                         ; No                         ; 3.08 V                      ; 3.73e-08 V                  ; 3.2 V              ; -0.128 V           ; 0.219 V                             ; 0.346 V                             ; 4.45e-10 s                 ; 4.51e-10 s                 ; No                        ; No                        ;
; HEX5[6]      ; 3.3-V LVTTL  ; 0 s                 ; 0 s                 ; 3.08 V                       ; 3.73e-08 V                   ; 3.2 V               ; -0.128 V            ; 0.219 V                              ; 0.346 V                              ; 4.45e-10 s                  ; 4.51e-10 s                  ; No                         ; No                         ; 3.08 V                      ; 3.73e-08 V                  ; 3.2 V              ; -0.128 V           ; 0.219 V                             ; 0.346 V                             ; 4.45e-10 s                 ; 4.51e-10 s                 ; No                        ; No                        ;
; ~ALTERA_TDO~ ; 2.5 V        ; 0 s                 ; 0 s                 ; 2.32 V                       ; 1.39e-08 V                   ; 2.39 V              ; -0.0409 V           ; 0.21 V                               ; 0.121 V                              ; 4.7e-10 s                   ; 5.93e-10 s                  ; No                         ; Yes                        ; 2.32 V                      ; 1.39e-08 V                  ; 2.39 V             ; -0.0409 V          ; 0.21 V                              ; 0.121 V                             ; 4.7e-10 s                  ; 5.93e-10 s                 ; No                        ; Yes                       ;
+--------------+--------------+---------------------+---------------------+------------------------------+------------------------------+---------------------+---------------------+--------------------------------------+--------------------------------------+-----------------------------+-----------------------------+----------------------------+----------------------------+-----------------------------+-----------------------------+--------------------+--------------------+-------------------------------------+-------------------------------------+----------------------------+----------------------------+---------------------------+---------------------------+


+-------------------------------------------------------------------------------------------------------------------------------------------------------------------------------------------------------------------------------------------------------------------------------------------------------------------------------------------------------------------------------------------------------------------------------------------------------------------------------------------------------------------------------------------------------------------------------------------------------------------------------------------------------------------------------------------+
; Signal Integrity Metrics (Slow 1200mv 85c Model)                                                                                                                                                                                                                                                                                                                                                                                                                                                                                                                                                                                                                                          ;
+--------------+--------------+---------------------+---------------------+------------------------------+------------------------------+---------------------+---------------------+--------------------------------------+--------------------------------------+-----------------------------+-----------------------------+----------------------------+----------------------------+-----------------------------+-----------------------------+--------------------+--------------------+-------------------------------------+-------------------------------------+----------------------------+----------------------------+---------------------------+---------------------------+
; Pin          ; I/O Standard ; Board Delay on Rise ; Board Delay on Fall ; Steady State Voh at FPGA Pin ; Steady State Vol at FPGA Pin ; Voh Max at FPGA Pin ; Vol Min at FPGA Pin ; Ringback Voltage on Rise at FPGA Pin ; Ringback Voltage on Fall at FPGA Pin ; 10-90 Rise Time at FPGA Pin ; 90-10 Fall Time at FPGA Pin ; Monotonic Rise at FPGA Pin ; Monotonic Fall at FPGA Pin ; Steady State Voh at Far-end ; Steady State Vol at Far-end ; Voh Max at Far-end ; Vol Min at Far-end ; Ringback Voltage on Rise at Far-end ; Ringback Voltage on Fall at Far-end ; 10-90 Rise Time at Far-end ; 90-10 Fall Time at Far-end ; Monotonic Rise at Far-end ; Monotonic Fall at Far-end ;
+--------------+--------------+---------------------+---------------------+------------------------------+------------------------------+---------------------+---------------------+--------------------------------------+--------------------------------------+-----------------------------+-----------------------------+----------------------------+----------------------------+-----------------------------+-----------------------------+--------------------+--------------------+-------------------------------------+-------------------------------------+----------------------------+----------------------------+---------------------------+---------------------------+
; LEDR[0]      ; 3.3-V LVTTL  ; 0 s                 ; 0 s                 ; 3.08 V                       ; 3.41e-06 V                   ; 3.16 V              ; -0.0694 V           ; 0.259 V                              ; 0.209 V                              ; 4.69e-10 s                  ; 6.21e-10 s                  ; No                         ; No                         ; 3.08 V                      ; 3.41e-06 V                  ; 3.16 V             ; -0.0694 V          ; 0.259 V                             ; 0.209 V                             ; 4.69e-10 s                 ; 6.21e-10 s                 ; No                        ; No                        ;
; LEDR[1]      ; 3.3-V LVTTL  ; 0 s                 ; 0 s                 ; 3.08 V                       ; 3.41e-06 V                   ; 3.16 V              ; -0.0688 V           ; 0.26 V                               ; 0.209 V                              ; 4.69e-10 s                  ; 6.21e-10 s                  ; No                         ; No                         ; 3.08 V                      ; 3.41e-06 V                  ; 3.16 V             ; -0.0688 V          ; 0.26 V                              ; 0.209 V                             ; 4.69e-10 s                 ; 6.21e-10 s                 ; No                        ; No                        ;
; LEDR[2]      ; 3.3-V LVTTL  ; 0 s                 ; 0 s                 ; 3.08 V                       ; 3.41e-06 V                   ; 3.16 V              ; -0.0694 V           ; 0.259 V                              ; 0.209 V                              ; 4.69e-10 s                  ; 6.21e-10 s                  ; No                         ; No                         ; 3.08 V                      ; 3.41e-06 V                  ; 3.16 V             ; -0.0694 V          ; 0.259 V                             ; 0.209 V                             ; 4.69e-10 s                 ; 6.21e-10 s                 ; No                        ; No                        ;
; LEDR[3]      ; 3.3-V LVTTL  ; 0 s                 ; 0 s                 ; 3.08 V                       ; 3.41e-06 V                   ; 3.16 V              ; -0.0688 V           ; 0.26 V                               ; 0.209 V                              ; 4.69e-10 s                  ; 6.21e-10 s                  ; No                         ; No                         ; 3.08 V                      ; 3.41e-06 V                  ; 3.16 V             ; -0.0688 V          ; 0.26 V                              ; 0.209 V                             ; 4.69e-10 s                 ; 6.21e-10 s                 ; No                        ; No                        ;
; LEDR[4]      ; 3.3-V LVTTL  ; 0 s                 ; 0 s                 ; 3.08 V                       ; 3.41e-06 V                   ; 3.16 V              ; -0.0694 V           ; 0.259 V                              ; 0.209 V                              ; 4.69e-10 s                  ; 6.21e-10 s                  ; No                         ; No                         ; 3.08 V                      ; 3.41e-06 V                  ; 3.16 V             ; -0.0694 V          ; 0.259 V                             ; 0.209 V                             ; 4.69e-10 s                 ; 6.21e-10 s                 ; No                        ; No                        ;
; LEDR[5]      ; 3.3-V LVTTL  ; 0 s                 ; 0 s                 ; 3.08 V                       ; 3.41e-06 V                   ; 3.16 V              ; -0.0694 V           ; 0.259 V                              ; 0.209 V                              ; 4.69e-10 s                  ; 6.21e-10 s                  ; No                         ; No                         ; 3.08 V                      ; 3.41e-06 V                  ; 3.16 V             ; -0.0694 V          ; 0.259 V                             ; 0.209 V                             ; 4.69e-10 s                 ; 6.21e-10 s                 ; No                        ; No                        ;
; LEDR[6]      ; 3.3-V LVTTL  ; 0 s                 ; 0 s                 ; 3.08 V                       ; 3.41e-06 V                   ; 3.16 V              ; -0.0694 V           ; 0.259 V                              ; 0.209 V                              ; 4.69e-10 s                  ; 6.21e-10 s                  ; No                         ; No                         ; 3.08 V                      ; 3.41e-06 V                  ; 3.16 V             ; -0.0694 V          ; 0.259 V                             ; 0.209 V                             ; 4.69e-10 s                 ; 6.21e-10 s                 ; No                        ; No                        ;
; LEDR[7]      ; 3.3-V LVTTL  ; 0 s                 ; 0 s                 ; 3.08 V                       ; 3.41e-06 V                   ; 3.16 V              ; -0.0688 V           ; 0.26 V                               ; 0.209 V                              ; 4.69e-10 s                  ; 6.21e-10 s                  ; No                         ; No                         ; 3.08 V                      ; 3.41e-06 V                  ; 3.16 V             ; -0.0688 V          ; 0.26 V                              ; 0.209 V                             ; 4.69e-10 s                 ; 6.21e-10 s                 ; No                        ; No                        ;
; LEDR[8]      ; 3.3-V LVTTL  ; 0 s                 ; 0 s                 ; 3.08 V                       ; 3.41e-06 V                   ; 3.16 V              ; -0.0688 V           ; 0.26 V                               ; 0.209 V                              ; 4.69e-10 s                  ; 6.21e-10 s                  ; No                         ; No                         ; 3.08 V                      ; 3.41e-06 V                  ; 3.16 V             ; -0.0688 V          ; 0.26 V                              ; 0.209 V                             ; 4.69e-10 s                 ; 6.21e-10 s                 ; No                        ; No                        ;
; LEDR[9]      ; 3.3-V LVTTL  ; 0 s                 ; 0 s                 ; 3.08 V                       ; 3.41e-06 V                   ; 3.16 V              ; -0.0694 V           ; 0.259 V                              ; 0.209 V                              ; 4.69e-10 s                  ; 6.21e-10 s                  ; No                         ; No                         ; 3.08 V                      ; 3.41e-06 V                  ; 3.16 V             ; -0.0694 V          ; 0.259 V                             ; 0.209 V                             ; 4.69e-10 s                 ; 6.21e-10 s                 ; No                        ; No                        ;
; HEX0[0]      ; 3.3-V LVTTL  ; 0 s                 ; 0 s                 ; 3.08 V                       ; 3.41e-06 V                   ; 3.16 V              ; -0.0688 V           ; 0.26 V                               ; 0.209 V                              ; 4.69e-10 s                  ; 6.21e-10 s                  ; No                         ; No                         ; 3.08 V                      ; 3.41e-06 V                  ; 3.16 V             ; -0.0688 V          ; 0.26 V                              ; 0.209 V                             ; 4.69e-10 s                 ; 6.21e-10 s                 ; No                        ; No                        ;
; HEX0[1]      ; 3.3-V LVTTL  ; 0 s                 ; 0 s                 ; 3.08 V                       ; 3.41e-06 V                   ; 3.16 V              ; -0.0694 V           ; 0.259 V                              ; 0.209 V                              ; 4.69e-10 s                  ; 6.21e-10 s                  ; No                         ; No                         ; 3.08 V                      ; 3.41e-06 V                  ; 3.16 V             ; -0.0694 V          ; 0.259 V                             ; 0.209 V                             ; 4.69e-10 s                 ; 6.21e-10 s                 ; No                        ; No                        ;
; HEX0[2]      ; 3.3-V LVTTL  ; 0 s                 ; 0 s                 ; 3.08 V                       ; 3.41e-06 V                   ; 3.16 V              ; -0.0694 V           ; 0.259 V                              ; 0.209 V                              ; 4.69e-10 s                  ; 6.21e-10 s                  ; No                         ; No                         ; 3.08 V                      ; 3.41e-06 V                  ; 3.16 V             ; -0.0694 V          ; 0.259 V                             ; 0.209 V                             ; 4.69e-10 s                 ; 6.21e-10 s                 ; No                        ; No                        ;
; HEX0[3]      ; 3.3-V LVTTL  ; 0 s                 ; 0 s                 ; 3.08 V                       ; 3.41e-06 V                   ; 3.16 V              ; -0.0688 V           ; 0.26 V                               ; 0.209 V                              ; 4.69e-10 s                  ; 6.21e-10 s                  ; No                         ; No                         ; 3.08 V                      ; 3.41e-06 V                  ; 3.16 V             ; -0.0688 V          ; 0.26 V                              ; 0.209 V                             ; 4.69e-10 s                 ; 6.21e-10 s                 ; No                        ; No                        ;
; HEX0[4]      ; 3.3-V LVTTL  ; 0 s                 ; 0 s                 ; 3.08 V                       ; 3.41e-06 V                   ; 3.16 V              ; -0.0688 V           ; 0.26 V                               ; 0.209 V                              ; 4.69e-10 s                  ; 6.21e-10 s                  ; No                         ; No                         ; 3.08 V                      ; 3.41e-06 V                  ; 3.16 V             ; -0.0688 V          ; 0.26 V                              ; 0.209 V                             ; 4.69e-10 s                 ; 6.21e-10 s                 ; No                        ; No                        ;
; HEX0[5]      ; 3.3-V LVTTL  ; 0 s                 ; 0 s                 ; 3.08 V                       ; 3.41e-06 V                   ; 3.16 V              ; -0.0688 V           ; 0.26 V                               ; 0.209 V                              ; 4.69e-10 s                  ; 6.21e-10 s                  ; No                         ; No                         ; 3.08 V                      ; 3.41e-06 V                  ; 3.16 V             ; -0.0688 V          ; 0.26 V                              ; 0.209 V                             ; 4.69e-10 s                 ; 6.21e-10 s                 ; No                        ; No                        ;
; HEX0[6]      ; 3.3-V LVTTL  ; 0 s                 ; 0 s                 ; 3.08 V                       ; 3.41e-06 V                   ; 3.16 V              ; -0.0694 V           ; 0.259 V                              ; 0.209 V                              ; 4.69e-10 s                  ; 6.21e-10 s                  ; No                         ; No                         ; 3.08 V                      ; 3.41e-06 V                  ; 3.16 V             ; -0.0694 V          ; 0.259 V                             ; 0.209 V                             ; 4.69e-10 s                 ; 6.21e-10 s                 ; No                        ; No                        ;
; HEX1[0]      ; 3.3-V LVTTL  ; 0 s                 ; 0 s                 ; 3.08 V                       ; 3.41e-06 V                   ; 3.16 V              ; -0.0688 V           ; 0.26 V                               ; 0.209 V                              ; 4.69e-10 s                  ; 6.21e-10 s                  ; No                         ; No                         ; 3.08 V                      ; 3.41e-06 V                  ; 3.16 V             ; -0.0688 V          ; 0.26 V                              ; 0.209 V                             ; 4.69e-10 s                 ; 6.21e-10 s                 ; No                        ; No                        ;
; HEX1[1]      ; 3.3-V LVTTL  ; 0 s                 ; 0 s                 ; 3.08 V                       ; 3.41e-06 V                   ; 3.16 V              ; -0.0688 V           ; 0.26 V                               ; 0.209 V                              ; 4.69e-10 s                  ; 6.21e-10 s                  ; No                         ; No                         ; 3.08 V                      ; 3.41e-06 V                  ; 3.16 V             ; -0.0688 V          ; 0.26 V                              ; 0.209 V                             ; 4.69e-10 s                 ; 6.21e-10 s                 ; No                        ; No                        ;
; HEX1[2]      ; 3.3-V LVTTL  ; 0 s                 ; 0 s                 ; 3.08 V                       ; 3.41e-06 V                   ; 3.16 V              ; -0.0694 V           ; 0.259 V                              ; 0.209 V                              ; 4.69e-10 s                  ; 6.21e-10 s                  ; No                         ; No                         ; 3.08 V                      ; 3.41e-06 V                  ; 3.16 V             ; -0.0694 V          ; 0.259 V                             ; 0.209 V                             ; 4.69e-10 s                 ; 6.21e-10 s                 ; No                        ; No                        ;
; HEX1[3]      ; 3.3-V LVTTL  ; 0 s                 ; 0 s                 ; 3.08 V                       ; 3.41e-06 V                   ; 3.16 V              ; -0.0688 V           ; 0.26 V                               ; 0.209 V                              ; 4.69e-10 s                  ; 6.21e-10 s                  ; No                         ; No                         ; 3.08 V                      ; 3.41e-06 V                  ; 3.16 V             ; -0.0688 V          ; 0.26 V                              ; 0.209 V                             ; 4.69e-10 s                 ; 6.21e-10 s                 ; No                        ; No                        ;
; HEX1[4]      ; 3.3-V LVTTL  ; 0 s                 ; 0 s                 ; 3.08 V                       ; 3.41e-06 V                   ; 3.16 V              ; -0.0694 V           ; 0.259 V                              ; 0.209 V                              ; 4.69e-10 s                  ; 6.21e-10 s                  ; No                         ; No                         ; 3.08 V                      ; 3.41e-06 V                  ; 3.16 V             ; -0.0694 V          ; 0.259 V                             ; 0.209 V                             ; 4.69e-10 s                 ; 6.21e-10 s                 ; No                        ; No                        ;
; HEX1[5]      ; 3.3-V LVTTL  ; 0 s                 ; 0 s                 ; 3.08 V                       ; 3.41e-06 V                   ; 3.16 V              ; -0.0688 V           ; 0.26 V                               ; 0.209 V                              ; 4.69e-10 s                  ; 6.21e-10 s                  ; No                         ; No                         ; 3.08 V                      ; 3.41e-06 V                  ; 3.16 V             ; -0.0688 V          ; 0.26 V                              ; 0.209 V                             ; 4.69e-10 s                 ; 6.21e-10 s                 ; No                        ; No                        ;
; HEX1[6]      ; 3.3-V LVTTL  ; 0 s                 ; 0 s                 ; 3.08 V                       ; 3.41e-06 V                   ; 3.16 V              ; -0.0694 V           ; 0.259 V                              ; 0.209 V                              ; 4.69e-10 s                  ; 6.21e-10 s                  ; No                         ; No                         ; 3.08 V                      ; 3.41e-06 V                  ; 3.16 V             ; -0.0694 V          ; 0.259 V                             ; 0.209 V                             ; 4.69e-10 s                 ; 6.21e-10 s                 ; No                        ; No                        ;
; HEX2[0]      ; 3.3-V LVTTL  ; 0 s                 ; 0 s                 ; 3.08 V                       ; 3.41e-06 V                   ; 3.16 V              ; -0.0688 V           ; 0.26 V                               ; 0.209 V                              ; 4.69e-10 s                  ; 6.21e-10 s                  ; No                         ; No                         ; 3.08 V                      ; 3.41e-06 V                  ; 3.16 V             ; -0.0688 V          ; 0.26 V                              ; 0.209 V                             ; 4.69e-10 s                 ; 6.21e-10 s                 ; No                        ; No                        ;
; HEX2[1]      ; 3.3-V LVTTL  ; 0 s                 ; 0 s                 ; 3.08 V                       ; 3.41e-06 V                   ; 3.16 V              ; -0.0688 V           ; 0.26 V                               ; 0.209 V                              ; 4.69e-10 s                  ; 6.21e-10 s                  ; No                         ; No                         ; 3.08 V                      ; 3.41e-06 V                  ; 3.16 V             ; -0.0688 V          ; 0.26 V                              ; 0.209 V                             ; 4.69e-10 s                 ; 6.21e-10 s                 ; No                        ; No                        ;
; HEX2[2]      ; 3.3-V LVTTL  ; 0 s                 ; 0 s                 ; 3.08 V                       ; 3.41e-06 V                   ; 3.16 V              ; -0.0694 V           ; 0.259 V                              ; 0.209 V                              ; 4.69e-10 s                  ; 6.21e-10 s                  ; No                         ; No                         ; 3.08 V                      ; 3.41e-06 V                  ; 3.16 V             ; -0.0694 V          ; 0.259 V                             ; 0.209 V                             ; 4.69e-10 s                 ; 6.21e-10 s                 ; No                        ; No                        ;
; HEX2[3]      ; 3.3-V LVTTL  ; 0 s                 ; 0 s                 ; 3.08 V                       ; 3.41e-06 V                   ; 3.16 V              ; -0.0694 V           ; 0.259 V                              ; 0.209 V                              ; 4.69e-10 s                  ; 6.21e-10 s                  ; No                         ; No                         ; 3.08 V                      ; 3.41e-06 V                  ; 3.16 V             ; -0.0694 V          ; 0.259 V                             ; 0.209 V                             ; 4.69e-10 s                 ; 6.21e-10 s                 ; No                        ; No                        ;
; HEX2[4]      ; 3.3-V LVTTL  ; 0 s                 ; 0 s                 ; 3.08 V                       ; 3.41e-06 V                   ; 3.16 V              ; -0.0694 V           ; 0.259 V                              ; 0.209 V                              ; 4.69e-10 s                  ; 6.21e-10 s                  ; No                         ; No                         ; 3.08 V                      ; 3.41e-06 V                  ; 3.16 V             ; -0.0694 V          ; 0.259 V                             ; 0.209 V                             ; 4.69e-10 s                 ; 6.21e-10 s                 ; No                        ; No                        ;
; HEX2[5]      ; 3.3-V LVTTL  ; 0 s                 ; 0 s                 ; 3.08 V                       ; 3.41e-06 V                   ; 3.16 V              ; -0.0694 V           ; 0.259 V                              ; 0.209 V                              ; 4.69e-10 s                  ; 6.21e-10 s                  ; No                         ; No                         ; 3.08 V                      ; 3.41e-06 V                  ; 3.16 V             ; -0.0694 V          ; 0.259 V                             ; 0.209 V                             ; 4.69e-10 s                 ; 6.21e-10 s                 ; No                        ; No                        ;
; HEX2[6]      ; 3.3-V LVTTL  ; 0 s                 ; 0 s                 ; 3.08 V                       ; 3.41e-06 V                   ; 3.16 V              ; -0.0688 V           ; 0.26 V                               ; 0.209 V                              ; 4.69e-10 s                  ; 6.21e-10 s                  ; No                         ; No                         ; 3.08 V                      ; 3.41e-06 V                  ; 3.16 V             ; -0.0688 V          ; 0.26 V                              ; 0.209 V                             ; 4.69e-10 s                 ; 6.21e-10 s                 ; No                        ; No                        ;
; HEX3[0]      ; 3.3-V LVTTL  ; 0 s                 ; 0 s                 ; 3.08 V                       ; 3.41e-06 V                   ; 3.16 V              ; -0.0688 V           ; 0.26 V                               ; 0.209 V                              ; 4.69e-10 s                  ; 6.21e-10 s                  ; No                         ; No                         ; 3.08 V                      ; 3.41e-06 V                  ; 3.16 V             ; -0.0688 V          ; 0.26 V                              ; 0.209 V                             ; 4.69e-10 s                 ; 6.21e-10 s                 ; No                        ; No                        ;
; HEX3[1]      ; 3.3-V LVTTL  ; 0 s                 ; 0 s                 ; 3.08 V                       ; 3.41e-06 V                   ; 3.16 V              ; -0.0688 V           ; 0.26 V                               ; 0.209 V                              ; 4.69e-10 s                  ; 6.21e-10 s                  ; No                         ; No                         ; 3.08 V                      ; 3.41e-06 V                  ; 3.16 V             ; -0.0688 V          ; 0.26 V                              ; 0.209 V                             ; 4.69e-10 s                 ; 6.21e-10 s                 ; No                        ; No                        ;
; HEX3[2]      ; 3.3-V LVTTL  ; 0 s                 ; 0 s                 ; 3.08 V                       ; 3.41e-06 V                   ; 3.16 V              ; -0.0694 V           ; 0.259 V                              ; 0.209 V                              ; 4.69e-10 s                  ; 6.21e-10 s                  ; No                         ; No                         ; 3.08 V                      ; 3.41e-06 V                  ; 3.16 V             ; -0.0694 V          ; 0.259 V                             ; 0.209 V                             ; 4.69e-10 s                 ; 6.21e-10 s                 ; No                        ; No                        ;
; HEX3[3]      ; 3.3-V LVTTL  ; 0 s                 ; 0 s                 ; 3.08 V                       ; 3.41e-06 V                   ; 3.16 V              ; -0.0688 V           ; 0.26 V                               ; 0.209 V                              ; 4.69e-10 s                  ; 6.21e-10 s                  ; No                         ; No                         ; 3.08 V                      ; 3.41e-06 V                  ; 3.16 V             ; -0.0688 V          ; 0.26 V                              ; 0.209 V                             ; 4.69e-10 s                 ; 6.21e-10 s                 ; No                        ; No                        ;
; HEX3[4]      ; 3.3-V LVTTL  ; 0 s                 ; 0 s                 ; 3.08 V                       ; 3.41e-06 V                   ; 3.16 V              ; -0.0688 V           ; 0.26 V                               ; 0.209 V                              ; 4.69e-10 s                  ; 6.21e-10 s                  ; No                         ; No                         ; 3.08 V                      ; 3.41e-06 V                  ; 3.16 V             ; -0.0688 V          ; 0.26 V                              ; 0.209 V                             ; 4.69e-10 s                 ; 6.21e-10 s                 ; No                        ; No                        ;
; HEX3[5]      ; 3.3-V LVTTL  ; 0 s                 ; 0 s                 ; 3.08 V                       ; 3.41e-06 V                   ; 3.16 V              ; -0.0694 V           ; 0.259 V                              ; 0.209 V                              ; 4.69e-10 s                  ; 6.21e-10 s                  ; No                         ; No                         ; 3.08 V                      ; 3.41e-06 V                  ; 3.16 V             ; -0.0694 V          ; 0.259 V                             ; 0.209 V                             ; 4.69e-10 s                 ; 6.21e-10 s                 ; No                        ; No                        ;
; HEX3[6]      ; 3.3-V LVTTL  ; 0 s                 ; 0 s                 ; 3.08 V                       ; 3.41e-06 V                   ; 3.16 V              ; -0.0694 V           ; 0.259 V                              ; 0.209 V                              ; 4.69e-10 s                  ; 6.21e-10 s                  ; No                         ; No                         ; 3.08 V                      ; 3.41e-06 V                  ; 3.16 V             ; -0.0694 V          ; 0.259 V                             ; 0.209 V                             ; 4.69e-10 s                 ; 6.21e-10 s                 ; No                        ; No                        ;
; HEX4[0]      ; 3.3-V LVTTL  ; 0 s                 ; 0 s                 ; 3.08 V                       ; 3.41e-06 V                   ; 3.16 V              ; -0.0694 V           ; 0.259 V                              ; 0.209 V                              ; 4.69e-10 s                  ; 6.21e-10 s                  ; No                         ; No                         ; 3.08 V                      ; 3.41e-06 V                  ; 3.16 V             ; -0.0694 V          ; 0.259 V                             ; 0.209 V                             ; 4.69e-10 s                 ; 6.21e-10 s                 ; No                        ; No                        ;
; HEX4[1]      ; 3.3-V LVTTL  ; 0 s                 ; 0 s                 ; 3.08 V                       ; 3.41e-06 V                   ; 3.16 V              ; -0.0694 V           ; 0.259 V                              ; 0.209 V                              ; 4.69e-10 s                  ; 6.21e-10 s                  ; No                         ; No                         ; 3.08 V                      ; 3.41e-06 V                  ; 3.16 V             ; -0.0694 V          ; 0.259 V                             ; 0.209 V                             ; 4.69e-10 s                 ; 6.21e-10 s                 ; No                        ; No                        ;
; HEX4[2]      ; 3.3-V LVTTL  ; 0 s                 ; 0 s                 ; 3.08 V                       ; 3.41e-06 V                   ; 3.16 V              ; -0.0688 V           ; 0.26 V                               ; 0.209 V                              ; 4.69e-10 s                  ; 6.21e-10 s                  ; No                         ; No                         ; 3.08 V                      ; 3.41e-06 V                  ; 3.16 V             ; -0.0688 V          ; 0.26 V                              ; 0.209 V                             ; 4.69e-10 s                 ; 6.21e-10 s                 ; No                        ; No                        ;
; HEX4[3]      ; 3.3-V LVTTL  ; 0 s                 ; 0 s                 ; 3.08 V                       ; 3.41e-06 V                   ; 3.16 V              ; -0.0694 V           ; 0.259 V                              ; 0.209 V                              ; 4.69e-10 s                  ; 6.21e-10 s                  ; No                         ; No                         ; 3.08 V                      ; 3.41e-06 V                  ; 3.16 V             ; -0.0694 V          ; 0.259 V                             ; 0.209 V                             ; 4.69e-10 s                 ; 6.21e-10 s                 ; No                        ; No                        ;
; HEX4[4]      ; 3.3-V LVTTL  ; 0 s                 ; 0 s                 ; 3.08 V                       ; 3.41e-06 V                   ; 3.16 V              ; -0.0688 V           ; 0.26 V                               ; 0.209 V                              ; 4.69e-10 s                  ; 6.21e-10 s                  ; No                         ; No                         ; 3.08 V                      ; 3.41e-06 V                  ; 3.16 V             ; -0.0688 V          ; 0.26 V                              ; 0.209 V                             ; 4.69e-10 s                 ; 6.21e-10 s                 ; No                        ; No                        ;
; HEX4[5]      ; 3.3-V LVTTL  ; 0 s                 ; 0 s                 ; 3.08 V                       ; 3.41e-06 V                   ; 3.16 V              ; -0.0688 V           ; 0.26 V                               ; 0.209 V                              ; 4.69e-10 s                  ; 6.21e-10 s                  ; No                         ; No                         ; 3.08 V                      ; 3.41e-06 V                  ; 3.16 V             ; -0.0688 V          ; 0.26 V                              ; 0.209 V                             ; 4.69e-10 s                 ; 6.21e-10 s                 ; No                        ; No                        ;
; HEX4[6]      ; 3.3-V LVTTL  ; 0 s                 ; 0 s                 ; 3.08 V                       ; 3.41e-06 V                   ; 3.16 V              ; -0.0694 V           ; 0.259 V                              ; 0.209 V                              ; 4.69e-10 s                  ; 6.21e-10 s                  ; No                         ; No                         ; 3.08 V                      ; 3.41e-06 V                  ; 3.16 V             ; -0.0694 V          ; 0.259 V                             ; 0.209 V                             ; 4.69e-10 s                 ; 6.21e-10 s                 ; No                        ; No                        ;
; HEX5[0]      ; 3.3-V LVTTL  ; 0 s                 ; 0 s                 ; 3.08 V                       ; 3.41e-06 V                   ; 3.16 V              ; -0.0688 V           ; 0.26 V                               ; 0.209 V                              ; 4.69e-10 s                  ; 6.21e-10 s                  ; No                         ; No                         ; 3.08 V                      ; 3.41e-06 V                  ; 3.16 V             ; -0.0688 V          ; 0.26 V                              ; 0.209 V                             ; 4.69e-10 s                 ; 6.21e-10 s                 ; No                        ; No                        ;
; HEX5[1]      ; 3.3-V LVTTL  ; 0 s                 ; 0 s                 ; 3.08 V                       ; 3.41e-06 V                   ; 3.16 V              ; -0.0694 V           ; 0.259 V                              ; 0.209 V                              ; 4.69e-10 s                  ; 6.21e-10 s                  ; No                         ; No                         ; 3.08 V                      ; 3.41e-06 V                  ; 3.16 V             ; -0.0694 V          ; 0.259 V                             ; 0.209 V                             ; 4.69e-10 s                 ; 6.21e-10 s                 ; No                        ; No                        ;
; HEX5[2]      ; 3.3-V LVTTL  ; 0 s                 ; 0 s                 ; 3.08 V                       ; 3.41e-06 V                   ; 3.16 V              ; -0.0694 V           ; 0.259 V                              ; 0.209 V                              ; 4.69e-10 s                  ; 6.21e-10 s                  ; No                         ; No                         ; 3.08 V                      ; 3.41e-06 V                  ; 3.16 V             ; -0.0694 V          ; 0.259 V                             ; 0.209 V                             ; 4.69e-10 s                 ; 6.21e-10 s                 ; No                        ; No                        ;
; HEX5[3]      ; 3.3-V LVTTL  ; 0 s                 ; 0 s                 ; 3.08 V                       ; 3.41e-06 V                   ; 3.16 V              ; -0.0688 V           ; 0.26 V                               ; 0.209 V                              ; 4.69e-10 s                  ; 6.21e-10 s                  ; No                         ; No                         ; 3.08 V                      ; 3.41e-06 V                  ; 3.16 V             ; -0.0688 V          ; 0.26 V                              ; 0.209 V                             ; 4.69e-10 s                 ; 6.21e-10 s                 ; No                        ; No                        ;
; HEX5[4]      ; 3.3-V LVTTL  ; 0 s                 ; 0 s                 ; 3.08 V                       ; 3.41e-06 V                   ; 3.16 V              ; -0.0688 V           ; 0.26 V                               ; 0.209 V                              ; 4.69e-10 s                  ; 6.21e-10 s                  ; No                         ; No                         ; 3.08 V                      ; 3.41e-06 V                  ; 3.16 V             ; -0.0688 V          ; 0.26 V                              ; 0.209 V                             ; 4.69e-10 s                 ; 6.21e-10 s                 ; No                        ; No                        ;
; HEX5[5]      ; 3.3-V LVTTL  ; 0 s                 ; 0 s                 ; 3.08 V                       ; 3.41e-06 V                   ; 3.16 V              ; -0.0694 V           ; 0.259 V                              ; 0.209 V                              ; 4.69e-10 s                  ; 6.21e-10 s                  ; No                         ; No                         ; 3.08 V                      ; 3.41e-06 V                  ; 3.16 V             ; -0.0694 V          ; 0.259 V                             ; 0.209 V                             ; 4.69e-10 s                 ; 6.21e-10 s                 ; No                        ; No                        ;
; HEX5[6]      ; 3.3-V LVTTL  ; 0 s                 ; 0 s                 ; 3.08 V                       ; 3.41e-06 V                   ; 3.16 V              ; -0.0694 V           ; 0.259 V                              ; 0.209 V                              ; 4.69e-10 s                  ; 6.21e-10 s                  ; No                         ; No                         ; 3.08 V                      ; 3.41e-06 V                  ; 3.16 V             ; -0.0694 V          ; 0.259 V                             ; 0.209 V                             ; 4.69e-10 s                 ; 6.21e-10 s                 ; No                        ; No                        ;
; ~ALTERA_TDO~ ; 2.5 V        ; 0 s                 ; 0 s                 ; 2.32 V                       ; 1.97e-06 V                   ; 2.36 V              ; -0.0173 V           ; 0.144 V                              ; 0.094 V                              ; 6.44e-10 s                  ; 7.2e-10 s                   ; No                         ; Yes                        ; 2.32 V                      ; 1.97e-06 V                  ; 2.36 V             ; -0.0173 V          ; 0.144 V                             ; 0.094 V                             ; 6.44e-10 s                 ; 7.2e-10 s                  ; No                        ; Yes                       ;
+--------------+--------------+---------------------+---------------------+------------------------------+------------------------------+---------------------+---------------------+--------------------------------------+--------------------------------------+-----------------------------+-----------------------------+----------------------------+----------------------------+-----------------------------+-----------------------------+--------------------+--------------------+-------------------------------------+-------------------------------------+----------------------------+----------------------------+---------------------------+---------------------------+


+-------------------------------------------------------------------------------------------------------------------------------------------------------------------------------------------------------------------------------------------------------------------------------------------------------------------------------------------------------------------------------------------------------------------------------------------------------------------------------------------------------------------------------------------------------------------------------------------------------------------------------------------------------------------------------------------+
; Signal Integrity Metrics (Fast 1200mv 0c Model)                                                                                                                                                                                                                                                                                                                                                                                                                                                                                                                                                                                                                                           ;
+--------------+--------------+---------------------+---------------------+------------------------------+------------------------------+---------------------+---------------------+--------------------------------------+--------------------------------------+-----------------------------+-----------------------------+----------------------------+----------------------------+-----------------------------+-----------------------------+--------------------+--------------------+-------------------------------------+-------------------------------------+----------------------------+----------------------------+---------------------------+---------------------------+
; Pin          ; I/O Standard ; Board Delay on Rise ; Board Delay on Fall ; Steady State Voh at FPGA Pin ; Steady State Vol at FPGA Pin ; Voh Max at FPGA Pin ; Vol Min at FPGA Pin ; Ringback Voltage on Rise at FPGA Pin ; Ringback Voltage on Fall at FPGA Pin ; 10-90 Rise Time at FPGA Pin ; 90-10 Fall Time at FPGA Pin ; Monotonic Rise at FPGA Pin ; Monotonic Fall at FPGA Pin ; Steady State Voh at Far-end ; Steady State Vol at Far-end ; Voh Max at Far-end ; Vol Min at Far-end ; Ringback Voltage on Rise at Far-end ; Ringback Voltage on Fall at Far-end ; 10-90 Rise Time at Far-end ; 90-10 Fall Time at Far-end ; Monotonic Rise at Far-end ; Monotonic Fall at Far-end ;
+--------------+--------------+---------------------+---------------------+------------------------------+------------------------------+---------------------+---------------------+--------------------------------------+--------------------------------------+-----------------------------+-----------------------------+----------------------------+----------------------------+-----------------------------+-----------------------------+--------------------+--------------------+-------------------------------------+-------------------------------------+----------------------------+----------------------------+---------------------------+---------------------------+
; LEDR[0]      ; 3.3-V LVTTL  ; 0 s                 ; 0 s                 ; 3.46 V                       ; 5.04e-07 V                   ; 3.65 V              ; -0.0209 V           ; 0.391 V                              ; 0.09 V                               ; 2.79e-10 s                  ; 3.95e-10 s                  ; No                         ; Yes                        ; 3.46 V                      ; 5.04e-07 V                  ; 3.65 V             ; -0.0209 V          ; 0.391 V                             ; 0.09 V                              ; 2.79e-10 s                 ; 3.95e-10 s                 ; No                        ; Yes                       ;
; LEDR[1]      ; 3.3-V LVTTL  ; 0 s                 ; 0 s                 ; 3.46 V                       ; 5.04e-07 V                   ; 3.64 V              ; -0.0201 V           ; 0.391 V                              ; 0.088 V                              ; 2.79e-10 s                  ; 3.95e-10 s                  ; No                         ; Yes                        ; 3.46 V                      ; 5.04e-07 V                  ; 3.64 V             ; -0.0201 V          ; 0.391 V                             ; 0.088 V                             ; 2.79e-10 s                 ; 3.95e-10 s                 ; No                        ; Yes                       ;
; LEDR[2]      ; 3.3-V LVTTL  ; 0 s                 ; 0 s                 ; 3.46 V                       ; 5.04e-07 V                   ; 3.65 V              ; -0.0209 V           ; 0.391 V                              ; 0.09 V                               ; 2.79e-10 s                  ; 3.95e-10 s                  ; No                         ; Yes                        ; 3.46 V                      ; 5.04e-07 V                  ; 3.65 V             ; -0.0209 V          ; 0.391 V                             ; 0.09 V                              ; 2.79e-10 s                 ; 3.95e-10 s                 ; No                        ; Yes                       ;
; LEDR[3]      ; 3.3-V LVTTL  ; 0 s                 ; 0 s                 ; 3.46 V                       ; 5.04e-07 V                   ; 3.64 V              ; -0.0201 V           ; 0.391 V                              ; 0.088 V                              ; 2.79e-10 s                  ; 3.95e-10 s                  ; No                         ; Yes                        ; 3.46 V                      ; 5.04e-07 V                  ; 3.64 V             ; -0.0201 V          ; 0.391 V                             ; 0.088 V                             ; 2.79e-10 s                 ; 3.95e-10 s                 ; No                        ; Yes                       ;
; LEDR[4]      ; 3.3-V LVTTL  ; 0 s                 ; 0 s                 ; 3.46 V                       ; 5.04e-07 V                   ; 3.65 V              ; -0.0209 V           ; 0.391 V                              ; 0.09 V                               ; 2.79e-10 s                  ; 3.95e-10 s                  ; No                         ; Yes                        ; 3.46 V                      ; 5.04e-07 V                  ; 3.65 V             ; -0.0209 V          ; 0.391 V                             ; 0.09 V                              ; 2.79e-10 s                 ; 3.95e-10 s                 ; No                        ; Yes                       ;
; LEDR[5]      ; 3.3-V LVTTL  ; 0 s                 ; 0 s                 ; 3.46 V                       ; 5.04e-07 V                   ; 3.65 V              ; -0.0209 V           ; 0.391 V                              ; 0.09 V                               ; 2.79e-10 s                  ; 3.95e-10 s                  ; No                         ; Yes                        ; 3.46 V                      ; 5.04e-07 V                  ; 3.65 V             ; -0.0209 V          ; 0.391 V                             ; 0.09 V                              ; 2.79e-10 s                 ; 3.95e-10 s                 ; No                        ; Yes                       ;
; LEDR[6]      ; 3.3-V LVTTL  ; 0 s                 ; 0 s                 ; 3.46 V                       ; 5.04e-07 V                   ; 3.65 V              ; -0.0209 V           ; 0.391 V                              ; 0.09 V                               ; 2.79e-10 s                  ; 3.95e-10 s                  ; No                         ; Yes                        ; 3.46 V                      ; 5.04e-07 V                  ; 3.65 V             ; -0.0209 V          ; 0.391 V                             ; 0.09 V                              ; 2.79e-10 s                 ; 3.95e-10 s                 ; No                        ; Yes                       ;
; LEDR[7]      ; 3.3-V LVTTL  ; 0 s                 ; 0 s                 ; 3.46 V                       ; 5.04e-07 V                   ; 3.64 V              ; -0.0201 V           ; 0.391 V                              ; 0.088 V                              ; 2.79e-10 s                  ; 3.95e-10 s                  ; No                         ; Yes                        ; 3.46 V                      ; 5.04e-07 V                  ; 3.64 V             ; -0.0201 V          ; 0.391 V                             ; 0.088 V                             ; 2.79e-10 s                 ; 3.95e-10 s                 ; No                        ; Yes                       ;
; LEDR[8]      ; 3.3-V LVTTL  ; 0 s                 ; 0 s                 ; 3.46 V                       ; 5.04e-07 V                   ; 3.64 V              ; -0.0201 V           ; 0.391 V                              ; 0.088 V                              ; 2.79e-10 s                  ; 3.95e-10 s                  ; No                         ; Yes                        ; 3.46 V                      ; 5.04e-07 V                  ; 3.64 V             ; -0.0201 V          ; 0.391 V                             ; 0.088 V                             ; 2.79e-10 s                 ; 3.95e-10 s                 ; No                        ; Yes                       ;
; LEDR[9]      ; 3.3-V LVTTL  ; 0 s                 ; 0 s                 ; 3.46 V                       ; 5.04e-07 V                   ; 3.65 V              ; -0.0209 V           ; 0.391 V                              ; 0.09 V                               ; 2.79e-10 s                  ; 3.95e-10 s                  ; No                         ; Yes                        ; 3.46 V                      ; 5.04e-07 V                  ; 3.65 V             ; -0.0209 V          ; 0.391 V                             ; 0.09 V                              ; 2.79e-10 s                 ; 3.95e-10 s                 ; No                        ; Yes                       ;
; HEX0[0]      ; 3.3-V LVTTL  ; 0 s                 ; 0 s                 ; 3.46 V                       ; 5.04e-07 V                   ; 3.64 V              ; -0.0201 V           ; 0.391 V                              ; 0.088 V                              ; 2.79e-10 s                  ; 3.95e-10 s                  ; No                         ; Yes                        ; 3.46 V                      ; 5.04e-07 V                  ; 3.64 V             ; -0.0201 V          ; 0.391 V                             ; 0.088 V                             ; 2.79e-10 s                 ; 3.95e-10 s                 ; No                        ; Yes                       ;
; HEX0[1]      ; 3.3-V LVTTL  ; 0 s                 ; 0 s                 ; 3.46 V                       ; 5.04e-07 V                   ; 3.65 V              ; -0.0209 V           ; 0.391 V                              ; 0.09 V                               ; 2.79e-10 s                  ; 3.95e-10 s                  ; No                         ; Yes                        ; 3.46 V                      ; 5.04e-07 V                  ; 3.65 V             ; -0.0209 V          ; 0.391 V                             ; 0.09 V                              ; 2.79e-10 s                 ; 3.95e-10 s                 ; No                        ; Yes                       ;
; HEX0[2]      ; 3.3-V LVTTL  ; 0 s                 ; 0 s                 ; 3.46 V                       ; 5.04e-07 V                   ; 3.65 V              ; -0.0209 V           ; 0.391 V                              ; 0.09 V                               ; 2.79e-10 s                  ; 3.95e-10 s                  ; No                         ; Yes                        ; 3.46 V                      ; 5.04e-07 V                  ; 3.65 V             ; -0.0209 V          ; 0.391 V                             ; 0.09 V                              ; 2.79e-10 s                 ; 3.95e-10 s                 ; No                        ; Yes                       ;
; HEX0[3]      ; 3.3-V LVTTL  ; 0 s                 ; 0 s                 ; 3.46 V                       ; 5.04e-07 V                   ; 3.64 V              ; -0.0201 V           ; 0.391 V                              ; 0.088 V                              ; 2.79e-10 s                  ; 3.95e-10 s                  ; No                         ; Yes                        ; 3.46 V                      ; 5.04e-07 V                  ; 3.64 V             ; -0.0201 V          ; 0.391 V                             ; 0.088 V                             ; 2.79e-10 s                 ; 3.95e-10 s                 ; No                        ; Yes                       ;
; HEX0[4]      ; 3.3-V LVTTL  ; 0 s                 ; 0 s                 ; 3.46 V                       ; 5.04e-07 V                   ; 3.64 V              ; -0.0201 V           ; 0.391 V                              ; 0.088 V                              ; 2.79e-10 s                  ; 3.95e-10 s                  ; No                         ; Yes                        ; 3.46 V                      ; 5.04e-07 V                  ; 3.64 V             ; -0.0201 V          ; 0.391 V                             ; 0.088 V                             ; 2.79e-10 s                 ; 3.95e-10 s                 ; No                        ; Yes                       ;
; HEX0[5]      ; 3.3-V LVTTL  ; 0 s                 ; 0 s                 ; 3.46 V                       ; 5.04e-07 V                   ; 3.64 V              ; -0.0201 V           ; 0.391 V                              ; 0.088 V                              ; 2.79e-10 s                  ; 3.95e-10 s                  ; No                         ; Yes                        ; 3.46 V                      ; 5.04e-07 V                  ; 3.64 V             ; -0.0201 V          ; 0.391 V                             ; 0.088 V                             ; 2.79e-10 s                 ; 3.95e-10 s                 ; No                        ; Yes                       ;
; HEX0[6]      ; 3.3-V LVTTL  ; 0 s                 ; 0 s                 ; 3.46 V                       ; 5.04e-07 V                   ; 3.65 V              ; -0.0209 V           ; 0.391 V                              ; 0.09 V                               ; 2.79e-10 s                  ; 3.95e-10 s                  ; No                         ; Yes                        ; 3.46 V                      ; 5.04e-07 V                  ; 3.65 V             ; -0.0209 V          ; 0.391 V                             ; 0.09 V                              ; 2.79e-10 s                 ; 3.95e-10 s                 ; No                        ; Yes                       ;
; HEX1[0]      ; 3.3-V LVTTL  ; 0 s                 ; 0 s                 ; 3.46 V                       ; 5.04e-07 V                   ; 3.64 V              ; -0.0201 V           ; 0.391 V                              ; 0.088 V                              ; 2.79e-10 s                  ; 3.95e-10 s                  ; No                         ; Yes                        ; 3.46 V                      ; 5.04e-07 V                  ; 3.64 V             ; -0.0201 V          ; 0.391 V                             ; 0.088 V                             ; 2.79e-10 s                 ; 3.95e-10 s                 ; No                        ; Yes                       ;
; HEX1[1]      ; 3.3-V LVTTL  ; 0 s                 ; 0 s                 ; 3.46 V                       ; 5.04e-07 V                   ; 3.64 V              ; -0.0201 V           ; 0.391 V                              ; 0.088 V                              ; 2.79e-10 s                  ; 3.95e-10 s                  ; No                         ; Yes                        ; 3.46 V                      ; 5.04e-07 V                  ; 3.64 V             ; -0.0201 V          ; 0.391 V                             ; 0.088 V                             ; 2.79e-10 s                 ; 3.95e-10 s                 ; No                        ; Yes                       ;
; HEX1[2]      ; 3.3-V LVTTL  ; 0 s                 ; 0 s                 ; 3.46 V                       ; 5.04e-07 V                   ; 3.65 V              ; -0.0209 V           ; 0.391 V                              ; 0.09 V                               ; 2.79e-10 s                  ; 3.95e-10 s                  ; No                         ; Yes                        ; 3.46 V                      ; 5.04e-07 V                  ; 3.65 V             ; -0.0209 V          ; 0.391 V                             ; 0.09 V                              ; 2.79e-10 s                 ; 3.95e-10 s                 ; No                        ; Yes                       ;
; HEX1[3]      ; 3.3-V LVTTL  ; 0 s                 ; 0 s                 ; 3.46 V                       ; 5.04e-07 V                   ; 3.64 V              ; -0.0201 V           ; 0.391 V                              ; 0.088 V                              ; 2.79e-10 s                  ; 3.95e-10 s                  ; No                         ; Yes                        ; 3.46 V                      ; 5.04e-07 V                  ; 3.64 V             ; -0.0201 V          ; 0.391 V                             ; 0.088 V                             ; 2.79e-10 s                 ; 3.95e-10 s                 ; No                        ; Yes                       ;
; HEX1[4]      ; 3.3-V LVTTL  ; 0 s                 ; 0 s                 ; 3.46 V                       ; 5.04e-07 V                   ; 3.65 V              ; -0.0209 V           ; 0.391 V                              ; 0.09 V                               ; 2.79e-10 s                  ; 3.95e-10 s                  ; No                         ; Yes                        ; 3.46 V                      ; 5.04e-07 V                  ; 3.65 V             ; -0.0209 V          ; 0.391 V                             ; 0.09 V                              ; 2.79e-10 s                 ; 3.95e-10 s                 ; No                        ; Yes                       ;
; HEX1[5]      ; 3.3-V LVTTL  ; 0 s                 ; 0 s                 ; 3.46 V                       ; 5.04e-07 V                   ; 3.64 V              ; -0.0201 V           ; 0.391 V                              ; 0.088 V                              ; 2.79e-10 s                  ; 3.95e-10 s                  ; No                         ; Yes                        ; 3.46 V                      ; 5.04e-07 V                  ; 3.64 V             ; -0.0201 V          ; 0.391 V                             ; 0.088 V                             ; 2.79e-10 s                 ; 3.95e-10 s                 ; No                        ; Yes                       ;
; HEX1[6]      ; 3.3-V LVTTL  ; 0 s                 ; 0 s                 ; 3.46 V                       ; 5.04e-07 V                   ; 3.65 V              ; -0.0209 V           ; 0.391 V                              ; 0.09 V                               ; 2.79e-10 s                  ; 3.95e-10 s                  ; No                         ; Yes                        ; 3.46 V                      ; 5.04e-07 V                  ; 3.65 V             ; -0.0209 V          ; 0.391 V                             ; 0.09 V                              ; 2.79e-10 s                 ; 3.95e-10 s                 ; No                        ; Yes                       ;
; HEX2[0]      ; 3.3-V LVTTL  ; 0 s                 ; 0 s                 ; 3.46 V                       ; 5.04e-07 V                   ; 3.64 V              ; -0.0201 V           ; 0.391 V                              ; 0.088 V                              ; 2.79e-10 s                  ; 3.95e-10 s                  ; No                         ; Yes                        ; 3.46 V                      ; 5.04e-07 V                  ; 3.64 V             ; -0.0201 V          ; 0.391 V                             ; 0.088 V                             ; 2.79e-10 s                 ; 3.95e-10 s                 ; No                        ; Yes                       ;
; HEX2[1]      ; 3.3-V LVTTL  ; 0 s                 ; 0 s                 ; 3.46 V                       ; 5.04e-07 V                   ; 3.64 V              ; -0.0201 V           ; 0.391 V                              ; 0.088 V                              ; 2.79e-10 s                  ; 3.95e-10 s                  ; No                         ; Yes                        ; 3.46 V                      ; 5.04e-07 V                  ; 3.64 V             ; -0.0201 V          ; 0.391 V                             ; 0.088 V                             ; 2.79e-10 s                 ; 3.95e-10 s                 ; No                        ; Yes                       ;
; HEX2[2]      ; 3.3-V LVTTL  ; 0 s                 ; 0 s                 ; 3.46 V                       ; 5.04e-07 V                   ; 3.65 V              ; -0.0209 V           ; 0.391 V                              ; 0.09 V                               ; 2.79e-10 s                  ; 3.95e-10 s                  ; No                         ; Yes                        ; 3.46 V                      ; 5.04e-07 V                  ; 3.65 V             ; -0.0209 V          ; 0.391 V                             ; 0.09 V                              ; 2.79e-10 s                 ; 3.95e-10 s                 ; No                        ; Yes                       ;
; HEX2[3]      ; 3.3-V LVTTL  ; 0 s                 ; 0 s                 ; 3.46 V                       ; 5.04e-07 V                   ; 3.65 V              ; -0.0209 V           ; 0.391 V                              ; 0.09 V                               ; 2.79e-10 s                  ; 3.95e-10 s                  ; No                         ; Yes                        ; 3.46 V                      ; 5.04e-07 V                  ; 3.65 V             ; -0.0209 V          ; 0.391 V                             ; 0.09 V                              ; 2.79e-10 s                 ; 3.95e-10 s                 ; No                        ; Yes                       ;
; HEX2[4]      ; 3.3-V LVTTL  ; 0 s                 ; 0 s                 ; 3.46 V                       ; 5.04e-07 V                   ; 3.65 V              ; -0.0209 V           ; 0.391 V                              ; 0.09 V                               ; 2.79e-10 s                  ; 3.95e-10 s                  ; No                         ; Yes                        ; 3.46 V                      ; 5.04e-07 V                  ; 3.65 V             ; -0.0209 V          ; 0.391 V                             ; 0.09 V                              ; 2.79e-10 s                 ; 3.95e-10 s                 ; No                        ; Yes                       ;
; HEX2[5]      ; 3.3-V LVTTL  ; 0 s                 ; 0 s                 ; 3.46 V                       ; 5.04e-07 V                   ; 3.65 V              ; -0.0209 V           ; 0.391 V                              ; 0.09 V                               ; 2.79e-10 s                  ; 3.95e-10 s                  ; No                         ; Yes                        ; 3.46 V                      ; 5.04e-07 V                  ; 3.65 V             ; -0.0209 V          ; 0.391 V                             ; 0.09 V                              ; 2.79e-10 s                 ; 3.95e-10 s                 ; No                        ; Yes                       ;
; HEX2[6]      ; 3.3-V LVTTL  ; 0 s                 ; 0 s                 ; 3.46 V                       ; 5.04e-07 V                   ; 3.64 V              ; -0.0201 V           ; 0.391 V                              ; 0.088 V                              ; 2.79e-10 s                  ; 3.95e-10 s                  ; No                         ; Yes                        ; 3.46 V                      ; 5.04e-07 V                  ; 3.64 V             ; -0.0201 V          ; 0.391 V                             ; 0.088 V                             ; 2.79e-10 s                 ; 3.95e-10 s                 ; No                        ; Yes                       ;
; HEX3[0]      ; 3.3-V LVTTL  ; 0 s                 ; 0 s                 ; 3.46 V                       ; 5.04e-07 V                   ; 3.64 V              ; -0.0201 V           ; 0.391 V                              ; 0.088 V                              ; 2.79e-10 s                  ; 3.95e-10 s                  ; No                         ; Yes                        ; 3.46 V                      ; 5.04e-07 V                  ; 3.64 V             ; -0.0201 V          ; 0.391 V                             ; 0.088 V                             ; 2.79e-10 s                 ; 3.95e-10 s                 ; No                        ; Yes                       ;
; HEX3[1]      ; 3.3-V LVTTL  ; 0 s                 ; 0 s                 ; 3.46 V                       ; 5.04e-07 V                   ; 3.64 V              ; -0.0201 V           ; 0.391 V                              ; 0.088 V                              ; 2.79e-10 s                  ; 3.95e-10 s                  ; No                         ; Yes                        ; 3.46 V                      ; 5.04e-07 V                  ; 3.64 V             ; -0.0201 V          ; 0.391 V                             ; 0.088 V                             ; 2.79e-10 s                 ; 3.95e-10 s                 ; No                        ; Yes                       ;
; HEX3[2]      ; 3.3-V LVTTL  ; 0 s                 ; 0 s                 ; 3.46 V                       ; 5.04e-07 V                   ; 3.65 V              ; -0.0209 V           ; 0.391 V                              ; 0.09 V                               ; 2.79e-10 s                  ; 3.95e-10 s                  ; No                         ; Yes                        ; 3.46 V                      ; 5.04e-07 V                  ; 3.65 V             ; -0.0209 V          ; 0.391 V                             ; 0.09 V                              ; 2.79e-10 s                 ; 3.95e-10 s                 ; No                        ; Yes                       ;
; HEX3[3]      ; 3.3-V LVTTL  ; 0 s                 ; 0 s                 ; 3.46 V                       ; 5.04e-07 V                   ; 3.64 V              ; -0.0201 V           ; 0.391 V                              ; 0.088 V                              ; 2.79e-10 s                  ; 3.95e-10 s                  ; No                         ; Yes                        ; 3.46 V                      ; 5.04e-07 V                  ; 3.64 V             ; -0.0201 V          ; 0.391 V                             ; 0.088 V                             ; 2.79e-10 s                 ; 3.95e-10 s                 ; No                        ; Yes                       ;
; HEX3[4]      ; 3.3-V LVTTL  ; 0 s                 ; 0 s                 ; 3.46 V                       ; 5.04e-07 V                   ; 3.64 V              ; -0.0201 V           ; 0.391 V                              ; 0.088 V                              ; 2.79e-10 s                  ; 3.95e-10 s                  ; No                         ; Yes                        ; 3.46 V                      ; 5.04e-07 V                  ; 3.64 V             ; -0.0201 V          ; 0.391 V                             ; 0.088 V                             ; 2.79e-10 s                 ; 3.95e-10 s                 ; No                        ; Yes                       ;
; HEX3[5]      ; 3.3-V LVTTL  ; 0 s                 ; 0 s                 ; 3.46 V                       ; 5.04e-07 V                   ; 3.65 V              ; -0.0209 V           ; 0.391 V                              ; 0.09 V                               ; 2.79e-10 s                  ; 3.95e-10 s                  ; No                         ; Yes                        ; 3.46 V                      ; 5.04e-07 V                  ; 3.65 V             ; -0.0209 V          ; 0.391 V                             ; 0.09 V                              ; 2.79e-10 s                 ; 3.95e-10 s                 ; No                        ; Yes                       ;
; HEX3[6]      ; 3.3-V LVTTL  ; 0 s                 ; 0 s                 ; 3.46 V                       ; 5.04e-07 V                   ; 3.65 V              ; -0.0209 V           ; 0.391 V                              ; 0.09 V                               ; 2.79e-10 s                  ; 3.95e-10 s                  ; No                         ; Yes                        ; 3.46 V                      ; 5.04e-07 V                  ; 3.65 V             ; -0.0209 V          ; 0.391 V                             ; 0.09 V                              ; 2.79e-10 s                 ; 3.95e-10 s                 ; No                        ; Yes                       ;
; HEX4[0]      ; 3.3-V LVTTL  ; 0 s                 ; 0 s                 ; 3.46 V                       ; 5.04e-07 V                   ; 3.65 V              ; -0.0209 V           ; 0.391 V                              ; 0.09 V                               ; 2.79e-10 s                  ; 3.95e-10 s                  ; No                         ; Yes                        ; 3.46 V                      ; 5.04e-07 V                  ; 3.65 V             ; -0.0209 V          ; 0.391 V                             ; 0.09 V                              ; 2.79e-10 s                 ; 3.95e-10 s                 ; No                        ; Yes                       ;
; HEX4[1]      ; 3.3-V LVTTL  ; 0 s                 ; 0 s                 ; 3.46 V                       ; 5.04e-07 V                   ; 3.65 V              ; -0.0209 V           ; 0.391 V                              ; 0.09 V                               ; 2.79e-10 s                  ; 3.95e-10 s                  ; No                         ; Yes                        ; 3.46 V                      ; 5.04e-07 V                  ; 3.65 V             ; -0.0209 V          ; 0.391 V                             ; 0.09 V                              ; 2.79e-10 s                 ; 3.95e-10 s                 ; No                        ; Yes                       ;
; HEX4[2]      ; 3.3-V LVTTL  ; 0 s                 ; 0 s                 ; 3.46 V                       ; 5.04e-07 V                   ; 3.64 V              ; -0.0201 V           ; 0.391 V                              ; 0.088 V                              ; 2.79e-10 s                  ; 3.95e-10 s                  ; No                         ; Yes                        ; 3.46 V                      ; 5.04e-07 V                  ; 3.64 V             ; -0.0201 V          ; 0.391 V                             ; 0.088 V                             ; 2.79e-10 s                 ; 3.95e-10 s                 ; No                        ; Yes                       ;
; HEX4[3]      ; 3.3-V LVTTL  ; 0 s                 ; 0 s                 ; 3.46 V                       ; 5.04e-07 V                   ; 3.65 V              ; -0.0209 V           ; 0.391 V                              ; 0.09 V                               ; 2.79e-10 s                  ; 3.95e-10 s                  ; No                         ; Yes                        ; 3.46 V                      ; 5.04e-07 V                  ; 3.65 V             ; -0.0209 V          ; 0.391 V                             ; 0.09 V                              ; 2.79e-10 s                 ; 3.95e-10 s                 ; No                        ; Yes                       ;
; HEX4[4]      ; 3.3-V LVTTL  ; 0 s                 ; 0 s                 ; 3.46 V                       ; 5.04e-07 V                   ; 3.64 V              ; -0.0201 V           ; 0.391 V                              ; 0.088 V                              ; 2.79e-10 s                  ; 3.95e-10 s                  ; No                         ; Yes                        ; 3.46 V                      ; 5.04e-07 V                  ; 3.64 V             ; -0.0201 V          ; 0.391 V                             ; 0.088 V                             ; 2.79e-10 s                 ; 3.95e-10 s                 ; No                        ; Yes                       ;
; HEX4[5]      ; 3.3-V LVTTL  ; 0 s                 ; 0 s                 ; 3.46 V                       ; 5.04e-07 V                   ; 3.64 V              ; -0.0201 V           ; 0.391 V                              ; 0.088 V                              ; 2.79e-10 s                  ; 3.95e-10 s                  ; No                         ; Yes                        ; 3.46 V                      ; 5.04e-07 V                  ; 3.64 V             ; -0.0201 V          ; 0.391 V                             ; 0.088 V                             ; 2.79e-10 s                 ; 3.95e-10 s                 ; No                        ; Yes                       ;
; HEX4[6]      ; 3.3-V LVTTL  ; 0 s                 ; 0 s                 ; 3.46 V                       ; 5.04e-07 V                   ; 3.65 V              ; -0.0209 V           ; 0.391 V                              ; 0.09 V                               ; 2.79e-10 s                  ; 3.95e-10 s                  ; No                         ; Yes                        ; 3.46 V                      ; 5.04e-07 V                  ; 3.65 V             ; -0.0209 V          ; 0.391 V                             ; 0.09 V                              ; 2.79e-10 s                 ; 3.95e-10 s                 ; No                        ; Yes                       ;
; HEX5[0]      ; 3.3-V LVTTL  ; 0 s                 ; 0 s                 ; 3.46 V                       ; 5.04e-07 V                   ; 3.64 V              ; -0.0201 V           ; 0.391 V                              ; 0.088 V                              ; 2.79e-10 s                  ; 3.95e-10 s                  ; No                         ; Yes                        ; 3.46 V                      ; 5.04e-07 V                  ; 3.64 V             ; -0.0201 V          ; 0.391 V                             ; 0.088 V                             ; 2.79e-10 s                 ; 3.95e-10 s                 ; No                        ; Yes                       ;
; HEX5[1]      ; 3.3-V LVTTL  ; 0 s                 ; 0 s                 ; 3.46 V                       ; 5.04e-07 V                   ; 3.65 V              ; -0.0209 V           ; 0.391 V                              ; 0.09 V                               ; 2.79e-10 s                  ; 3.95e-10 s                  ; No                         ; Yes                        ; 3.46 V                      ; 5.04e-07 V                  ; 3.65 V             ; -0.0209 V          ; 0.391 V                             ; 0.09 V                              ; 2.79e-10 s                 ; 3.95e-10 s                 ; No                        ; Yes                       ;
; HEX5[2]      ; 3.3-V LVTTL  ; 0 s                 ; 0 s                 ; 3.46 V                       ; 5.04e-07 V                   ; 3.65 V              ; -0.0209 V           ; 0.391 V                              ; 0.09 V                               ; 2.79e-10 s                  ; 3.95e-10 s                  ; No                         ; Yes                        ; 3.46 V                      ; 5.04e-07 V                  ; 3.65 V             ; -0.0209 V          ; 0.391 V                             ; 0.09 V                              ; 2.79e-10 s                 ; 3.95e-10 s                 ; No                        ; Yes                       ;
; HEX5[3]      ; 3.3-V LVTTL  ; 0 s                 ; 0 s                 ; 3.46 V                       ; 5.04e-07 V                   ; 3.64 V              ; -0.0201 V           ; 0.391 V                              ; 0.088 V                              ; 2.79e-10 s                  ; 3.95e-10 s                  ; No                         ; Yes                        ; 3.46 V                      ; 5.04e-07 V                  ; 3.64 V             ; -0.0201 V          ; 0.391 V                             ; 0.088 V                             ; 2.79e-10 s                 ; 3.95e-10 s                 ; No                        ; Yes                       ;
; HEX5[4]      ; 3.3-V LVTTL  ; 0 s                 ; 0 s                 ; 3.46 V                       ; 5.04e-07 V                   ; 3.64 V              ; -0.0201 V           ; 0.391 V                              ; 0.088 V                              ; 2.79e-10 s                  ; 3.95e-10 s                  ; No                         ; Yes                        ; 3.46 V                      ; 5.04e-07 V                  ; 3.64 V             ; -0.0201 V          ; 0.391 V                             ; 0.088 V                             ; 2.79e-10 s                 ; 3.95e-10 s                 ; No                        ; Yes                       ;
; HEX5[5]      ; 3.3-V LVTTL  ; 0 s                 ; 0 s                 ; 3.46 V                       ; 5.04e-07 V                   ; 3.65 V              ; -0.0209 V           ; 0.391 V                              ; 0.09 V                               ; 2.79e-10 s                  ; 3.95e-10 s                  ; No                         ; Yes                        ; 3.46 V                      ; 5.04e-07 V                  ; 3.65 V             ; -0.0209 V          ; 0.391 V                             ; 0.09 V                              ; 2.79e-10 s                 ; 3.95e-10 s                 ; No                        ; Yes                       ;
; HEX5[6]      ; 3.3-V LVTTL  ; 0 s                 ; 0 s                 ; 3.46 V                       ; 5.04e-07 V                   ; 3.65 V              ; -0.0209 V           ; 0.391 V                              ; 0.09 V                               ; 2.79e-10 s                  ; 3.95e-10 s                  ; No                         ; Yes                        ; 3.46 V                      ; 5.04e-07 V                  ; 3.65 V             ; -0.0209 V          ; 0.391 V                             ; 0.09 V                              ; 2.79e-10 s                 ; 3.95e-10 s                 ; No                        ; Yes                       ;
; ~ALTERA_TDO~ ; 2.5 V        ; 0 s                 ; 0 s                 ; 2.62 V                       ; 1.68e-07 V                   ; 2.73 V              ; -0.0395 V           ; 0.361 V                              ; 0.109 V                              ; 3.1e-10 s                   ; 4.41e-10 s                  ; No                         ; Yes                        ; 2.62 V                      ; 1.68e-07 V                  ; 2.73 V             ; -0.0395 V          ; 0.361 V                             ; 0.109 V                             ; 3.1e-10 s                  ; 4.41e-10 s                 ; No                        ; Yes                       ;
+--------------+--------------+---------------------+---------------------+------------------------------+------------------------------+---------------------+---------------------+--------------------------------------+--------------------------------------+-----------------------------+-----------------------------+----------------------------+----------------------------+-----------------------------+-----------------------------+--------------------+--------------------+-------------------------------------+-------------------------------------+----------------------------+----------------------------+---------------------------+---------------------------+


+-------------------------------------------------------------------------------------------------------------------------------------------------------------------------+
; Setup Transfers                                                                                                                                                         ;
+------------------------------------------------------+------------------------------------------------------+--------------+--------------+--------------+--------------+
; From Clock                                           ; To Clock                                             ; RR Paths     ; FR Paths     ; RF Paths     ; FF Paths     ;
+------------------------------------------------------+------------------------------------------------------+--------------+--------------+--------------+--------------+
; extended_proc:testproc|alu_op[0]                     ; extended_proc:testproc|alu_op[0]                     ; 50838        ; 50838        ; 0            ; 0            ;
; extended_proc:testproc|bus_control[1]                ; extended_proc:testproc|alu_op[0]                     ; 72196        ; 0            ; 0            ; 0            ;
; extended_proc:testproc|tick_FSM:tick_counter|tick[0] ; extended_proc:testproc|alu_op[0]                     ; 0            ; 101631       ; 0            ; 0            ;
; extended_proc:testproc|tick_FSM:tick_counter|tick[1] ; extended_proc:testproc|alu_op[0]                     ; 101631       ; 0            ; 0            ; 0            ;
; KEY[0]                                               ; extended_proc:testproc|alu_op[0]                     ; 0            ; 72166        ; 0            ; 0            ;
; extended_proc:testproc|bus_control[1]                ; extended_proc:testproc|bus_control[1]                ; 47           ; 47           ; 0            ; 0            ;
; extended_proc:testproc|tick_FSM:tick_counter|tick[0] ; extended_proc:testproc|bus_control[1]                ; 147          ; 147          ; 0            ; 0            ;
; extended_proc:testproc|tick_FSM:tick_counter|tick[1] ; extended_proc:testproc|bus_control[1]                ; 147          ; 147          ; 0            ; 0            ;
; KEY[0]                                               ; extended_proc:testproc|bus_control[1]                ; 0            ; 144          ; 0            ; 0            ;
; extended_proc:testproc|register_n:reg_H|Q[0]         ; extended_proc:testproc|register_n:reg_H|Q[0]         ; > 2147483647 ; > 2147483647 ; > 2147483647 ; > 2147483647 ;
; extended_proc:testproc|register_n:reg_H|Q[15]        ; extended_proc:testproc|register_n:reg_H|Q[0]         ; > 2147483647 ; > 2147483647 ; > 2147483647 ; > 2147483647 ;
; KEY[0]                                               ; extended_proc:testproc|register_n:reg_H|Q[0]         ; 0            ; > 2147483647 ; 0            ; > 2147483647 ;
; extended_proc:testproc|register_n:reg_H|Q[0]         ; extended_proc:testproc|register_n:reg_H|Q[15]        ; > 2147483647 ; > 2147483647 ; > 2147483647 ; > 2147483647 ;
; extended_proc:testproc|register_n:reg_H|Q[15]        ; extended_proc:testproc|register_n:reg_H|Q[15]        ; > 2147483647 ; > 2147483647 ; > 2147483647 ; > 2147483647 ;
; KEY[0]                                               ; extended_proc:testproc|register_n:reg_H|Q[15]        ; 0            ; > 2147483647 ; 0            ; > 2147483647 ;
; extended_proc:testproc|tick_FSM:tick_counter|tick[0] ; extended_proc:testproc|tick_FSM:tick_counter|tick[0] ; 11           ; 212          ; 12           ; 231          ;
; extended_proc:testproc|tick_FSM:tick_counter|tick[1] ; extended_proc:testproc|tick_FSM:tick_counter|tick[0] ; 229          ; 28           ; 248          ; 29           ;
; KEY[0]                                               ; extended_proc:testproc|tick_FSM:tick_counter|tick[0] ; 0            ; 47           ; 0            ; 57           ;
; extended_proc:testproc|tick_FSM:tick_counter|tick[0] ; extended_proc:testproc|tick_FSM:tick_counter|tick[1] ; 17           ; 248          ; 12           ; 237          ;
; extended_proc:testproc|tick_FSM:tick_counter|tick[1] ; extended_proc:testproc|tick_FSM:tick_counter|tick[1] ; 266          ; 35           ; 256          ; 31           ;
; KEY[0]                                               ; extended_proc:testproc|tick_FSM:tick_counter|tick[1] ; 0            ; 64           ; 0            ; 48           ;
; extended_proc:testproc|alu_op[0]                     ; KEY[0]                                               ; 0            ; 0            ; 16           ; 0            ;
; extended_proc:testproc|bus_control[1]                ; KEY[0]                                               ; 0            ; 0            ; 192          ; 0            ;
; extended_proc:testproc|tick_FSM:tick_counter|tick[0] ; KEY[0]                                               ; 0            ; 0            ; 184          ; 161          ;
; extended_proc:testproc|tick_FSM:tick_counter|tick[1] ; KEY[0]                                               ; 0            ; 0            ; 210          ; 169          ;
; KEY[0]                                               ; KEY[0]                                               ; 0            ; 0            ; 0            ; 19           ;
+------------------------------------------------------+------------------------------------------------------+--------------+--------------+--------------+--------------+
Entries labeled "false path" only account for clock-to-clock false paths and not path-based false paths. As a result, actual path counts may be lower than reported.


+-------------------------------------------------------------------------------------------------------------------------------------------------------------------------+
; Hold Transfers                                                                                                                                                          ;
+------------------------------------------------------+------------------------------------------------------+--------------+--------------+--------------+--------------+
; From Clock                                           ; To Clock                                             ; RR Paths     ; FR Paths     ; RF Paths     ; FF Paths     ;
+------------------------------------------------------+------------------------------------------------------+--------------+--------------+--------------+--------------+
; extended_proc:testproc|alu_op[0]                     ; extended_proc:testproc|alu_op[0]                     ; 50838        ; 50838        ; 0            ; 0            ;
; extended_proc:testproc|bus_control[1]                ; extended_proc:testproc|alu_op[0]                     ; 72196        ; 0            ; 0            ; 0            ;
; extended_proc:testproc|tick_FSM:tick_counter|tick[0] ; extended_proc:testproc|alu_op[0]                     ; 0            ; 101631       ; 0            ; 0            ;
; extended_proc:testproc|tick_FSM:tick_counter|tick[1] ; extended_proc:testproc|alu_op[0]                     ; 101631       ; 0            ; 0            ; 0            ;
; KEY[0]                                               ; extended_proc:testproc|alu_op[0]                     ; 0            ; 72166        ; 0            ; 0            ;
; extended_proc:testproc|bus_control[1]                ; extended_proc:testproc|bus_control[1]                ; 47           ; 47           ; 0            ; 0            ;
; extended_proc:testproc|tick_FSM:tick_counter|tick[0] ; extended_proc:testproc|bus_control[1]                ; 147          ; 147          ; 0            ; 0            ;
; extended_proc:testproc|tick_FSM:tick_counter|tick[1] ; extended_proc:testproc|bus_control[1]                ; 147          ; 147          ; 0            ; 0            ;
; KEY[0]                                               ; extended_proc:testproc|bus_control[1]                ; 0            ; 144          ; 0            ; 0            ;
; extended_proc:testproc|register_n:reg_H|Q[0]         ; extended_proc:testproc|register_n:reg_H|Q[0]         ; > 2147483647 ; > 2147483647 ; > 2147483647 ; > 2147483647 ;
; extended_proc:testproc|register_n:reg_H|Q[15]        ; extended_proc:testproc|register_n:reg_H|Q[0]         ; > 2147483647 ; > 2147483647 ; > 2147483647 ; > 2147483647 ;
; KEY[0]                                               ; extended_proc:testproc|register_n:reg_H|Q[0]         ; 0            ; > 2147483647 ; 0            ; > 2147483647 ;
; extended_proc:testproc|register_n:reg_H|Q[0]         ; extended_proc:testproc|register_n:reg_H|Q[15]        ; > 2147483647 ; > 2147483647 ; > 2147483647 ; > 2147483647 ;
; extended_proc:testproc|register_n:reg_H|Q[15]        ; extended_proc:testproc|register_n:reg_H|Q[15]        ; > 2147483647 ; > 2147483647 ; > 2147483647 ; > 2147483647 ;
; KEY[0]                                               ; extended_proc:testproc|register_n:reg_H|Q[15]        ; 0            ; > 2147483647 ; 0            ; > 2147483647 ;
; extended_proc:testproc|tick_FSM:tick_counter|tick[0] ; extended_proc:testproc|tick_FSM:tick_counter|tick[0] ; 11           ; 212          ; 12           ; 231          ;
; extended_proc:testproc|tick_FSM:tick_counter|tick[1] ; extended_proc:testproc|tick_FSM:tick_counter|tick[0] ; 229          ; 28           ; 248          ; 29           ;
; KEY[0]                                               ; extended_proc:testproc|tick_FSM:tick_counter|tick[0] ; 0            ; 47           ; 0            ; 57           ;
; extended_proc:testproc|tick_FSM:tick_counter|tick[0] ; extended_proc:testproc|tick_FSM:tick_counter|tick[1] ; 17           ; 248          ; 12           ; 237          ;
; extended_proc:testproc|tick_FSM:tick_counter|tick[1] ; extended_proc:testproc|tick_FSM:tick_counter|tick[1] ; 266          ; 35           ; 256          ; 31           ;
; KEY[0]                                               ; extended_proc:testproc|tick_FSM:tick_counter|tick[1] ; 0            ; 64           ; 0            ; 48           ;
; extended_proc:testproc|alu_op[0]                     ; KEY[0]                                               ; 0            ; 0            ; 16           ; 0            ;
; extended_proc:testproc|bus_control[1]                ; KEY[0]                                               ; 0            ; 0            ; 192          ; 0            ;
; extended_proc:testproc|tick_FSM:tick_counter|tick[0] ; KEY[0]                                               ; 0            ; 0            ; 184          ; 161          ;
; extended_proc:testproc|tick_FSM:tick_counter|tick[1] ; KEY[0]                                               ; 0            ; 0            ; 210          ; 169          ;
; KEY[0]                                               ; KEY[0]                                               ; 0            ; 0            ; 0            ; 19           ;
+------------------------------------------------------+------------------------------------------------------+--------------+--------------+--------------+--------------+
Entries labeled "false path" only account for clock-to-clock false paths and not path-based false paths. As a result, actual path counts may be lower than reported.


---------------
; Report TCCS ;
---------------
No dedicated SERDES Transmitter circuitry present in device or used in design


---------------
; Report RSKM ;
---------------
No non-DPA dedicated SERDES Receiver circuitry present in device or used in design


+------------------------------------------------+
; Unconstrained Paths Summary                    ;
+---------------------------------+-------+------+
; Property                        ; Setup ; Hold ;
+---------------------------------+-------+------+
; Illegal Clocks                  ; 0     ; 0    ;
; Unconstrained Clocks            ; 0     ; 0    ;
; Unconstrained Input Ports       ; 10    ; 10   ;
; Unconstrained Input Port Paths  ; 246   ; 246  ;
; Unconstrained Output Ports      ; 51    ; 51   ;
; Unconstrained Output Port Paths ; 364   ; 364  ;
+---------------------------------+-------+------+


+----------------------------------------------------------------------------------------------------------------------------------+
; Clock Status Summary                                                                                                             ;
+------------------------------------------------------+------------------------------------------------------+------+-------------+
; Target                                               ; Clock                                                ; Type ; Status      ;
+------------------------------------------------------+------------------------------------------------------+------+-------------+
; KEY[0]                                               ; KEY[0]                                               ; Base ; Constrained ;
; extended_proc:testproc|alu_op[0]                     ; extended_proc:testproc|alu_op[0]                     ; Base ; Constrained ;
; extended_proc:testproc|bus_control[1]                ; extended_proc:testproc|bus_control[1]                ; Base ; Constrained ;
; extended_proc:testproc|register_n:reg_H|Q[0]         ; extended_proc:testproc|register_n:reg_H|Q[0]         ; Base ; Constrained ;
; extended_proc:testproc|register_n:reg_H|Q[15]        ; extended_proc:testproc|register_n:reg_H|Q[15]        ; Base ; Constrained ;
; extended_proc:testproc|tick_FSM:tick_counter|tick[0] ; extended_proc:testproc|tick_FSM:tick_counter|tick[0] ; Base ; Constrained ;
; extended_proc:testproc|tick_FSM:tick_counter|tick[1] ; extended_proc:testproc|tick_FSM:tick_counter|tick[1] ; Base ; Constrained ;
+------------------------------------------------------+------------------------------------------------------+------+-------------+


+---------------------------------------------------------------------------------------------------+
; Unconstrained Input Ports                                                                         ;
+------------+--------------------------------------------------------------------------------------+
; Input Port ; Comment                                                                              ;
+------------+--------------------------------------------------------------------------------------+
; SW[0]      ; No input delay, min/max delays, false-path exceptions, or max skew assignments found ;
; SW[1]      ; No input delay, min/max delays, false-path exceptions, or max skew assignments found ;
; SW[2]      ; No input delay, min/max delays, false-path exceptions, or max skew assignments found ;
; SW[3]      ; No input delay, min/max delays, false-path exceptions, or max skew assignments found ;
; SW[4]      ; No input delay, min/max delays, false-path exceptions, or max skew assignments found ;
; SW[5]      ; No input delay, min/max delays, false-path exceptions, or max skew assignments found ;
; SW[6]      ; No input delay, min/max delays, false-path exceptions, or max skew assignments found ;
; SW[7]      ; No input delay, min/max delays, false-path exceptions, or max skew assignments found ;
; SW[8]      ; No input delay, min/max delays, false-path exceptions, or max skew assignments found ;
; SW[9]      ; No input delay, min/max delays, false-path exceptions, or max skew assignments found ;
+------------+--------------------------------------------------------------------------------------+


+-----------------------------------------------------------------------------------------------------+
; Unconstrained Output Ports                                                                          ;
+-------------+---------------------------------------------------------------------------------------+
; Output Port ; Comment                                                                               ;
+-------------+---------------------------------------------------------------------------------------+
; HEX0[0]     ; No output delay, min/max delays, false-path exceptions, or max skew assignments found ;
; HEX0[1]     ; No output delay, min/max delays, false-path exceptions, or max skew assignments found ;
; HEX0[2]     ; No output delay, min/max delays, false-path exceptions, or max skew assignments found ;
; HEX0[3]     ; No output delay, min/max delays, false-path exceptions, or max skew assignments found ;
; HEX0[4]     ; No output delay, min/max delays, false-path exceptions, or max skew assignments found ;
; HEX0[5]     ; No output delay, min/max delays, false-path exceptions, or max skew assignments found ;
; HEX0[6]     ; No output delay, min/max delays, false-path exceptions, or max skew assignments found ;
; HEX1[0]     ; No output delay, min/max delays, false-path exceptions, or max skew assignments found ;
; HEX1[1]     ; No output delay, min/max delays, false-path exceptions, or max skew assignments found ;
; HEX1[2]     ; No output delay, min/max delays, false-path exceptions, or max skew assignments found ;
; HEX1[3]     ; No output delay, min/max delays, false-path exceptions, or max skew assignments found ;
; HEX1[4]     ; No output delay, min/max delays, false-path exceptions, or max skew assignments found ;
; HEX1[5]     ; No output delay, min/max delays, false-path exceptions, or max skew assignments found ;
; HEX1[6]     ; No output delay, min/max delays, false-path exceptions, or max skew assignments found ;
; HEX2[0]     ; No output delay, min/max delays, false-path exceptions, or max skew assignments found ;
; HEX2[1]     ; No output delay, min/max delays, false-path exceptions, or max skew assignments found ;
; HEX2[2]     ; No output delay, min/max delays, false-path exceptions, or max skew assignments found ;
; HEX2[3]     ; No output delay, min/max delays, false-path exceptions, or max skew assignments found ;
; HEX2[4]     ; No output delay, min/max delays, false-path exceptions, or max skew assignments found ;
; HEX2[5]     ; No output delay, min/max delays, false-path exceptions, or max skew assignments found ;
; HEX2[6]     ; No output delay, min/max delays, false-path exceptions, or max skew assignments found ;
; HEX3[0]     ; No output delay, min/max delays, false-path exceptions, or max skew assignments found ;
; HEX3[1]     ; No output delay, min/max delays, false-path exceptions, or max skew assignments found ;
; HEX3[2]     ; No output delay, min/max delays, false-path exceptions, or max skew assignments found ;
; HEX3[3]     ; No output delay, min/max delays, false-path exceptions, or max skew assignments found ;
; HEX3[4]     ; No output delay, min/max delays, false-path exceptions, or max skew assignments found ;
; HEX3[5]     ; No output delay, min/max delays, false-path exceptions, or max skew assignments found ;
; HEX3[6]     ; No output delay, min/max delays, false-path exceptions, or max skew assignments found ;
; HEX4[0]     ; No output delay, min/max delays, false-path exceptions, or max skew assignments found ;
; HEX4[1]     ; No output delay, min/max delays, false-path exceptions, or max skew assignments found ;
; HEX4[2]     ; No output delay, min/max delays, false-path exceptions, or max skew assignments found ;
; HEX4[3]     ; No output delay, min/max delays, false-path exceptions, or max skew assignments found ;
; HEX4[4]     ; No output delay, min/max delays, false-path exceptions, or max skew assignments found ;
; HEX4[5]     ; No output delay, min/max delays, false-path exceptions, or max skew assignments found ;
; HEX4[6]     ; No output delay, min/max delays, false-path exceptions, or max skew assignments found ;
; HEX5[0]     ; No output delay, min/max delays, false-path exceptions, or max skew assignments found ;
; HEX5[1]     ; No output delay, min/max delays, false-path exceptions, or max skew assignments found ;
; HEX5[2]     ; No output delay, min/max delays, false-path exceptions, or max skew assignments found ;
; HEX5[3]     ; No output delay, min/max delays, false-path exceptions, or max skew assignments found ;
; HEX5[4]     ; No output delay, min/max delays, false-path exceptions, or max skew assignments found ;
; HEX5[5]     ; No output delay, min/max delays, false-path exceptions, or max skew assignments found ;
; HEX5[6]     ; No output delay, min/max delays, false-path exceptions, or max skew assignments found ;
; LEDR[0]     ; No output delay, min/max delays, false-path exceptions, or max skew assignments found ;
; LEDR[1]     ; No output delay, min/max delays, false-path exceptions, or max skew assignments found ;
; LEDR[2]     ; No output delay, min/max delays, false-path exceptions, or max skew assignments found ;
; LEDR[3]     ; No output delay, min/max delays, false-path exceptions, or max skew assignments found ;
; LEDR[4]     ; No output delay, min/max delays, false-path exceptions, or max skew assignments found ;
; LEDR[5]     ; No output delay, min/max delays, false-path exceptions, or max skew assignments found ;
; LEDR[6]     ; No output delay, min/max delays, false-path exceptions, or max skew assignments found ;
; LEDR[7]     ; No output delay, min/max delays, false-path exceptions, or max skew assignments found ;
; LEDR[8]     ; No output delay, min/max delays, false-path exceptions, or max skew assignments found ;
+-------------+---------------------------------------------------------------------------------------+


+---------------------------------------------------------------------------------------------------+
; Unconstrained Input Ports                                                                         ;
+------------+--------------------------------------------------------------------------------------+
; Input Port ; Comment                                                                              ;
+------------+--------------------------------------------------------------------------------------+
; SW[0]      ; No input delay, min/max delays, false-path exceptions, or max skew assignments found ;
; SW[1]      ; No input delay, min/max delays, false-path exceptions, or max skew assignments found ;
; SW[2]      ; No input delay, min/max delays, false-path exceptions, or max skew assignments found ;
; SW[3]      ; No input delay, min/max delays, false-path exceptions, or max skew assignments found ;
; SW[4]      ; No input delay, min/max delays, false-path exceptions, or max skew assignments found ;
; SW[5]      ; No input delay, min/max delays, false-path exceptions, or max skew assignments found ;
; SW[6]      ; No input delay, min/max delays, false-path exceptions, or max skew assignments found ;
; SW[7]      ; No input delay, min/max delays, false-path exceptions, or max skew assignments found ;
; SW[8]      ; No input delay, min/max delays, false-path exceptions, or max skew assignments found ;
; SW[9]      ; No input delay, min/max delays, false-path exceptions, or max skew assignments found ;
+------------+--------------------------------------------------------------------------------------+


+-----------------------------------------------------------------------------------------------------+
; Unconstrained Output Ports                                                                          ;
+-------------+---------------------------------------------------------------------------------------+
; Output Port ; Comment                                                                               ;
+-------------+---------------------------------------------------------------------------------------+
; HEX0[0]     ; No output delay, min/max delays, false-path exceptions, or max skew assignments found ;
; HEX0[1]     ; No output delay, min/max delays, false-path exceptions, or max skew assignments found ;
; HEX0[2]     ; No output delay, min/max delays, false-path exceptions, or max skew assignments found ;
; HEX0[3]     ; No output delay, min/max delays, false-path exceptions, or max skew assignments found ;
; HEX0[4]     ; No output delay, min/max delays, false-path exceptions, or max skew assignments found ;
; HEX0[5]     ; No output delay, min/max delays, false-path exceptions, or max skew assignments found ;
; HEX0[6]     ; No output delay, min/max delays, false-path exceptions, or max skew assignments found ;
; HEX1[0]     ; No output delay, min/max delays, false-path exceptions, or max skew assignments found ;
; HEX1[1]     ; No output delay, min/max delays, false-path exceptions, or max skew assignments found ;
; HEX1[2]     ; No output delay, min/max delays, false-path exceptions, or max skew assignments found ;
; HEX1[3]     ; No output delay, min/max delays, false-path exceptions, or max skew assignments found ;
; HEX1[4]     ; No output delay, min/max delays, false-path exceptions, or max skew assignments found ;
; HEX1[5]     ; No output delay, min/max delays, false-path exceptions, or max skew assignments found ;
; HEX1[6]     ; No output delay, min/max delays, false-path exceptions, or max skew assignments found ;
; HEX2[0]     ; No output delay, min/max delays, false-path exceptions, or max skew assignments found ;
; HEX2[1]     ; No output delay, min/max delays, false-path exceptions, or max skew assignments found ;
; HEX2[2]     ; No output delay, min/max delays, false-path exceptions, or max skew assignments found ;
; HEX2[3]     ; No output delay, min/max delays, false-path exceptions, or max skew assignments found ;
; HEX2[4]     ; No output delay, min/max delays, false-path exceptions, or max skew assignments found ;
; HEX2[5]     ; No output delay, min/max delays, false-path exceptions, or max skew assignments found ;
; HEX2[6]     ; No output delay, min/max delays, false-path exceptions, or max skew assignments found ;
; HEX3[0]     ; No output delay, min/max delays, false-path exceptions, or max skew assignments found ;
; HEX3[1]     ; No output delay, min/max delays, false-path exceptions, or max skew assignments found ;
; HEX3[2]     ; No output delay, min/max delays, false-path exceptions, or max skew assignments found ;
; HEX3[3]     ; No output delay, min/max delays, false-path exceptions, or max skew assignments found ;
; HEX3[4]     ; No output delay, min/max delays, false-path exceptions, or max skew assignments found ;
; HEX3[5]     ; No output delay, min/max delays, false-path exceptions, or max skew assignments found ;
; HEX3[6]     ; No output delay, min/max delays, false-path exceptions, or max skew assignments found ;
; HEX4[0]     ; No output delay, min/max delays, false-path exceptions, or max skew assignments found ;
; HEX4[1]     ; No output delay, min/max delays, false-path exceptions, or max skew assignments found ;
; HEX4[2]     ; No output delay, min/max delays, false-path exceptions, or max skew assignments found ;
; HEX4[3]     ; No output delay, min/max delays, false-path exceptions, or max skew assignments found ;
; HEX4[4]     ; No output delay, min/max delays, false-path exceptions, or max skew assignments found ;
; HEX4[5]     ; No output delay, min/max delays, false-path exceptions, or max skew assignments found ;
; HEX4[6]     ; No output delay, min/max delays, false-path exceptions, or max skew assignments found ;
; HEX5[0]     ; No output delay, min/max delays, false-path exceptions, or max skew assignments found ;
; HEX5[1]     ; No output delay, min/max delays, false-path exceptions, or max skew assignments found ;
; HEX5[2]     ; No output delay, min/max delays, false-path exceptions, or max skew assignments found ;
; HEX5[3]     ; No output delay, min/max delays, false-path exceptions, or max skew assignments found ;
; HEX5[4]     ; No output delay, min/max delays, false-path exceptions, or max skew assignments found ;
; HEX5[5]     ; No output delay, min/max delays, false-path exceptions, or max skew assignments found ;
; HEX5[6]     ; No output delay, min/max delays, false-path exceptions, or max skew assignments found ;
; LEDR[0]     ; No output delay, min/max delays, false-path exceptions, or max skew assignments found ;
; LEDR[1]     ; No output delay, min/max delays, false-path exceptions, or max skew assignments found ;
; LEDR[2]     ; No output delay, min/max delays, false-path exceptions, or max skew assignments found ;
; LEDR[3]     ; No output delay, min/max delays, false-path exceptions, or max skew assignments found ;
; LEDR[4]     ; No output delay, min/max delays, false-path exceptions, or max skew assignments found ;
; LEDR[5]     ; No output delay, min/max delays, false-path exceptions, or max skew assignments found ;
; LEDR[6]     ; No output delay, min/max delays, false-path exceptions, or max skew assignments found ;
; LEDR[7]     ; No output delay, min/max delays, false-path exceptions, or max skew assignments found ;
; LEDR[8]     ; No output delay, min/max delays, false-path exceptions, or max skew assignments found ;
+-------------+---------------------------------------------------------------------------------------+


+--------------------------+
; Timing Analyzer Messages ;
+--------------------------+
Info: *******************************************************************
Info: Running Quartus Prime Timing Analyzer
    Info: Version 18.1.0 Build 625 09/12/2018 SJ Lite Edition
    Info: Processing started: Tue Oct 17 23:52:21 2023
Info: Command: quartus_sta Assignment -c Assignment
Info: qsta_default_script.tcl version: #1
Warning (18236): Number of processors has not been specified which may cause overloading on shared machines.  Set the global assignment NUM_PARALLEL_PROCESSORS in your QSF to an appropriate value for best performance.
Info (20030): Parallel compilation is enabled and will use 4 of the 4 processors detected
Info (21077): Low junction temperature is 0 degrees C
Info (21077): High junction temperature is 85 degrees C
Warning (335093): The Timing Analyzer is analyzing 78 combinational loops as latches. For more details, run the Check Timing command in the Timing Analyzer or view the "User-Specified and Inferred Latches" table in the Analysis & Synthesis report.
Critical Warning (332012): Synopsys Design Constraints File file not found: 'Assignment.sdc'. A Synopsys Design Constraints File is required by the Timing Analyzer to get proper timing constraints. Without it, the Compiler will not properly optimize the design.
Info (332142): No user constrained base clocks found in the design. Calling "derive_clocks -period 1.0"
Info (332105): Deriving Clocks
    Info (332105): create_clock -period 1.000 -name KEY[0] KEY[0]
    Info (332105): create_clock -period 1.000 -name extended_proc:testproc|bus_control[1] extended_proc:testproc|bus_control[1]
    Info (332105): create_clock -period 1.000 -name extended_proc:testproc|tick_FSM:tick_counter|tick[0] extended_proc:testproc|tick_FSM:tick_counter|tick[0]
    Info (332105): create_clock -period 1.000 -name extended_proc:testproc|alu_op[0] extended_proc:testproc|alu_op[0]
    Info (332105): create_clock -period 1.000 -name extended_proc:testproc|register_n:reg_H|Q[0] extended_proc:testproc|register_n:reg_H|Q[0]
    Info (332105): create_clock -period 1.000 -name extended_proc:testproc|register_n:reg_H|Q[15] extended_proc:testproc|register_n:reg_H|Q[15]
    Info (332105): create_clock -period 1.000 -name extended_proc:testproc|tick_FSM:tick_counter|tick[1] extended_proc:testproc|tick_FSM:tick_counter|tick[1]
Info (332097): The following timing edges are non-unate.  The Timing Analyzer will assume pos-unate behavior for these edges in the clock network.
    Info (332098): Cell: Add0~10  from: cin  to: combout
    Info (332098): Cell: Add0~12  from: cin  to: combout
    Info (332098): Cell: Add0~14  from: cin  to: combout
    Info (332098): Cell: Add0~16  from: cin  to: combout
    Info (332098): Cell: Add0~18  from: cin  to: combout
    Info (332098): Cell: Add0~20  from: cin  to: combout
    Info (332098): Cell: Add0~22  from: cin  to: combout
    Info (332098): Cell: Add0~24  from: cin  to: combout
    Info (332098): Cell: Add0~26  from: cin  to: combout
    Info (332098): Cell: Add0~28  from: cin  to: combout
    Info (332098): Cell: Add0~2  from: cin  to: combout
    Info (332098): Cell: Add0~30  from: cin  to: combout
    Info (332098): Cell: Add0~30  from: dataa  to: combout
    Info (332098): Cell: Add0~33  from: datac  to: combout
    Info (332098): Cell: Add0~34  from: datac  to: combout
    Info (332098): Cell: Add0~35  from: datac  to: combout
    Info (332098): Cell: Add0~36  from: datab  to: combout
    Info (332098): Cell: Add0~37  from: datab  to: combout
    Info (332098): Cell: Add0~38  from: datab  to: combout
    Info (332098): Cell: Add0~39  from: datad  to: combout
    Info (332098): Cell: Add0~40  from: datac  to: combout
    Info (332098): Cell: Add0~41  from: datac  to: combout
    Info (332098): Cell: Add0~42  from: datad  to: combout
    Info (332098): Cell: Add0~43  from: dataa  to: combout
    Info (332098): Cell: Add0~44  from: datad  to: combout
    Info (332098): Cell: Add0~45  from: datad  to: combout
    Info (332098): Cell: Add0~46  from: datab  to: combout
    Info (332098): Cell: Add0~4  from: cin  to: combout
    Info (332098): Cell: Add0~6  from: cin  to: combout
    Info (332098): Cell: Add0~8  from: cin  to: combout
    Info (332098): Cell: divide0|LPM_DIVIDE_component|auto_generated|divider|divider|StageOut[213]~11  from: datad  to: combout
    Info (332098): Cell: divide0|LPM_DIVIDE_component|auto_generated|divider|divider|StageOut[214]~10  from: datad  to: combout
    Info (332098): Cell: divide0|LPM_DIVIDE_component|auto_generated|divider|divider|StageOut[215]~9  from: datac  to: combout
    Info (332098): Cell: divide0|LPM_DIVIDE_component|auto_generated|divider|divider|StageOut[216]~8  from: datac  to: combout
    Info (332098): Cell: divide0|LPM_DIVIDE_component|auto_generated|divider|divider|StageOut[217]~7  from: datac  to: combout
    Info (332098): Cell: divide0|LPM_DIVIDE_component|auto_generated|divider|divider|StageOut[218]~6  from: datab  to: combout
    Info (332098): Cell: divide0|LPM_DIVIDE_component|auto_generated|divider|divider|StageOut[219]~5  from: datac  to: combout
    Info (332098): Cell: divide0|LPM_DIVIDE_component|auto_generated|divider|divider|StageOut[220]~4  from: datac  to: combout
    Info (332098): Cell: divide0|LPM_DIVIDE_component|auto_generated|divider|divider|StageOut[221]~33  from: datac  to: combout
    Info (332098): Cell: divide0|LPM_DIVIDE_component|auto_generated|divider|divider|StageOut[229]~21  from: datab  to: combout
    Info (332098): Cell: divide0|LPM_DIVIDE_component|auto_generated|divider|divider|StageOut[229]~21  from: datac  to: combout
    Info (332098): Cell: divide0|LPM_DIVIDE_component|auto_generated|divider|divider|StageOut[229]~21  from: datad  to: combout
    Info (332098): Cell: divide0|LPM_DIVIDE_component|auto_generated|divider|divider|StageOut[230]~20  from: datad  to: combout
    Info (332098): Cell: divide0|LPM_DIVIDE_component|auto_generated|divider|divider|StageOut[231]~19  from: datac  to: combout
    Info (332098): Cell: divide0|LPM_DIVIDE_component|auto_generated|divider|divider|StageOut[232]~18  from: datad  to: combout
    Info (332098): Cell: divide0|LPM_DIVIDE_component|auto_generated|divider|divider|StageOut[233]~17  from: datad  to: combout
    Info (332098): Cell: divide0|LPM_DIVIDE_component|auto_generated|divider|divider|StageOut[234]~16  from: datad  to: combout
    Info (332098): Cell: divide0|LPM_DIVIDE_component|auto_generated|divider|divider|StageOut[235]~15  from: datad  to: combout
    Info (332098): Cell: divide0|LPM_DIVIDE_component|auto_generated|divider|divider|StageOut[236]~14  from: datac  to: combout
    Info (332098): Cell: divide0|LPM_DIVIDE_component|auto_generated|divider|divider|StageOut[237]~13  from: datac  to: combout
    Info (332098): Cell: divide0|LPM_DIVIDE_component|auto_generated|divider|divider|StageOut[238]~12  from: datad  to: combout
    Info (332098): Cell: divide0|LPM_DIVIDE_component|auto_generated|divider|divider|StageOut[244]~34  from: dataa  to: combout
    Info (332098): Cell: divide0|LPM_DIVIDE_component|auto_generated|divider|divider|StageOut[244]~34  from: datac  to: combout
    Info (332098): Cell: divide0|LPM_DIVIDE_component|auto_generated|divider|divider|StageOut[244]~34  from: datad  to: combout
    Info (332098): Cell: divide0|LPM_DIVIDE_component|auto_generated|divider|divider|StageOut[245]~32  from: datab  to: combout
    Info (332098): Cell: divide0|LPM_DIVIDE_component|auto_generated|divider|divider|StageOut[245]~32  from: datac  to: combout
    Info (332098): Cell: divide0|LPM_DIVIDE_component|auto_generated|divider|divider|StageOut[245]~32  from: datad  to: combout
    Info (332098): Cell: divide0|LPM_DIVIDE_component|auto_generated|divider|divider|StageOut[246]~31  from: datad  to: combout
    Info (332098): Cell: divide0|LPM_DIVIDE_component|auto_generated|divider|divider|StageOut[247]~30  from: datad  to: combout
    Info (332098): Cell: divide0|LPM_DIVIDE_component|auto_generated|divider|divider|StageOut[248]~29  from: datad  to: combout
    Info (332098): Cell: divide0|LPM_DIVIDE_component|auto_generated|divider|divider|StageOut[249]~28  from: datac  to: combout
    Info (332098): Cell: divide0|LPM_DIVIDE_component|auto_generated|divider|divider|StageOut[250]~27  from: datad  to: combout
    Info (332098): Cell: divide0|LPM_DIVIDE_component|auto_generated|divider|divider|StageOut[251]~26  from: datad  to: combout
    Info (332098): Cell: divide0|LPM_DIVIDE_component|auto_generated|divider|divider|StageOut[252]~25  from: datad  to: combout
    Info (332098): Cell: divide0|LPM_DIVIDE_component|auto_generated|divider|divider|StageOut[253]~24  from: datad  to: combout
    Info (332098): Cell: divide0|LPM_DIVIDE_component|auto_generated|divider|divider|StageOut[254]~23  from: datad  to: combout
    Info (332098): Cell: divide0|LPM_DIVIDE_component|auto_generated|divider|divider|StageOut[255]~22  from: datac  to: combout
    Info (332098): Cell: divide0|LPM_DIVIDE_component|auto_generated|divider|divider|op_4~10  from: cin  to: combout
    Info (332098): Cell: divide0|LPM_DIVIDE_component|auto_generated|divider|divider|op_4~10  from: dataa  to: combout
    Info (332098): Cell: divide0|LPM_DIVIDE_component|auto_generated|divider|divider|op_4~12  from: cin  to: combout
    Info (332098): Cell: divide0|LPM_DIVIDE_component|auto_generated|divider|divider|op_4~12  from: dataa  to: combout
    Info (332098): Cell: divide0|LPM_DIVIDE_component|auto_generated|divider|divider|op_4~14  from: cin  to: combout
    Info (332098): Cell: divide0|LPM_DIVIDE_component|auto_generated|divider|divider|op_4~14  from: dataa  to: combout
    Info (332098): Cell: divide0|LPM_DIVIDE_component|auto_generated|divider|divider|op_4~16  from: cin  to: combout
    Info (332098): Cell: divide0|LPM_DIVIDE_component|auto_generated|divider|divider|op_4~16  from: datab  to: combout
    Info (332098): Cell: divide0|LPM_DIVIDE_component|auto_generated|divider|divider|op_4~18  from: cin  to: combout
    Info (332098): Cell: divide0|LPM_DIVIDE_component|auto_generated|divider|divider|op_4~18  from: datab  to: combout
    Info (332098): Cell: divide0|LPM_DIVIDE_component|auto_generated|divider|divider|op_4~2  from: cin  to: combout
    Info (332098): Cell: divide0|LPM_DIVIDE_component|auto_generated|divider|divider|op_4~2  from: dataa  to: combout
    Info (332098): Cell: divide0|LPM_DIVIDE_component|auto_generated|divider|divider|op_4~4  from: cin  to: combout
    Info (332098): Cell: divide0|LPM_DIVIDE_component|auto_generated|divider|divider|op_4~4  from: dataa  to: combout
    Info (332098): Cell: divide0|LPM_DIVIDE_component|auto_generated|divider|divider|op_4~6  from: cin  to: combout
    Info (332098): Cell: divide0|LPM_DIVIDE_component|auto_generated|divider|divider|op_4~6  from: dataa  to: combout
    Info (332098): Cell: divide0|LPM_DIVIDE_component|auto_generated|divider|divider|op_4~8  from: cin  to: combout
    Info (332098): Cell: divide0|LPM_DIVIDE_component|auto_generated|divider|divider|op_4~8  from: dataa  to: combout
    Info (332098): Cell: divide0|LPM_DIVIDE_component|auto_generated|divider|divider|op_5~10  from: cin  to: combout
    Info (332098): Cell: divide0|LPM_DIVIDE_component|auto_generated|divider|divider|op_5~10  from: dataa  to: combout
    Info (332098): Cell: divide0|LPM_DIVIDE_component|auto_generated|divider|divider|op_5~12  from: cin  to: combout
    Info (332098): Cell: divide0|LPM_DIVIDE_component|auto_generated|divider|divider|op_5~12  from: datab  to: combout
    Info (332098): Cell: divide0|LPM_DIVIDE_component|auto_generated|divider|divider|op_5~14  from: cin  to: combout
    Info (332098): Cell: divide0|LPM_DIVIDE_component|auto_generated|divider|divider|op_5~14  from: dataa  to: combout
    Info (332098): Cell: divide0|LPM_DIVIDE_component|auto_generated|divider|divider|op_5~16  from: cin  to: combout
    Info (332098): Cell: divide0|LPM_DIVIDE_component|auto_generated|divider|divider|op_5~16  from: dataa  to: combout
    Info (332098): Cell: divide0|LPM_DIVIDE_component|auto_generated|divider|divider|op_5~18  from: cin  to: combout
    Info (332098): Cell: divide0|LPM_DIVIDE_component|auto_generated|divider|divider|op_5~18  from: datab  to: combout
    Info (332098): Cell: divide0|LPM_DIVIDE_component|auto_generated|divider|divider|op_5~20  from: cin  to: combout
    Info (332098): Cell: divide0|LPM_DIVIDE_component|auto_generated|divider|divider|op_5~20  from: datab  to: combout
    Info (332098): Cell: divide0|LPM_DIVIDE_component|auto_generated|divider|divider|op_5~2  from: cin  to: combout
    Info (332098): Cell: divide0|LPM_DIVIDE_component|auto_generated|divider|divider|op_5~2  from: dataa  to: cout
    Info (332098): Cell: divide0|LPM_DIVIDE_component|auto_generated|divider|divider|op_5~2  from: datab  to: cout
    Info (332098): Cell: divide0|LPM_DIVIDE_component|auto_generated|divider|divider|op_5~4  from: cin  to: combout
    Info (332098): Cell: divide0|LPM_DIVIDE_component|auto_generated|divider|divider|op_5~4  from: datab  to: combout
    Info (332098): Cell: divide0|LPM_DIVIDE_component|auto_generated|divider|divider|op_5~6  from: cin  to: combout
    Info (332098): Cell: divide0|LPM_DIVIDE_component|auto_generated|divider|divider|op_5~6  from: dataa  to: combout
    Info (332098): Cell: divide0|LPM_DIVIDE_component|auto_generated|divider|divider|op_5~8  from: cin  to: combout
    Info (332098): Cell: divide0|LPM_DIVIDE_component|auto_generated|divider|divider|op_5~8  from: dataa  to: combout
    Info (332098): Cell: divide0|LPM_DIVIDE_component|auto_generated|divider|divider|op_6~10  from: cin  to: combout
    Info (332098): Cell: divide0|LPM_DIVIDE_component|auto_generated|divider|divider|op_6~10  from: datab  to: combout
    Info (332098): Cell: divide0|LPM_DIVIDE_component|auto_generated|divider|divider|op_6~12  from: cin  to: combout
    Info (332098): Cell: divide0|LPM_DIVIDE_component|auto_generated|divider|divider|op_6~12  from: datab  to: combout
    Info (332098): Cell: divide0|LPM_DIVIDE_component|auto_generated|divider|divider|op_6~14  from: cin  to: combout
    Info (332098): Cell: divide0|LPM_DIVIDE_component|auto_generated|divider|divider|op_6~14  from: dataa  to: combout
    Info (332098): Cell: divide0|LPM_DIVIDE_component|auto_generated|divider|divider|op_6~16  from: cin  to: combout
    Info (332098): Cell: divide0|LPM_DIVIDE_component|auto_generated|divider|divider|op_6~16  from: dataa  to: combout
    Info (332098): Cell: divide0|LPM_DIVIDE_component|auto_generated|divider|divider|op_6~18  from: cin  to: combout
    Info (332098): Cell: divide0|LPM_DIVIDE_component|auto_generated|divider|divider|op_6~18  from: datab  to: combout
    Info (332098): Cell: divide0|LPM_DIVIDE_component|auto_generated|divider|divider|op_6~20  from: cin  to: combout
    Info (332098): Cell: divide0|LPM_DIVIDE_component|auto_generated|divider|divider|op_6~20  from: datab  to: combout
    Info (332098): Cell: divide0|LPM_DIVIDE_component|auto_generated|divider|divider|op_6~22  from: cin  to: combout
    Info (332098): Cell: divide0|LPM_DIVIDE_component|auto_generated|divider|divider|op_6~22  from: dataa  to: combout
    Info (332098): Cell: divide0|LPM_DIVIDE_component|auto_generated|divider|divider|op_6~2  from: cin  to: combout
    Info (332098): Cell: divide0|LPM_DIVIDE_component|auto_generated|divider|divider|op_6~2  from: dataa  to: cout
    Info (332098): Cell: divide0|LPM_DIVIDE_component|auto_generated|divider|divider|op_6~2  from: datab  to: cout
    Info (332098): Cell: divide0|LPM_DIVIDE_component|auto_generated|divider|divider|op_6~4  from: cin  to: combout
    Info (332098): Cell: divide0|LPM_DIVIDE_component|auto_generated|divider|divider|op_6~4  from: datab  to: combout
    Info (332098): Cell: divide0|LPM_DIVIDE_component|auto_generated|divider|divider|op_6~6  from: cin  to: combout
    Info (332098): Cell: divide0|LPM_DIVIDE_component|auto_generated|divider|divider|op_6~6  from: dataa  to: combout
    Info (332098): Cell: divide0|LPM_DIVIDE_component|auto_generated|divider|divider|op_6~8  from: cin  to: combout
    Info (332098): Cell: divide0|LPM_DIVIDE_component|auto_generated|divider|divider|op_6~8  from: dataa  to: combout
    Info (332098): Cell: divide1|LPM_DIVIDE_component|auto_generated|divider|divider|StageOut[148]~7  from: datac  to: combout
    Info (332098): Cell: divide1|LPM_DIVIDE_component|auto_generated|divider|divider|StageOut[149]~6  from: datac  to: combout
    Info (332098): Cell: divide1|LPM_DIVIDE_component|auto_generated|divider|divider|StageOut[150]~5  from: datac  to: combout
    Info (332098): Cell: divide1|LPM_DIVIDE_component|auto_generated|divider|divider|StageOut[151]~4  from: datac  to: combout
    Info (332098): Cell: divide1|LPM_DIVIDE_component|auto_generated|divider|divider|StageOut[152]~3  from: dataa  to: combout
    Info (332098): Cell: divide1|LPM_DIVIDE_component|auto_generated|divider|divider|StageOut[153]~2  from: datac  to: combout
    Info (332098): Cell: divide1|LPM_DIVIDE_component|auto_generated|divider|divider|StageOut[164]~14  from: dataa  to: combout
    Info (332098): Cell: divide1|LPM_DIVIDE_component|auto_generated|divider|divider|StageOut[164]~14  from: datab  to: combout
    Info (332098): Cell: divide1|LPM_DIVIDE_component|auto_generated|divider|divider|StageOut[164]~14  from: datad  to: combout
    Info (332098): Cell: divide1|LPM_DIVIDE_component|auto_generated|divider|divider|StageOut[165]~13  from: datad  to: combout
    Info (332098): Cell: divide1|LPM_DIVIDE_component|auto_generated|divider|divider|StageOut[166]~12  from: datad  to: combout
    Info (332098): Cell: divide1|LPM_DIVIDE_component|auto_generated|divider|divider|StageOut[167]~11  from: datad  to: combout
    Info (332098): Cell: divide1|LPM_DIVIDE_component|auto_generated|divider|divider|StageOut[168]~10  from: datad  to: combout
    Info (332098): Cell: divide1|LPM_DIVIDE_component|auto_generated|divider|divider|StageOut[169]~9  from: datad  to: combout
    Info (332098): Cell: divide1|LPM_DIVIDE_component|auto_generated|divider|divider|StageOut[170]~8  from: datad  to: combout
    Info (332098): Cell: divide1|LPM_DIVIDE_component|auto_generated|divider|divider|StageOut[180]~22  from: dataa  to: combout
    Info (332098): Cell: divide1|LPM_DIVIDE_component|auto_generated|divider|divider|StageOut[180]~22  from: datab  to: combout
    Info (332098): Cell: divide1|LPM_DIVIDE_component|auto_generated|divider|divider|StageOut[180]~22  from: datad  to: combout
    Info (332098): Cell: divide1|LPM_DIVIDE_component|auto_generated|divider|divider|StageOut[181]~21  from: datad  to: combout
    Info (332098): Cell: divide1|LPM_DIVIDE_component|auto_generated|divider|divider|StageOut[182]~20  from: datad  to: combout
    Info (332098): Cell: divide1|LPM_DIVIDE_component|auto_generated|divider|divider|StageOut[183]~19  from: dataa  to: combout
    Info (332098): Cell: divide1|LPM_DIVIDE_component|auto_generated|divider|divider|StageOut[184]~18  from: datad  to: combout
    Info (332098): Cell: divide1|LPM_DIVIDE_component|auto_generated|divider|divider|StageOut[185]~17  from: dataa  to: combout
    Info (332098): Cell: divide1|LPM_DIVIDE_component|auto_generated|divider|divider|StageOut[186]~16  from: dataa  to: combout
    Info (332098): Cell: divide1|LPM_DIVIDE_component|auto_generated|divider|divider|StageOut[187]~15  from: datad  to: combout
    Info (332098): Cell: divide1|LPM_DIVIDE_component|auto_generated|divider|divider|StageOut[196]~31  from: dataa  to: combout
    Info (332098): Cell: divide1|LPM_DIVIDE_component|auto_generated|divider|divider|StageOut[196]~31  from: datac  to: combout
    Info (332098): Cell: divide1|LPM_DIVIDE_component|auto_generated|divider|divider|StageOut[196]~31  from: datad  to: combout
    Info (332098): Cell: divide1|LPM_DIVIDE_component|auto_generated|divider|divider|StageOut[197]~30  from: datad  to: combout
    Info (332098): Cell: divide1|LPM_DIVIDE_component|auto_generated|divider|divider|StageOut[198]~29  from: datac  to: combout
    Info (332098): Cell: divide1|LPM_DIVIDE_component|auto_generated|divider|divider|StageOut[199]~28  from: dataa  to: combout
    Info (332098): Cell: divide1|LPM_DIVIDE_component|auto_generated|divider|divider|StageOut[200]~27  from: datad  to: combout
    Info (332098): Cell: divide1|LPM_DIVIDE_component|auto_generated|divider|divider|StageOut[201]~26  from: datac  to: combout
    Info (332098): Cell: divide1|LPM_DIVIDE_component|auto_generated|divider|divider|StageOut[202]~25  from: datab  to: combout
    Info (332098): Cell: divide1|LPM_DIVIDE_component|auto_generated|divider|divider|StageOut[203]~24  from: datab  to: combout
    Info (332098): Cell: divide1|LPM_DIVIDE_component|auto_generated|divider|divider|StageOut[204]~23  from: datac  to: combout
    Info (332098): Cell: divide1|LPM_DIVIDE_component|auto_generated|divider|divider|StageOut[212]~41  from: dataa  to: combout
    Info (332098): Cell: divide1|LPM_DIVIDE_component|auto_generated|divider|divider|StageOut[212]~41  from: datab  to: combout
    Info (332098): Cell: divide1|LPM_DIVIDE_component|auto_generated|divider|divider|StageOut[212]~41  from: datac  to: combout
    Info (332098): Cell: divide1|LPM_DIVIDE_component|auto_generated|divider|divider|StageOut[213]~40  from: datac  to: combout
    Info (332098): Cell: divide1|LPM_DIVIDE_component|auto_generated|divider|divider|StageOut[214]~39  from: datad  to: combout
    Info (332098): Cell: divide1|LPM_DIVIDE_component|auto_generated|divider|divider|StageOut[215]~38  from: datac  to: combout
    Info (332098): Cell: divide1|LPM_DIVIDE_component|auto_generated|divider|divider|StageOut[216]~37  from: datac  to: combout
    Info (332098): Cell: divide1|LPM_DIVIDE_component|auto_generated|divider|divider|StageOut[217]~36  from: datad  to: combout
    Info (332098): Cell: divide1|LPM_DIVIDE_component|auto_generated|divider|divider|StageOut[218]~35  from: datad  to: combout
    Info (332098): Cell: divide1|LPM_DIVIDE_component|auto_generated|divider|divider|StageOut[219]~34  from: dataa  to: combout
    Info (332098): Cell: divide1|LPM_DIVIDE_component|auto_generated|divider|divider|StageOut[220]~33  from: datab  to: combout
    Info (332098): Cell: divide1|LPM_DIVIDE_component|auto_generated|divider|divider|StageOut[221]~32  from: datad  to: combout
    Info (332098): Cell: divide1|LPM_DIVIDE_component|auto_generated|divider|divider|StageOut[228]~52  from: dataa  to: combout
    Info (332098): Cell: divide1|LPM_DIVIDE_component|auto_generated|divider|divider|StageOut[228]~52  from: datac  to: combout
    Info (332098): Cell: divide1|LPM_DIVIDE_component|auto_generated|divider|divider|StageOut[228]~52  from: datad  to: combout
    Info (332098): Cell: divide1|LPM_DIVIDE_component|auto_generated|divider|divider|StageOut[229]~51  from: datac  to: combout
    Info (332098): Cell: divide1|LPM_DIVIDE_component|auto_generated|divider|divider|StageOut[230]~50  from: datad  to: combout
    Info (332098): Cell: divide1|LPM_DIVIDE_component|auto_generated|divider|divider|StageOut[231]~49  from: datad  to: combout
    Info (332098): Cell: divide1|LPM_DIVIDE_component|auto_generated|divider|divider|StageOut[232]~48  from: datac  to: combout
    Info (332098): Cell: divide1|LPM_DIVIDE_component|auto_generated|divider|divider|StageOut[233]~47  from: datac  to: combout
    Info (332098): Cell: divide1|LPM_DIVIDE_component|auto_generated|divider|divider|StageOut[234]~46  from: datad  to: combout
    Info (332098): Cell: divide1|LPM_DIVIDE_component|auto_generated|divider|divider|StageOut[235]~45  from: datad  to: combout
    Info (332098): Cell: divide1|LPM_DIVIDE_component|auto_generated|divider|divider|StageOut[236]~44  from: datad  to: combout
    Info (332098): Cell: divide1|LPM_DIVIDE_component|auto_generated|divider|divider|StageOut[237]~43  from: datac  to: combout
    Info (332098): Cell: divide1|LPM_DIVIDE_component|auto_generated|divider|divider|StageOut[238]~42  from: datad  to: combout
    Info (332098): Cell: divide1|LPM_DIVIDE_component|auto_generated|divider|divider|StageOut[243]~65  from: dataa  to: combout
    Info (332098): Cell: divide1|LPM_DIVIDE_component|auto_generated|divider|divider|StageOut[243]~65  from: datac  to: combout
    Info (332098): Cell: divide1|LPM_DIVIDE_component|auto_generated|divider|divider|StageOut[243]~65  from: datad  to: combout
    Info (332098): Cell: divide1|LPM_DIVIDE_component|auto_generated|divider|divider|StageOut[244]~64  from: dataa  to: combout
    Info (332098): Cell: divide1|LPM_DIVIDE_component|auto_generated|divider|divider|StageOut[244]~64  from: datab  to: combout
    Info (332098): Cell: divide1|LPM_DIVIDE_component|auto_generated|divider|divider|StageOut[244]~64  from: datac  to: combout
    Info (332098): Cell: divide1|LPM_DIVIDE_component|auto_generated|divider|divider|StageOut[245]~63  from: datad  to: combout
    Info (332098): Cell: divide1|LPM_DIVIDE_component|auto_generated|divider|divider|StageOut[246]~62  from: datad  to: combout
    Info (332098): Cell: divide1|LPM_DIVIDE_component|auto_generated|divider|divider|StageOut[247]~61  from: dataa  to: combout
    Info (332098): Cell: divide1|LPM_DIVIDE_component|auto_generated|divider|divider|StageOut[248]~60  from: dataa  to: combout
    Info (332098): Cell: divide1|LPM_DIVIDE_component|auto_generated|divider|divider|StageOut[249]~59  from: datac  to: combout
    Info (332098): Cell: divide1|LPM_DIVIDE_component|auto_generated|divider|divider|StageOut[250]~58  from: datac  to: combout
    Info (332098): Cell: divide1|LPM_DIVIDE_component|auto_generated|divider|divider|StageOut[251]~57  from: datac  to: combout
    Info (332098): Cell: divide1|LPM_DIVIDE_component|auto_generated|divider|divider|StageOut[252]~56  from: datad  to: combout
    Info (332098): Cell: divide1|LPM_DIVIDE_component|auto_generated|divider|divider|StageOut[253]~55  from: datad  to: combout
    Info (332098): Cell: divide1|LPM_DIVIDE_component|auto_generated|divider|divider|StageOut[254]~54  from: datad  to: combout
    Info (332098): Cell: divide1|LPM_DIVIDE_component|auto_generated|divider|divider|StageOut[255]~53  from: datac  to: combout
    Info (332098): Cell: divide1|LPM_DIVIDE_component|auto_generated|divider|divider|op_14~10  from: cin  to: combout
    Info (332098): Cell: divide1|LPM_DIVIDE_component|auto_generated|divider|divider|op_14~10  from: datab  to: combout
    Info (332098): Cell: divide1|LPM_DIVIDE_component|auto_generated|divider|divider|op_14~12  from: cin  to: combout
    Info (332098): Cell: divide1|LPM_DIVIDE_component|auto_generated|divider|divider|op_14~12  from: dataa  to: combout
    Info (332098): Cell: divide1|LPM_DIVIDE_component|auto_generated|divider|divider|op_14~2  from: cin  to: combout
    Info (332098): Cell: divide1|LPM_DIVIDE_component|auto_generated|divider|divider|op_14~2  from: datab  to: combout
    Info (332098): Cell: divide1|LPM_DIVIDE_component|auto_generated|divider|divider|op_14~4  from: cin  to: combout
    Info (332098): Cell: divide1|LPM_DIVIDE_component|auto_generated|divider|divider|op_14~4  from: dataa  to: combout
    Info (332098): Cell: divide1|LPM_DIVIDE_component|auto_generated|divider|divider|op_14~6  from: cin  to: combout
    Info (332098): Cell: divide1|LPM_DIVIDE_component|auto_generated|divider|divider|op_14~6  from: datab  to: combout
    Info (332098): Cell: divide1|LPM_DIVIDE_component|auto_generated|divider|divider|op_14~8  from: cin  to: combout
    Info (332098): Cell: divide1|LPM_DIVIDE_component|auto_generated|divider|divider|op_14~8  from: datab  to: combout
    Info (332098): Cell: divide1|LPM_DIVIDE_component|auto_generated|divider|divider|op_1~10  from: cin  to: combout
    Info (332098): Cell: divide1|LPM_DIVIDE_component|auto_generated|divider|divider|op_1~10  from: dataa  to: combout
    Info (332098): Cell: divide1|LPM_DIVIDE_component|auto_generated|divider|divider|op_1~12  from: cin  to: combout
    Info (332098): Cell: divide1|LPM_DIVIDE_component|auto_generated|divider|divider|op_1~12  from: dataa  to: combout
    Info (332098): Cell: divide1|LPM_DIVIDE_component|auto_generated|divider|divider|op_1~14  from: cin  to: combout
    Info (332098): Cell: divide1|LPM_DIVIDE_component|auto_generated|divider|divider|op_1~14  from: datab  to: combout
    Info (332098): Cell: divide1|LPM_DIVIDE_component|auto_generated|divider|divider|op_1~2  from: cin  to: combout
    Info (332098): Cell: divide1|LPM_DIVIDE_component|auto_generated|divider|divider|op_1~2  from: dataa  to: cout
    Info (332098): Cell: divide1|LPM_DIVIDE_component|auto_generated|divider|divider|op_1~2  from: datab  to: cout
    Info (332098): Cell: divide1|LPM_DIVIDE_component|auto_generated|divider|divider|op_1~4  from: cin  to: combout
    Info (332098): Cell: divide1|LPM_DIVIDE_component|auto_generated|divider|divider|op_1~4  from: dataa  to: combout
    Info (332098): Cell: divide1|LPM_DIVIDE_component|auto_generated|divider|divider|op_1~6  from: cin  to: combout
    Info (332098): Cell: divide1|LPM_DIVIDE_component|auto_generated|divider|divider|op_1~6  from: datab  to: combout
    Info (332098): Cell: divide1|LPM_DIVIDE_component|auto_generated|divider|divider|op_1~8  from: cin  to: combout
    Info (332098): Cell: divide1|LPM_DIVIDE_component|auto_generated|divider|divider|op_1~8  from: dataa  to: combout
    Info (332098): Cell: divide1|LPM_DIVIDE_component|auto_generated|divider|divider|op_2~10  from: cin  to: combout
    Info (332098): Cell: divide1|LPM_DIVIDE_component|auto_generated|divider|divider|op_2~10  from: dataa  to: combout
    Info (332098): Cell: divide1|LPM_DIVIDE_component|auto_generated|divider|divider|op_2~12  from: cin  to: combout
    Info (332098): Cell: divide1|LPM_DIVIDE_component|auto_generated|divider|divider|op_2~12  from: dataa  to: combout
    Info (332098): Cell: divide1|LPM_DIVIDE_component|auto_generated|divider|divider|op_2~14  from: cin  to: combout
    Info (332098): Cell: divide1|LPM_DIVIDE_component|auto_generated|divider|divider|op_2~14  from: datab  to: combout
    Info (332098): Cell: divide1|LPM_DIVIDE_component|auto_generated|divider|divider|op_2~16  from: cin  to: combout
    Info (332098): Cell: divide1|LPM_DIVIDE_component|auto_generated|divider|divider|op_2~16  from: dataa  to: combout
    Info (332098): Cell: divide1|LPM_DIVIDE_component|auto_generated|divider|divider|op_2~2  from: cin  to: combout
    Info (332098): Cell: divide1|LPM_DIVIDE_component|auto_generated|divider|divider|op_2~2  from: dataa  to: cout
    Info (332098): Cell: divide1|LPM_DIVIDE_component|auto_generated|divider|divider|op_2~2  from: datab  to: cout
    Info (332098): Cell: divide1|LPM_DIVIDE_component|auto_generated|divider|divider|op_2~4  from: cin  to: combout
    Info (332098): Cell: divide1|LPM_DIVIDE_component|auto_generated|divider|divider|op_2~4  from: dataa  to: combout
    Info (332098): Cell: divide1|LPM_DIVIDE_component|auto_generated|divider|divider|op_2~6  from: cin  to: combout
    Info (332098): Cell: divide1|LPM_DIVIDE_component|auto_generated|divider|divider|op_2~6  from: dataa  to: combout
    Info (332098): Cell: divide1|LPM_DIVIDE_component|auto_generated|divider|divider|op_2~8  from: cin  to: combout
    Info (332098): Cell: divide1|LPM_DIVIDE_component|auto_generated|divider|divider|op_2~8  from: datab  to: combout
    Info (332098): Cell: divide1|LPM_DIVIDE_component|auto_generated|divider|divider|op_3~10  from: cin  to: combout
    Info (332098): Cell: divide1|LPM_DIVIDE_component|auto_generated|divider|divider|op_3~10  from: datab  to: combout
    Info (332098): Cell: divide1|LPM_DIVIDE_component|auto_generated|divider|divider|op_3~12  from: cin  to: combout
    Info (332098): Cell: divide1|LPM_DIVIDE_component|auto_generated|divider|divider|op_3~12  from: datab  to: combout
    Info (332098): Cell: divide1|LPM_DIVIDE_component|auto_generated|divider|divider|op_3~14  from: cin  to: combout
    Info (332098): Cell: divide1|LPM_DIVIDE_component|auto_generated|divider|divider|op_3~14  from: dataa  to: combout
    Info (332098): Cell: divide1|LPM_DIVIDE_component|auto_generated|divider|divider|op_3~16  from: cin  to: combout
    Info (332098): Cell: divide1|LPM_DIVIDE_component|auto_generated|divider|divider|op_3~16  from: datab  to: combout
    Info (332098): Cell: divide1|LPM_DIVIDE_component|auto_generated|divider|divider|op_3~18  from: cin  to: combout
    Info (332098): Cell: divide1|LPM_DIVIDE_component|auto_generated|divider|divider|op_3~18  from: dataa  to: combout
    Info (332098): Cell: divide1|LPM_DIVIDE_component|auto_generated|divider|divider|op_3~2  from: cin  to: combout
    Info (332098): Cell: divide1|LPM_DIVIDE_component|auto_generated|divider|divider|op_3~2  from: dataa  to: cout
    Info (332098): Cell: divide1|LPM_DIVIDE_component|auto_generated|divider|divider|op_3~2  from: datab  to: cout
    Info (332098): Cell: divide1|LPM_DIVIDE_component|auto_generated|divider|divider|op_3~4  from: cin  to: combout
    Info (332098): Cell: divide1|LPM_DIVIDE_component|auto_generated|divider|divider|op_3~4  from: datab  to: combout
    Info (332098): Cell: divide1|LPM_DIVIDE_component|auto_generated|divider|divider|op_3~6  from: cin  to: combout
    Info (332098): Cell: divide1|LPM_DIVIDE_component|auto_generated|divider|divider|op_3~6  from: datab  to: combout
    Info (332098): Cell: divide1|LPM_DIVIDE_component|auto_generated|divider|divider|op_3~8  from: cin  to: combout
    Info (332098): Cell: divide1|LPM_DIVIDE_component|auto_generated|divider|divider|op_3~8  from: datab  to: combout
    Info (332098): Cell: divide1|LPM_DIVIDE_component|auto_generated|divider|divider|op_4~10  from: cin  to: combout
    Info (332098): Cell: divide1|LPM_DIVIDE_component|auto_generated|divider|divider|op_4~10  from: datab  to: combout
    Info (332098): Cell: divide1|LPM_DIVIDE_component|auto_generated|divider|divider|op_4~12  from: cin  to: combout
    Info (332098): Cell: divide1|LPM_DIVIDE_component|auto_generated|divider|divider|op_4~12  from: dataa  to: combout
    Info (332098): Cell: divide1|LPM_DIVIDE_component|auto_generated|divider|divider|op_4~14  from: cin  to: combout
    Info (332098): Cell: divide1|LPM_DIVIDE_component|auto_generated|divider|divider|op_4~14  from: dataa  to: combout
    Info (332098): Cell: divide1|LPM_DIVIDE_component|auto_generated|divider|divider|op_4~16  from: cin  to: combout
    Info (332098): Cell: divide1|LPM_DIVIDE_component|auto_generated|divider|divider|op_4~16  from: dataa  to: combout
    Info (332098): Cell: divide1|LPM_DIVIDE_component|auto_generated|divider|divider|op_4~18  from: cin  to: combout
    Info (332098): Cell: divide1|LPM_DIVIDE_component|auto_generated|divider|divider|op_4~18  from: dataa  to: combout
    Info (332098): Cell: divide1|LPM_DIVIDE_component|auto_generated|divider|divider|op_4~20  from: cin  to: combout
    Info (332098): Cell: divide1|LPM_DIVIDE_component|auto_generated|divider|divider|op_4~20  from: datab  to: combout
    Info (332098): Cell: divide1|LPM_DIVIDE_component|auto_generated|divider|divider|op_4~2  from: cin  to: combout
    Info (332098): Cell: divide1|LPM_DIVIDE_component|auto_generated|divider|divider|op_4~2  from: dataa  to: cout
    Info (332098): Cell: divide1|LPM_DIVIDE_component|auto_generated|divider|divider|op_4~2  from: datab  to: cout
    Info (332098): Cell: divide1|LPM_DIVIDE_component|auto_generated|divider|divider|op_4~4  from: cin  to: combout
    Info (332098): Cell: divide1|LPM_DIVIDE_component|auto_generated|divider|divider|op_4~4  from: datab  to: combout
    Info (332098): Cell: divide1|LPM_DIVIDE_component|auto_generated|divider|divider|op_4~6  from: cin  to: combout
    Info (332098): Cell: divide1|LPM_DIVIDE_component|auto_generated|divider|divider|op_4~6  from: dataa  to: combout
    Info (332098): Cell: divide1|LPM_DIVIDE_component|auto_generated|divider|divider|op_4~8  from: cin  to: combout
    Info (332098): Cell: divide1|LPM_DIVIDE_component|auto_generated|divider|divider|op_4~8  from: dataa  to: combout
    Info (332098): Cell: divide1|LPM_DIVIDE_component|auto_generated|divider|divider|op_5~10  from: cin  to: combout
    Info (332098): Cell: divide1|LPM_DIVIDE_component|auto_generated|divider|divider|op_5~10  from: dataa  to: combout
    Info (332098): Cell: divide1|LPM_DIVIDE_component|auto_generated|divider|divider|op_5~12  from: cin  to: combout
    Info (332098): Cell: divide1|LPM_DIVIDE_component|auto_generated|divider|divider|op_5~12  from: dataa  to: combout
    Info (332098): Cell: divide1|LPM_DIVIDE_component|auto_generated|divider|divider|op_5~14  from: cin  to: combout
    Info (332098): Cell: divide1|LPM_DIVIDE_component|auto_generated|divider|divider|op_5~14  from: dataa  to: combout
    Info (332098): Cell: divide1|LPM_DIVIDE_component|auto_generated|divider|divider|op_5~16  from: cin  to: combout
    Info (332098): Cell: divide1|LPM_DIVIDE_component|auto_generated|divider|divider|op_5~16  from: dataa  to: combout
    Info (332098): Cell: divide1|LPM_DIVIDE_component|auto_generated|divider|divider|op_5~18  from: cin  to: combout
    Info (332098): Cell: divide1|LPM_DIVIDE_component|auto_generated|divider|divider|op_5~18  from: datab  to: combout
    Info (332098): Cell: divide1|LPM_DIVIDE_component|auto_generated|divider|divider|op_5~1  from: dataa  to: cout
    Info (332098): Cell: divide1|LPM_DIVIDE_component|auto_generated|divider|divider|op_5~1  from: datab  to: cout
    Info (332098): Cell: divide1|LPM_DIVIDE_component|auto_generated|divider|divider|op_5~20  from: cin  to: combout
    Info (332098): Cell: divide1|LPM_DIVIDE_component|auto_generated|divider|divider|op_5~20  from: datab  to: combout
    Info (332098): Cell: divide1|LPM_DIVIDE_component|auto_generated|divider|divider|op_5~22  from: cin  to: combout
    Info (332098): Cell: divide1|LPM_DIVIDE_component|auto_generated|divider|divider|op_5~22  from: datab  to: combout
    Info (332098): Cell: divide1|LPM_DIVIDE_component|auto_generated|divider|divider|op_5~2  from: cin  to: combout
    Info (332098): Cell: divide1|LPM_DIVIDE_component|auto_generated|divider|divider|op_5~2  from: dataa  to: cout
    Info (332098): Cell: divide1|LPM_DIVIDE_component|auto_generated|divider|divider|op_5~2  from: datab  to: cout
    Info (332098): Cell: divide1|LPM_DIVIDE_component|auto_generated|divider|divider|op_5~4  from: cin  to: combout
    Info (332098): Cell: divide1|LPM_DIVIDE_component|auto_generated|divider|divider|op_5~4  from: datab  to: combout
    Info (332098): Cell: divide1|LPM_DIVIDE_component|auto_generated|divider|divider|op_5~6  from: cin  to: combout
    Info (332098): Cell: divide1|LPM_DIVIDE_component|auto_generated|divider|divider|op_5~6  from: datab  to: combout
    Info (332098): Cell: divide1|LPM_DIVIDE_component|auto_generated|divider|divider|op_5~8  from: cin  to: combout
    Info (332098): Cell: divide1|LPM_DIVIDE_component|auto_generated|divider|divider|op_5~8  from: datab  to: combout
    Info (332098): Cell: divide1|LPM_DIVIDE_component|auto_generated|divider|divider|op_6~10  from: cin  to: combout
    Info (332098): Cell: divide1|LPM_DIVIDE_component|auto_generated|divider|divider|op_6~10  from: datab  to: combout
    Info (332098): Cell: divide1|LPM_DIVIDE_component|auto_generated|divider|divider|op_6~12  from: cin  to: combout
    Info (332098): Cell: divide1|LPM_DIVIDE_component|auto_generated|divider|divider|op_6~12  from: datab  to: combout
    Info (332098): Cell: divide1|LPM_DIVIDE_component|auto_generated|divider|divider|op_6~14  from: cin  to: combout
    Info (332098): Cell: divide1|LPM_DIVIDE_component|auto_generated|divider|divider|op_6~14  from: datab  to: combout
    Info (332098): Cell: divide1|LPM_DIVIDE_component|auto_generated|divider|divider|op_6~16  from: cin  to: combout
    Info (332098): Cell: divide1|LPM_DIVIDE_component|auto_generated|divider|divider|op_6~16  from: datab  to: combout
    Info (332098): Cell: divide1|LPM_DIVIDE_component|auto_generated|divider|divider|op_6~18  from: cin  to: combout
    Info (332098): Cell: divide1|LPM_DIVIDE_component|auto_generated|divider|divider|op_6~18  from: datab  to: combout
    Info (332098): Cell: divide1|LPM_DIVIDE_component|auto_generated|divider|divider|op_6~20  from: cin  to: combout
    Info (332098): Cell: divide1|LPM_DIVIDE_component|auto_generated|divider|divider|op_6~20  from: dataa  to: combout
    Info (332098): Cell: divide1|LPM_DIVIDE_component|auto_generated|divider|divider|op_6~22  from: cin  to: combout
    Info (332098): Cell: divide1|LPM_DIVIDE_component|auto_generated|divider|divider|op_6~22  from: datab  to: combout
    Info (332098): Cell: divide1|LPM_DIVIDE_component|auto_generated|divider|divider|op_6~24  from: cin  to: combout
    Info (332098): Cell: divide1|LPM_DIVIDE_component|auto_generated|divider|divider|op_6~24  from: datab  to: combout
    Info (332098): Cell: divide1|LPM_DIVIDE_component|auto_generated|divider|divider|op_6~2  from: cin  to: combout
    Info (332098): Cell: divide1|LPM_DIVIDE_component|auto_generated|divider|divider|op_6~2  from: dataa  to: cout
    Info (332098): Cell: divide1|LPM_DIVIDE_component|auto_generated|divider|divider|op_6~2  from: datab  to: cout
    Info (332098): Cell: divide1|LPM_DIVIDE_component|auto_generated|divider|divider|op_6~4  from: cin  to: combout
    Info (332098): Cell: divide1|LPM_DIVIDE_component|auto_generated|divider|divider|op_6~4  from: datab  to: combout
    Info (332098): Cell: divide1|LPM_DIVIDE_component|auto_generated|divider|divider|op_6~6  from: cin  to: combout
    Info (332098): Cell: divide1|LPM_DIVIDE_component|auto_generated|divider|divider|op_6~6  from: dataa  to: combout
    Info (332098): Cell: divide1|LPM_DIVIDE_component|auto_generated|divider|divider|op_6~8  from: cin  to: combout
    Info (332098): Cell: divide1|LPM_DIVIDE_component|auto_generated|divider|divider|op_6~8  from: dataa  to: combout
    Info (332098): Cell: divide2|LPM_DIVIDE_component|auto_generated|divider|divider|StageOut[100]~4  from: datad  to: combout
    Info (332098): Cell: divide2|LPM_DIVIDE_component|auto_generated|divider|divider|StageOut[101]~3  from: datad  to: combout
    Info (332098): Cell: divide2|LPM_DIVIDE_component|auto_generated|divider|divider|StageOut[102]~2  from: datad  to: combout
    Info (332098): Cell: divide2|LPM_DIVIDE_component|auto_generated|divider|divider|StageOut[115]~10  from: dataa  to: combout
    Info (332098): Cell: divide2|LPM_DIVIDE_component|auto_generated|divider|divider|StageOut[115]~10  from: datab  to: combout
    Info (332098): Cell: divide2|LPM_DIVIDE_component|auto_generated|divider|divider|StageOut[115]~10  from: datad  to: combout
    Info (332098): Cell: divide2|LPM_DIVIDE_component|auto_generated|divider|divider|StageOut[116]~9  from: datad  to: combout
    Info (332098): Cell: divide2|LPM_DIVIDE_component|auto_generated|divider|divider|StageOut[117]~8  from: datad  to: combout
    Info (332098): Cell: divide2|LPM_DIVIDE_component|auto_generated|divider|divider|StageOut[118]~7  from: datad  to: combout
    Info (332098): Cell: divide2|LPM_DIVIDE_component|auto_generated|divider|divider|StageOut[119]~6  from: datad  to: combout
    Info (332098): Cell: divide2|LPM_DIVIDE_component|auto_generated|divider|divider|StageOut[131]~16  from: dataa  to: combout
    Info (332098): Cell: divide2|LPM_DIVIDE_component|auto_generated|divider|divider|StageOut[131]~16  from: datab  to: combout
    Info (332098): Cell: divide2|LPM_DIVIDE_component|auto_generated|divider|divider|StageOut[131]~16  from: datac  to: combout
    Info (332098): Cell: divide2|LPM_DIVIDE_component|auto_generated|divider|divider|StageOut[132]~15  from: datad  to: combout
    Info (332098): Cell: divide2|LPM_DIVIDE_component|auto_generated|divider|divider|StageOut[133]~14  from: datad  to: combout
    Info (332098): Cell: divide2|LPM_DIVIDE_component|auto_generated|divider|divider|StageOut[134]~13  from: datac  to: combout
    Info (332098): Cell: divide2|LPM_DIVIDE_component|auto_generated|divider|divider|StageOut[135]~12  from: datac  to: combout
    Info (332098): Cell: divide2|LPM_DIVIDE_component|auto_generated|divider|divider|StageOut[136]~11  from: datac  to: combout
    Info (332098): Cell: divide2|LPM_DIVIDE_component|auto_generated|divider|divider|StageOut[147]~23  from: dataa  to: combout
    Info (332098): Cell: divide2|LPM_DIVIDE_component|auto_generated|divider|divider|StageOut[147]~23  from: datab  to: combout
    Info (332098): Cell: divide2|LPM_DIVIDE_component|auto_generated|divider|divider|StageOut[147]~23  from: datac  to: combout
    Info (332098): Cell: divide2|LPM_DIVIDE_component|auto_generated|divider|divider|StageOut[148]~22  from: datad  to: combout
    Info (332098): Cell: divide2|LPM_DIVIDE_component|auto_generated|divider|divider|StageOut[149]~21  from: datac  to: combout
    Info (332098): Cell: divide2|LPM_DIVIDE_component|auto_generated|divider|divider|StageOut[150]~20  from: datad  to: combout
    Info (332098): Cell: divide2|LPM_DIVIDE_component|auto_generated|divider|divider|StageOut[151]~19  from: datad  to: combout
    Info (332098): Cell: divide2|LPM_DIVIDE_component|auto_generated|divider|divider|StageOut[152]~18  from: datad  to: combout
    Info (332098): Cell: divide2|LPM_DIVIDE_component|auto_generated|divider|divider|StageOut[153]~17  from: datad  to: combout
    Info (332098): Cell: divide2|LPM_DIVIDE_component|auto_generated|divider|divider|StageOut[163]~31  from: dataa  to: combout
    Info (332098): Cell: divide2|LPM_DIVIDE_component|auto_generated|divider|divider|StageOut[163]~31  from: datac  to: combout
    Info (332098): Cell: divide2|LPM_DIVIDE_component|auto_generated|divider|divider|StageOut[163]~31  from: datad  to: combout
    Info (332098): Cell: divide2|LPM_DIVIDE_component|auto_generated|divider|divider|StageOut[164]~30  from: datad  to: combout
    Info (332098): Cell: divide2|LPM_DIVIDE_component|auto_generated|divider|divider|StageOut[165]~29  from: datad  to: combout
    Info (332098): Cell: divide2|LPM_DIVIDE_component|auto_generated|divider|divider|StageOut[166]~28  from: datac  to: combout
    Info (332098): Cell: divide2|LPM_DIVIDE_component|auto_generated|divider|divider|StageOut[167]~27  from: datad  to: combout
    Info (332098): Cell: divide2|LPM_DIVIDE_component|auto_generated|divider|divider|StageOut[168]~26  from: datad  to: combout
    Info (332098): Cell: divide2|LPM_DIVIDE_component|auto_generated|divider|divider|StageOut[169]~25  from: datad  to: combout
    Info (332098): Cell: divide2|LPM_DIVIDE_component|auto_generated|divider|divider|StageOut[170]~24  from: datad  to: combout
    Info (332098): Cell: divide2|LPM_DIVIDE_component|auto_generated|divider|divider|StageOut[179]~40  from: dataa  to: combout
    Info (332098): Cell: divide2|LPM_DIVIDE_component|auto_generated|divider|divider|StageOut[179]~40  from: datab  to: combout
    Info (332098): Cell: divide2|LPM_DIVIDE_component|auto_generated|divider|divider|StageOut[179]~40  from: datac  to: combout
    Info (332098): Cell: divide2|LPM_DIVIDE_component|auto_generated|divider|divider|StageOut[180]~39  from: datad  to: combout
    Info (332098): Cell: divide2|LPM_DIVIDE_component|auto_generated|divider|divider|StageOut[181]~38  from: datad  to: combout
    Info (332098): Cell: divide2|LPM_DIVIDE_component|auto_generated|divider|divider|StageOut[182]~37  from: datad  to: combout
    Info (332098): Cell: divide2|LPM_DIVIDE_component|auto_generated|divider|divider|StageOut[183]~36  from: datac  to: combout
    Info (332098): Cell: divide2|LPM_DIVIDE_component|auto_generated|divider|divider|StageOut[184]~35  from: datad  to: combout
    Info (332098): Cell: divide2|LPM_DIVIDE_component|auto_generated|divider|divider|StageOut[185]~34  from: datad  to: combout
    Info (332098): Cell: divide2|LPM_DIVIDE_component|auto_generated|divider|divider|StageOut[186]~33  from: datab  to: combout
    Info (332098): Cell: divide2|LPM_DIVIDE_component|auto_generated|divider|divider|StageOut[187]~32  from: datad  to: combout
    Info (332098): Cell: divide2|LPM_DIVIDE_component|auto_generated|divider|divider|StageOut[195]~50  from: datab  to: combout
    Info (332098): Cell: divide2|LPM_DIVIDE_component|auto_generated|divider|divider|StageOut[195]~50  from: datac  to: combout
    Info (332098): Cell: divide2|LPM_DIVIDE_component|auto_generated|divider|divider|StageOut[195]~50  from: datad  to: combout
    Info (332098): Cell: divide2|LPM_DIVIDE_component|auto_generated|divider|divider|StageOut[196]~49  from: datad  to: combout
    Info (332098): Cell: divide2|LPM_DIVIDE_component|auto_generated|divider|divider|StageOut[197]~48  from: datac  to: combout
    Info (332098): Cell: divide2|LPM_DIVIDE_component|auto_generated|divider|divider|StageOut[198]~47  from: datad  to: combout
    Info (332098): Cell: divide2|LPM_DIVIDE_component|auto_generated|divider|divider|StageOut[199]~46  from: datad  to: combout
    Info (332098): Cell: divide2|LPM_DIVIDE_component|auto_generated|divider|divider|StageOut[200]~45  from: datad  to: combout
    Info (332098): Cell: divide2|LPM_DIVIDE_component|auto_generated|divider|divider|StageOut[201]~44  from: datac  to: combout
    Info (332098): Cell: divide2|LPM_DIVIDE_component|auto_generated|divider|divider|StageOut[202]~43  from: datac  to: combout
    Info (332098): Cell: divide2|LPM_DIVIDE_component|auto_generated|divider|divider|StageOut[203]~42  from: datac  to: combout
    Info (332098): Cell: divide2|LPM_DIVIDE_component|auto_generated|divider|divider|StageOut[204]~41  from: datac  to: combout
    Info (332098): Cell: divide2|LPM_DIVIDE_component|auto_generated|divider|divider|StageOut[211]~61  from: dataa  to: combout
    Info (332098): Cell: divide2|LPM_DIVIDE_component|auto_generated|divider|divider|StageOut[211]~61  from: datab  to: combout
    Info (332098): Cell: divide2|LPM_DIVIDE_component|auto_generated|divider|divider|StageOut[211]~61  from: datac  to: combout
    Info (332098): Cell: divide2|LPM_DIVIDE_component|auto_generated|divider|divider|StageOut[212]~60  from: datad  to: combout
    Info (332098): Cell: divide2|LPM_DIVIDE_component|auto_generated|divider|divider|StageOut[213]~59  from: datad  to: combout
    Info (332098): Cell: divide2|LPM_DIVIDE_component|auto_generated|divider|divider|StageOut[214]~58  from: datad  to: combout
    Info (332098): Cell: divide2|LPM_DIVIDE_component|auto_generated|divider|divider|StageOut[215]~57  from: datad  to: combout
    Info (332098): Cell: divide2|LPM_DIVIDE_component|auto_generated|divider|divider|StageOut[216]~56  from: datad  to: combout
    Info (332098): Cell: divide2|LPM_DIVIDE_component|auto_generated|divider|divider|StageOut[217]~55  from: datad  to: combout
    Info (332098): Cell: divide2|LPM_DIVIDE_component|auto_generated|divider|divider|StageOut[218]~54  from: datac  to: combout
    Info (332098): Cell: divide2|LPM_DIVIDE_component|auto_generated|divider|divider|StageOut[219]~53  from: datad  to: combout
    Info (332098): Cell: divide2|LPM_DIVIDE_component|auto_generated|divider|divider|StageOut[220]~52  from: datab  to: combout
    Info (332098): Cell: divide2|LPM_DIVIDE_component|auto_generated|divider|divider|StageOut[221]~51  from: datad  to: combout
    Info (332098): Cell: divide2|LPM_DIVIDE_component|auto_generated|divider|divider|StageOut[227]~73  from: dataa  to: combout
    Info (332098): Cell: divide2|LPM_DIVIDE_component|auto_generated|divider|divider|StageOut[227]~73  from: datab  to: combout
    Info (332098): Cell: divide2|LPM_DIVIDE_component|auto_generated|divider|divider|StageOut[227]~73  from: datac  to: combout
    Info (332098): Cell: divide2|LPM_DIVIDE_component|auto_generated|divider|divider|StageOut[228]~72  from: datac  to: combout
    Info (332098): Cell: divide2|LPM_DIVIDE_component|auto_generated|divider|divider|StageOut[229]~71  from: datac  to: combout
    Info (332098): Cell: divide2|LPM_DIVIDE_component|auto_generated|divider|divider|StageOut[230]~70  from: datac  to: combout
    Info (332098): Cell: divide2|LPM_DIVIDE_component|auto_generated|divider|divider|StageOut[231]~69  from: datac  to: combout
    Info (332098): Cell: divide2|LPM_DIVIDE_component|auto_generated|divider|divider|StageOut[232]~68  from: datad  to: combout
    Info (332098): Cell: divide2|LPM_DIVIDE_component|auto_generated|divider|divider|StageOut[233]~67  from: datad  to: combout
    Info (332098): Cell: divide2|LPM_DIVIDE_component|auto_generated|divider|divider|StageOut[234]~66  from: datac  to: combout
    Info (332098): Cell: divide2|LPM_DIVIDE_component|auto_generated|divider|divider|StageOut[235]~65  from: datac  to: combout
    Info (332098): Cell: divide2|LPM_DIVIDE_component|auto_generated|divider|divider|StageOut[236]~64  from: datab  to: combout
    Info (332098): Cell: divide2|LPM_DIVIDE_component|auto_generated|divider|divider|StageOut[237]~63  from: datac  to: combout
    Info (332098): Cell: divide2|LPM_DIVIDE_component|auto_generated|divider|divider|StageOut[238]~62  from: datac  to: combout
    Info (332098): Cell: divide2|LPM_DIVIDE_component|auto_generated|divider|divider|StageOut[242]~87  from: dataa  to: combout
    Info (332098): Cell: divide2|LPM_DIVIDE_component|auto_generated|divider|divider|StageOut[242]~87  from: datac  to: combout
    Info (332098): Cell: divide2|LPM_DIVIDE_component|auto_generated|divider|divider|StageOut[242]~87  from: datad  to: combout
    Info (332098): Cell: divide2|LPM_DIVIDE_component|auto_generated|divider|divider|StageOut[243]~74  from: dataa  to: combout
    Info (332098): Cell: divide2|LPM_DIVIDE_component|auto_generated|divider|divider|StageOut[243]~74  from: datab  to: combout
    Info (332098): Cell: divide2|LPM_DIVIDE_component|auto_generated|divider|divider|StageOut[243]~74  from: datad  to: combout
    Info (332098): Cell: divide2|LPM_DIVIDE_component|auto_generated|divider|divider|StageOut[244]~86  from: datac  to: combout
    Info (332098): Cell: divide2|LPM_DIVIDE_component|auto_generated|divider|divider|StageOut[245]~85  from: datab  to: combout
    Info (332098): Cell: divide2|LPM_DIVIDE_component|auto_generated|divider|divider|StageOut[246]~84  from: dataa  to: combout
    Info (332098): Cell: divide2|LPM_DIVIDE_component|auto_generated|divider|divider|StageOut[247]~83  from: dataa  to: combout
    Info (332098): Cell: divide2|LPM_DIVIDE_component|auto_generated|divider|divider|StageOut[248]~82  from: datad  to: combout
    Info (332098): Cell: divide2|LPM_DIVIDE_component|auto_generated|divider|divider|StageOut[249]~81  from: datac  to: combout
    Info (332098): Cell: divide2|LPM_DIVIDE_component|auto_generated|divider|divider|StageOut[250]~80  from: dataa  to: combout
    Info (332098): Cell: divide2|LPM_DIVIDE_component|auto_generated|divider|divider|StageOut[251]~79  from: datac  to: combout
    Info (332098): Cell: divide2|LPM_DIVIDE_component|auto_generated|divider|divider|StageOut[252]~78  from: datad  to: combout
    Info (332098): Cell: divide2|LPM_DIVIDE_component|auto_generated|divider|divider|StageOut[253]~77  from: datad  to: combout
    Info (332098): Cell: divide2|LPM_DIVIDE_component|auto_generated|divider|divider|StageOut[254]~76  from: datad  to: combout
    Info (332098): Cell: divide2|LPM_DIVIDE_component|auto_generated|divider|divider|StageOut[255]~75  from: datac  to: combout
    Info (332098): Cell: divide2|LPM_DIVIDE_component|auto_generated|divider|divider|StageOut[99]~5  from: datad  to: combout
    Info (332098): Cell: divide2|LPM_DIVIDE_component|auto_generated|divider|divider|op_11~2  from: cin  to: combout
    Info (332098): Cell: divide2|LPM_DIVIDE_component|auto_generated|divider|divider|op_11~2  from: datab  to: combout
    Info (332098): Cell: divide2|LPM_DIVIDE_component|auto_generated|divider|divider|op_11~4  from: cin  to: combout
    Info (332098): Cell: divide2|LPM_DIVIDE_component|auto_generated|divider|divider|op_11~4  from: dataa  to: combout
    Info (332098): Cell: divide2|LPM_DIVIDE_component|auto_generated|divider|divider|op_11~6  from: cin  to: combout
    Info (332098): Cell: divide2|LPM_DIVIDE_component|auto_generated|divider|divider|op_11~6  from: dataa  to: combout
    Info (332098): Cell: divide2|LPM_DIVIDE_component|auto_generated|divider|divider|op_11~8  from: cin  to: combout
    Info (332098): Cell: divide2|LPM_DIVIDE_component|auto_generated|divider|divider|op_11~8  from: dataa  to: combout
    Info (332098): Cell: divide2|LPM_DIVIDE_component|auto_generated|divider|divider|op_12~10  from: cin  to: combout
    Info (332098): Cell: divide2|LPM_DIVIDE_component|auto_generated|divider|divider|op_12~10  from: datab  to: combout
    Info (332098): Cell: divide2|LPM_DIVIDE_component|auto_generated|divider|divider|op_12~2  from: cin  to: combout
    Info (332098): Cell: divide2|LPM_DIVIDE_component|auto_generated|divider|divider|op_12~2  from: dataa  to: cout
    Info (332098): Cell: divide2|LPM_DIVIDE_component|auto_generated|divider|divider|op_12~2  from: datab  to: cout
    Info (332098): Cell: divide2|LPM_DIVIDE_component|auto_generated|divider|divider|op_12~4  from: cin  to: combout
    Info (332098): Cell: divide2|LPM_DIVIDE_component|auto_generated|divider|divider|op_12~4  from: datab  to: combout
    Info (332098): Cell: divide2|LPM_DIVIDE_component|auto_generated|divider|divider|op_12~6  from: cin  to: combout
    Info (332098): Cell: divide2|LPM_DIVIDE_component|auto_generated|divider|divider|op_12~6  from: dataa  to: combout
    Info (332098): Cell: divide2|LPM_DIVIDE_component|auto_generated|divider|divider|op_12~8  from: cin  to: combout
    Info (332098): Cell: divide2|LPM_DIVIDE_component|auto_generated|divider|divider|op_12~8  from: datab  to: combout
    Info (332098): Cell: divide2|LPM_DIVIDE_component|auto_generated|divider|divider|op_13~10  from: cin  to: combout
    Info (332098): Cell: divide2|LPM_DIVIDE_component|auto_generated|divider|divider|op_13~10  from: dataa  to: combout
    Info (332098): Cell: divide2|LPM_DIVIDE_component|auto_generated|divider|divider|op_13~12  from: cin  to: combout
    Info (332098): Cell: divide2|LPM_DIVIDE_component|auto_generated|divider|divider|op_13~12  from: datab  to: combout
    Info (332098): Cell: divide2|LPM_DIVIDE_component|auto_generated|divider|divider|op_13~2  from: cin  to: combout
    Info (332098): Cell: divide2|LPM_DIVIDE_component|auto_generated|divider|divider|op_13~2  from: dataa  to: cout
    Info (332098): Cell: divide2|LPM_DIVIDE_component|auto_generated|divider|divider|op_13~2  from: datab  to: cout
    Info (332098): Cell: divide2|LPM_DIVIDE_component|auto_generated|divider|divider|op_13~4  from: cin  to: combout
    Info (332098): Cell: divide2|LPM_DIVIDE_component|auto_generated|divider|divider|op_13~4  from: datab  to: combout
    Info (332098): Cell: divide2|LPM_DIVIDE_component|auto_generated|divider|divider|op_13~6  from: cin  to: combout
    Info (332098): Cell: divide2|LPM_DIVIDE_component|auto_generated|divider|divider|op_13~6  from: datab  to: combout
    Info (332098): Cell: divide2|LPM_DIVIDE_component|auto_generated|divider|divider|op_13~8  from: cin  to: combout
    Info (332098): Cell: divide2|LPM_DIVIDE_component|auto_generated|divider|divider|op_13~8  from: datab  to: combout
    Info (332098): Cell: divide2|LPM_DIVIDE_component|auto_generated|divider|divider|op_14~10  from: cin  to: combout
    Info (332098): Cell: divide2|LPM_DIVIDE_component|auto_generated|divider|divider|op_14~10  from: datab  to: combout
    Info (332098): Cell: divide2|LPM_DIVIDE_component|auto_generated|divider|divider|op_14~12  from: cin  to: combout
    Info (332098): Cell: divide2|LPM_DIVIDE_component|auto_generated|divider|divider|op_14~12  from: dataa  to: combout
    Info (332098): Cell: divide2|LPM_DIVIDE_component|auto_generated|divider|divider|op_14~14  from: cin  to: combout
    Info (332098): Cell: divide2|LPM_DIVIDE_component|auto_generated|divider|divider|op_14~14  from: datab  to: combout
    Info (332098): Cell: divide2|LPM_DIVIDE_component|auto_generated|divider|divider|op_14~2  from: cin  to: combout
    Info (332098): Cell: divide2|LPM_DIVIDE_component|auto_generated|divider|divider|op_14~2  from: dataa  to: cout
    Info (332098): Cell: divide2|LPM_DIVIDE_component|auto_generated|divider|divider|op_14~2  from: datab  to: cout
    Info (332098): Cell: divide2|LPM_DIVIDE_component|auto_generated|divider|divider|op_14~4  from: cin  to: combout
    Info (332098): Cell: divide2|LPM_DIVIDE_component|auto_generated|divider|divider|op_14~4  from: dataa  to: combout
    Info (332098): Cell: divide2|LPM_DIVIDE_component|auto_generated|divider|divider|op_14~6  from: cin  to: combout
    Info (332098): Cell: divide2|LPM_DIVIDE_component|auto_generated|divider|divider|op_14~6  from: datab  to: combout
    Info (332098): Cell: divide2|LPM_DIVIDE_component|auto_generated|divider|divider|op_14~8  from: cin  to: combout
    Info (332098): Cell: divide2|LPM_DIVIDE_component|auto_generated|divider|divider|op_14~8  from: dataa  to: combout
    Info (332098): Cell: divide2|LPM_DIVIDE_component|auto_generated|divider|divider|op_1~10  from: cin  to: combout
    Info (332098): Cell: divide2|LPM_DIVIDE_component|auto_generated|divider|divider|op_1~10  from: dataa  to: combout
    Info (332098): Cell: divide2|LPM_DIVIDE_component|auto_generated|divider|divider|op_1~12  from: cin  to: combout
    Info (332098): Cell: divide2|LPM_DIVIDE_component|auto_generated|divider|divider|op_1~12  from: datab  to: combout
    Info (332098): Cell: divide2|LPM_DIVIDE_component|auto_generated|divider|divider|op_1~14  from: cin  to: combout
    Info (332098): Cell: divide2|LPM_DIVIDE_component|auto_generated|divider|divider|op_1~14  from: datab  to: combout
    Info (332098): Cell: divide2|LPM_DIVIDE_component|auto_generated|divider|divider|op_1~16  from: cin  to: combout
    Info (332098): Cell: divide2|LPM_DIVIDE_component|auto_generated|divider|divider|op_1~16  from: dataa  to: combout
    Info (332098): Cell: divide2|LPM_DIVIDE_component|auto_generated|divider|divider|op_1~2  from: cin  to: combout
    Info (332098): Cell: divide2|LPM_DIVIDE_component|auto_generated|divider|divider|op_1~2  from: dataa  to: cout
    Info (332098): Cell: divide2|LPM_DIVIDE_component|auto_generated|divider|divider|op_1~2  from: datab  to: cout
    Info (332098): Cell: divide2|LPM_DIVIDE_component|auto_generated|divider|divider|op_1~4  from: cin  to: combout
    Info (332098): Cell: divide2|LPM_DIVIDE_component|auto_generated|divider|divider|op_1~4  from: dataa  to: combout
    Info (332098): Cell: divide2|LPM_DIVIDE_component|auto_generated|divider|divider|op_1~6  from: cin  to: combout
    Info (332098): Cell: divide2|LPM_DIVIDE_component|auto_generated|divider|divider|op_1~6  from: dataa  to: combout
    Info (332098): Cell: divide2|LPM_DIVIDE_component|auto_generated|divider|divider|op_1~8  from: cin  to: combout
    Info (332098): Cell: divide2|LPM_DIVIDE_component|auto_generated|divider|divider|op_1~8  from: datab  to: combout
    Info (332098): Cell: divide2|LPM_DIVIDE_component|auto_generated|divider|divider|op_2~10  from: cin  to: combout
    Info (332098): Cell: divide2|LPM_DIVIDE_component|auto_generated|divider|divider|op_2~10  from: datab  to: combout
    Info (332098): Cell: divide2|LPM_DIVIDE_component|auto_generated|divider|divider|op_2~12  from: cin  to: combout
    Info (332098): Cell: divide2|LPM_DIVIDE_component|auto_generated|divider|divider|op_2~12  from: dataa  to: combout
    Info (332098): Cell: divide2|LPM_DIVIDE_component|auto_generated|divider|divider|op_2~14  from: cin  to: combout
    Info (332098): Cell: divide2|LPM_DIVIDE_component|auto_generated|divider|divider|op_2~14  from: datab  to: combout
    Info (332098): Cell: divide2|LPM_DIVIDE_component|auto_generated|divider|divider|op_2~16  from: cin  to: combout
    Info (332098): Cell: divide2|LPM_DIVIDE_component|auto_generated|divider|divider|op_2~16  from: dataa  to: combout
    Info (332098): Cell: divide2|LPM_DIVIDE_component|auto_generated|divider|divider|op_2~18  from: cin  to: combout
    Info (332098): Cell: divide2|LPM_DIVIDE_component|auto_generated|divider|divider|op_2~18  from: datab  to: combout
    Info (332098): Cell: divide2|LPM_DIVIDE_component|auto_generated|divider|divider|op_2~2  from: cin  to: combout
    Info (332098): Cell: divide2|LPM_DIVIDE_component|auto_generated|divider|divider|op_2~2  from: dataa  to: cout
    Info (332098): Cell: divide2|LPM_DIVIDE_component|auto_generated|divider|divider|op_2~2  from: datab  to: cout
    Info (332098): Cell: divide2|LPM_DIVIDE_component|auto_generated|divider|divider|op_2~4  from: cin  to: combout
    Info (332098): Cell: divide2|LPM_DIVIDE_component|auto_generated|divider|divider|op_2~4  from: datab  to: combout
    Info (332098): Cell: divide2|LPM_DIVIDE_component|auto_generated|divider|divider|op_2~6  from: cin  to: combout
    Info (332098): Cell: divide2|LPM_DIVIDE_component|auto_generated|divider|divider|op_2~6  from: datab  to: combout
    Info (332098): Cell: divide2|LPM_DIVIDE_component|auto_generated|divider|divider|op_2~8  from: cin  to: combout
    Info (332098): Cell: divide2|LPM_DIVIDE_component|auto_generated|divider|divider|op_2~8  from: datab  to: combout
    Info (332098): Cell: divide2|LPM_DIVIDE_component|auto_generated|divider|divider|op_3~10  from: cin  to: combout
    Info (332098): Cell: divide2|LPM_DIVIDE_component|auto_generated|divider|divider|op_3~10  from: datab  to: combout
    Info (332098): Cell: divide2|LPM_DIVIDE_component|auto_generated|divider|divider|op_3~12  from: cin  to: combout
    Info (332098): Cell: divide2|LPM_DIVIDE_component|auto_generated|divider|divider|op_3~12  from: dataa  to: combout
    Info (332098): Cell: divide2|LPM_DIVIDE_component|auto_generated|divider|divider|op_3~14  from: cin  to: combout
    Info (332098): Cell: divide2|LPM_DIVIDE_component|auto_generated|divider|divider|op_3~14  from: dataa  to: combout
    Info (332098): Cell: divide2|LPM_DIVIDE_component|auto_generated|divider|divider|op_3~16  from: cin  to: combout
    Info (332098): Cell: divide2|LPM_DIVIDE_component|auto_generated|divider|divider|op_3~16  from: dataa  to: combout
    Info (332098): Cell: divide2|LPM_DIVIDE_component|auto_generated|divider|divider|op_3~18  from: cin  to: combout
    Info (332098): Cell: divide2|LPM_DIVIDE_component|auto_generated|divider|divider|op_3~18  from: dataa  to: combout
    Info (332098): Cell: divide2|LPM_DIVIDE_component|auto_generated|divider|divider|op_3~20  from: cin  to: combout
    Info (332098): Cell: divide2|LPM_DIVIDE_component|auto_generated|divider|divider|op_3~20  from: datab  to: combout
    Info (332098): Cell: divide2|LPM_DIVIDE_component|auto_generated|divider|divider|op_3~2  from: cin  to: combout
    Info (332098): Cell: divide2|LPM_DIVIDE_component|auto_generated|divider|divider|op_3~2  from: dataa  to: cout
    Info (332098): Cell: divide2|LPM_DIVIDE_component|auto_generated|divider|divider|op_3~2  from: datab  to: cout
    Info (332098): Cell: divide2|LPM_DIVIDE_component|auto_generated|divider|divider|op_3~4  from: cin  to: combout
    Info (332098): Cell: divide2|LPM_DIVIDE_component|auto_generated|divider|divider|op_3~4  from: dataa  to: combout
    Info (332098): Cell: divide2|LPM_DIVIDE_component|auto_generated|divider|divider|op_3~6  from: cin  to: combout
    Info (332098): Cell: divide2|LPM_DIVIDE_component|auto_generated|divider|divider|op_3~6  from: datab  to: combout
    Info (332098): Cell: divide2|LPM_DIVIDE_component|auto_generated|divider|divider|op_3~8  from: cin  to: combout
    Info (332098): Cell: divide2|LPM_DIVIDE_component|auto_generated|divider|divider|op_3~8  from: dataa  to: combout
    Info (332098): Cell: divide2|LPM_DIVIDE_component|auto_generated|divider|divider|op_4~10  from: cin  to: combout
    Info (332098): Cell: divide2|LPM_DIVIDE_component|auto_generated|divider|divider|op_4~10  from: dataa  to: combout
    Info (332098): Cell: divide2|LPM_DIVIDE_component|auto_generated|divider|divider|op_4~12  from: cin  to: combout
    Info (332098): Cell: divide2|LPM_DIVIDE_component|auto_generated|divider|divider|op_4~12  from: dataa  to: combout
    Info (332098): Cell: divide2|LPM_DIVIDE_component|auto_generated|divider|divider|op_4~14  from: cin  to: combout
    Info (332098): Cell: divide2|LPM_DIVIDE_component|auto_generated|divider|divider|op_4~14  from: dataa  to: combout
    Info (332098): Cell: divide2|LPM_DIVIDE_component|auto_generated|divider|divider|op_4~16  from: cin  to: combout
    Info (332098): Cell: divide2|LPM_DIVIDE_component|auto_generated|divider|divider|op_4~16  from: datab  to: combout
    Info (332098): Cell: divide2|LPM_DIVIDE_component|auto_generated|divider|divider|op_4~18  from: cin  to: combout
    Info (332098): Cell: divide2|LPM_DIVIDE_component|auto_generated|divider|divider|op_4~18  from: dataa  to: combout
    Info (332098): Cell: divide2|LPM_DIVIDE_component|auto_generated|divider|divider|op_4~20  from: cin  to: combout
    Info (332098): Cell: divide2|LPM_DIVIDE_component|auto_generated|divider|divider|op_4~20  from: datab  to: combout
    Info (332098): Cell: divide2|LPM_DIVIDE_component|auto_generated|divider|divider|op_4~22  from: cin  to: combout
    Info (332098): Cell: divide2|LPM_DIVIDE_component|auto_generated|divider|divider|op_4~22  from: datab  to: combout
    Info (332098): Cell: divide2|LPM_DIVIDE_component|auto_generated|divider|divider|op_4~2  from: cin  to: combout
    Info (332098): Cell: divide2|LPM_DIVIDE_component|auto_generated|divider|divider|op_4~2  from: dataa  to: cout
    Info (332098): Cell: divide2|LPM_DIVIDE_component|auto_generated|divider|divider|op_4~2  from: datab  to: cout
    Info (332098): Cell: divide2|LPM_DIVIDE_component|auto_generated|divider|divider|op_4~4  from: cin  to: combout
    Info (332098): Cell: divide2|LPM_DIVIDE_component|auto_generated|divider|divider|op_4~4  from: datab  to: combout
    Info (332098): Cell: divide2|LPM_DIVIDE_component|auto_generated|divider|divider|op_4~6  from: cin  to: combout
    Info (332098): Cell: divide2|LPM_DIVIDE_component|auto_generated|divider|divider|op_4~6  from: dataa  to: combout
    Info (332098): Cell: divide2|LPM_DIVIDE_component|auto_generated|divider|divider|op_4~8  from: cin  to: combout
    Info (332098): Cell: divide2|LPM_DIVIDE_component|auto_generated|divider|divider|op_4~8  from: datab  to: combout
    Info (332098): Cell: divide2|LPM_DIVIDE_component|auto_generated|divider|divider|op_5~10  from: cin  to: combout
    Info (332098): Cell: divide2|LPM_DIVIDE_component|auto_generated|divider|divider|op_5~10  from: dataa  to: combout
    Info (332098): Cell: divide2|LPM_DIVIDE_component|auto_generated|divider|divider|op_5~12  from: cin  to: combout
    Info (332098): Cell: divide2|LPM_DIVIDE_component|auto_generated|divider|divider|op_5~12  from: dataa  to: combout
    Info (332098): Cell: divide2|LPM_DIVIDE_component|auto_generated|divider|divider|op_5~14  from: cin  to: combout
    Info (332098): Cell: divide2|LPM_DIVIDE_component|auto_generated|divider|divider|op_5~14  from: dataa  to: combout
    Info (332098): Cell: divide2|LPM_DIVIDE_component|auto_generated|divider|divider|op_5~16  from: cin  to: combout
    Info (332098): Cell: divide2|LPM_DIVIDE_component|auto_generated|divider|divider|op_5~16  from: dataa  to: combout
    Info (332098): Cell: divide2|LPM_DIVIDE_component|auto_generated|divider|divider|op_5~18  from: cin  to: combout
    Info (332098): Cell: divide2|LPM_DIVIDE_component|auto_generated|divider|divider|op_5~18  from: dataa  to: combout
    Info (332098): Cell: divide2|LPM_DIVIDE_component|auto_generated|divider|divider|op_5~1  from: dataa  to: cout
    Info (332098): Cell: divide2|LPM_DIVIDE_component|auto_generated|divider|divider|op_5~1  from: datab  to: cout
    Info (332098): Cell: divide2|LPM_DIVIDE_component|auto_generated|divider|divider|op_5~20  from: cin  to: combout
    Info (332098): Cell: divide2|LPM_DIVIDE_component|auto_generated|divider|divider|op_5~20  from: datab  to: combout
    Info (332098): Cell: divide2|LPM_DIVIDE_component|auto_generated|divider|divider|op_5~22  from: cin  to: combout
    Info (332098): Cell: divide2|LPM_DIVIDE_component|auto_generated|divider|divider|op_5~22  from: datab  to: combout
    Info (332098): Cell: divide2|LPM_DIVIDE_component|auto_generated|divider|divider|op_5~24  from: cin  to: combout
    Info (332098): Cell: divide2|LPM_DIVIDE_component|auto_generated|divider|divider|op_5~24  from: datab  to: combout
    Info (332098): Cell: divide2|LPM_DIVIDE_component|auto_generated|divider|divider|op_5~2  from: cin  to: combout
    Info (332098): Cell: divide2|LPM_DIVIDE_component|auto_generated|divider|divider|op_5~2  from: dataa  to: cout
    Info (332098): Cell: divide2|LPM_DIVIDE_component|auto_generated|divider|divider|op_5~2  from: datab  to: cout
    Info (332098): Cell: divide2|LPM_DIVIDE_component|auto_generated|divider|divider|op_5~4  from: cin  to: combout
    Info (332098): Cell: divide2|LPM_DIVIDE_component|auto_generated|divider|divider|op_5~4  from: datab  to: combout
    Info (332098): Cell: divide2|LPM_DIVIDE_component|auto_generated|divider|divider|op_5~6  from: cin  to: combout
    Info (332098): Cell: divide2|LPM_DIVIDE_component|auto_generated|divider|divider|op_5~6  from: dataa  to: combout
    Info (332098): Cell: divide2|LPM_DIVIDE_component|auto_generated|divider|divider|op_5~8  from: cin  to: combout
    Info (332098): Cell: divide2|LPM_DIVIDE_component|auto_generated|divider|divider|op_5~8  from: dataa  to: combout
    Info (332098): Cell: divide2|LPM_DIVIDE_component|auto_generated|divider|divider|op_6~10  from: cin  to: combout
    Info (332098): Cell: divide2|LPM_DIVIDE_component|auto_generated|divider|divider|op_6~10  from: dataa  to: combout
    Info (332098): Cell: divide2|LPM_DIVIDE_component|auto_generated|divider|divider|op_6~12  from: cin  to: combout
    Info (332098): Cell: divide2|LPM_DIVIDE_component|auto_generated|divider|divider|op_6~12  from: dataa  to: combout
    Info (332098): Cell: divide2|LPM_DIVIDE_component|auto_generated|divider|divider|op_6~14  from: cin  to: combout
    Info (332098): Cell: divide2|LPM_DIVIDE_component|auto_generated|divider|divider|op_6~14  from: datab  to: combout
    Info (332098): Cell: divide2|LPM_DIVIDE_component|auto_generated|divider|divider|op_6~16  from: cin  to: combout
    Info (332098): Cell: divide2|LPM_DIVIDE_component|auto_generated|divider|divider|op_6~16  from: datab  to: combout
    Info (332098): Cell: divide2|LPM_DIVIDE_component|auto_generated|divider|divider|op_6~18  from: cin  to: combout
    Info (332098): Cell: divide2|LPM_DIVIDE_component|auto_generated|divider|divider|op_6~18  from: datab  to: combout
    Info (332098): Cell: divide2|LPM_DIVIDE_component|auto_generated|divider|divider|op_6~20  from: cin  to: combout
    Info (332098): Cell: divide2|LPM_DIVIDE_component|auto_generated|divider|divider|op_6~20  from: dataa  to: combout
    Info (332098): Cell: divide2|LPM_DIVIDE_component|auto_generated|divider|divider|op_6~22  from: cin  to: combout
    Info (332098): Cell: divide2|LPM_DIVIDE_component|auto_generated|divider|divider|op_6~22  from: datab  to: combout
    Info (332098): Cell: divide2|LPM_DIVIDE_component|auto_generated|divider|divider|op_6~24  from: cin  to: combout
    Info (332098): Cell: divide2|LPM_DIVIDE_component|auto_generated|divider|divider|op_6~24  from: datab  to: combout
    Info (332098): Cell: divide2|LPM_DIVIDE_component|auto_generated|divider|divider|op_6~26  from: cin  to: combout
    Info (332098): Cell: divide2|LPM_DIVIDE_component|auto_generated|divider|divider|op_6~26  from: datab  to: combout
    Info (332098): Cell: divide2|LPM_DIVIDE_component|auto_generated|divider|divider|op_6~2  from: cin  to: combout
    Info (332098): Cell: divide2|LPM_DIVIDE_component|auto_generated|divider|divider|op_6~2  from: dataa  to: cout
    Info (332098): Cell: divide2|LPM_DIVIDE_component|auto_generated|divider|divider|op_6~2  from: datab  to: cout
    Info (332098): Cell: divide2|LPM_DIVIDE_component|auto_generated|divider|divider|op_6~4  from: cin  to: combout
    Info (332098): Cell: divide2|LPM_DIVIDE_component|auto_generated|divider|divider|op_6~4  from: datab  to: combout
    Info (332098): Cell: divide2|LPM_DIVIDE_component|auto_generated|divider|divider|op_6~6  from: cin  to: combout
    Info (332098): Cell: divide2|LPM_DIVIDE_component|auto_generated|divider|divider|op_6~6  from: datab  to: combout
    Info (332098): Cell: divide2|LPM_DIVIDE_component|auto_generated|divider|divider|op_6~8  from: cin  to: combout
    Info (332098): Cell: divide2|LPM_DIVIDE_component|auto_generated|divider|divider|op_6~8  from: dataa  to: combout
    Info (332098): Cell: divide3|LPM_DIVIDE_component|auto_generated|divider|divider|StageOut[100]~11  from: datac  to: combout
    Info (332098): Cell: divide3|LPM_DIVIDE_component|auto_generated|divider|divider|StageOut[101]~10  from: datac  to: combout
    Info (332098): Cell: divide3|LPM_DIVIDE_component|auto_generated|divider|divider|StageOut[102]~92  from: dataa  to: combout
    Info (332098): Cell: divide3|LPM_DIVIDE_component|auto_generated|divider|divider|StageOut[114]~19  from: dataa  to: combout
    Info (332098): Cell: divide3|LPM_DIVIDE_component|auto_generated|divider|divider|StageOut[114]~19  from: datab  to: combout
    Info (332098): Cell: divide3|LPM_DIVIDE_component|auto_generated|divider|divider|StageOut[114]~19  from: datad  to: combout
    Info (332098): Cell: divide3|LPM_DIVIDE_component|auto_generated|divider|divider|StageOut[115]~18  from: datac  to: combout
    Info (332098): Cell: divide3|LPM_DIVIDE_component|auto_generated|divider|divider|StageOut[116]~17  from: datab  to: combout
    Info (332098): Cell: divide3|LPM_DIVIDE_component|auto_generated|divider|divider|StageOut[117]~16  from: datac  to: combout
    Info (332098): Cell: divide3|LPM_DIVIDE_component|auto_generated|divider|divider|StageOut[118]~15  from: datab  to: combout
    Info (332098): Cell: divide3|LPM_DIVIDE_component|auto_generated|divider|divider|StageOut[119]~14  from: datad  to: combout
    Info (332098): Cell: divide3|LPM_DIVIDE_component|auto_generated|divider|divider|StageOut[130]~26  from: dataa  to: combout
    Info (332098): Cell: divide3|LPM_DIVIDE_component|auto_generated|divider|divider|StageOut[130]~26  from: datac  to: combout
    Info (332098): Cell: divide3|LPM_DIVIDE_component|auto_generated|divider|divider|StageOut[130]~26  from: datad  to: combout
    Info (332098): Cell: divide3|LPM_DIVIDE_component|auto_generated|divider|divider|StageOut[131]~25  from: datac  to: combout
    Info (332098): Cell: divide3|LPM_DIVIDE_component|auto_generated|divider|divider|StageOut[132]~24  from: datad  to: combout
    Info (332098): Cell: divide3|LPM_DIVIDE_component|auto_generated|divider|divider|StageOut[133]~23  from: datad  to: combout
    Info (332098): Cell: divide3|LPM_DIVIDE_component|auto_generated|divider|divider|StageOut[134]~22  from: datab  to: combout
    Info (332098): Cell: divide3|LPM_DIVIDE_component|auto_generated|divider|divider|StageOut[135]~21  from: datad  to: combout
    Info (332098): Cell: divide3|LPM_DIVIDE_component|auto_generated|divider|divider|StageOut[136]~20  from: datad  to: combout
    Info (332098): Cell: divide3|LPM_DIVIDE_component|auto_generated|divider|divider|StageOut[146]~34  from: datab  to: combout
    Info (332098): Cell: divide3|LPM_DIVIDE_component|auto_generated|divider|divider|StageOut[146]~34  from: datac  to: combout
    Info (332098): Cell: divide3|LPM_DIVIDE_component|auto_generated|divider|divider|StageOut[146]~34  from: datad  to: combout
    Info (332098): Cell: divide3|LPM_DIVIDE_component|auto_generated|divider|divider|StageOut[147]~33  from: datac  to: combout
    Info (332098): Cell: divide3|LPM_DIVIDE_component|auto_generated|divider|divider|StageOut[148]~32  from: datad  to: combout
    Info (332098): Cell: divide3|LPM_DIVIDE_component|auto_generated|divider|divider|StageOut[149]~31  from: datac  to: combout
    Info (332098): Cell: divide3|LPM_DIVIDE_component|auto_generated|divider|divider|StageOut[150]~30  from: datab  to: combout
    Info (332098): Cell: divide3|LPM_DIVIDE_component|auto_generated|divider|divider|StageOut[151]~29  from: datad  to: combout
    Info (332098): Cell: divide3|LPM_DIVIDE_component|auto_generated|divider|divider|StageOut[152]~28  from: datad  to: combout
    Info (332098): Cell: divide3|LPM_DIVIDE_component|auto_generated|divider|divider|StageOut[153]~27  from: datad  to: combout
    Info (332098): Cell: divide3|LPM_DIVIDE_component|auto_generated|divider|divider|StageOut[162]~43  from: dataa  to: combout
    Info (332098): Cell: divide3|LPM_DIVIDE_component|auto_generated|divider|divider|StageOut[162]~43  from: datab  to: combout
    Info (332098): Cell: divide3|LPM_DIVIDE_component|auto_generated|divider|divider|StageOut[162]~43  from: datad  to: combout
    Info (332098): Cell: divide3|LPM_DIVIDE_component|auto_generated|divider|divider|StageOut[163]~42  from: datad  to: combout
    Info (332098): Cell: divide3|LPM_DIVIDE_component|auto_generated|divider|divider|StageOut[164]~41  from: datad  to: combout
    Info (332098): Cell: divide3|LPM_DIVIDE_component|auto_generated|divider|divider|StageOut[165]~40  from: datad  to: combout
    Info (332098): Cell: divide3|LPM_DIVIDE_component|auto_generated|divider|divider|StageOut[166]~39  from: datad  to: combout
    Info (332098): Cell: divide3|LPM_DIVIDE_component|auto_generated|divider|divider|StageOut[167]~38  from: datad  to: combout
    Info (332098): Cell: divide3|LPM_DIVIDE_component|auto_generated|divider|divider|StageOut[168]~37  from: datac  to: combout
    Info (332098): Cell: divide3|LPM_DIVIDE_component|auto_generated|divider|divider|StageOut[169]~36  from: datad  to: combout
    Info (332098): Cell: divide3|LPM_DIVIDE_component|auto_generated|divider|divider|StageOut[170]~35  from: datad  to: combout
    Info (332098): Cell: divide3|LPM_DIVIDE_component|auto_generated|divider|divider|StageOut[178]~53  from: dataa  to: combout
    Info (332098): Cell: divide3|LPM_DIVIDE_component|auto_generated|divider|divider|StageOut[178]~53  from: datab  to: combout
    Info (332098): Cell: divide3|LPM_DIVIDE_component|auto_generated|divider|divider|StageOut[178]~53  from: datad  to: combout
    Info (332098): Cell: divide3|LPM_DIVIDE_component|auto_generated|divider|divider|StageOut[179]~52  from: datac  to: combout
    Info (332098): Cell: divide3|LPM_DIVIDE_component|auto_generated|divider|divider|StageOut[180]~51  from: datac  to: combout
    Info (332098): Cell: divide3|LPM_DIVIDE_component|auto_generated|divider|divider|StageOut[181]~50  from: datad  to: combout
    Info (332098): Cell: divide3|LPM_DIVIDE_component|auto_generated|divider|divider|StageOut[182]~49  from: datad  to: combout
    Info (332098): Cell: divide3|LPM_DIVIDE_component|auto_generated|divider|divider|StageOut[183]~48  from: datac  to: combout
    Info (332098): Cell: divide3|LPM_DIVIDE_component|auto_generated|divider|divider|StageOut[184]~47  from: datac  to: combout
    Info (332098): Cell: divide3|LPM_DIVIDE_component|auto_generated|divider|divider|StageOut[185]~46  from: datac  to: combout
    Info (332098): Cell: divide3|LPM_DIVIDE_component|auto_generated|divider|divider|StageOut[186]~45  from: datad  to: combout
    Info (332098): Cell: divide3|LPM_DIVIDE_component|auto_generated|divider|divider|StageOut[187]~44  from: datab  to: combout
    Info (332098): Cell: divide3|LPM_DIVIDE_component|auto_generated|divider|divider|StageOut[194]~64  from: datab  to: combout
    Info (332098): Cell: divide3|LPM_DIVIDE_component|auto_generated|divider|divider|StageOut[194]~64  from: datac  to: combout
    Info (332098): Cell: divide3|LPM_DIVIDE_component|auto_generated|divider|divider|StageOut[194]~64  from: datad  to: combout
    Info (332098): Cell: divide3|LPM_DIVIDE_component|auto_generated|divider|divider|StageOut[195]~63  from: datac  to: combout
    Info (332098): Cell: divide3|LPM_DIVIDE_component|auto_generated|divider|divider|StageOut[196]~62  from: datad  to: combout
    Info (332098): Cell: divide3|LPM_DIVIDE_component|auto_generated|divider|divider|StageOut[197]~61  from: datac  to: combout
    Info (332098): Cell: divide3|LPM_DIVIDE_component|auto_generated|divider|divider|StageOut[198]~60  from: datac  to: combout
    Info (332098): Cell: divide3|LPM_DIVIDE_component|auto_generated|divider|divider|StageOut[199]~59  from: datad  to: combout
    Info (332098): Cell: divide3|LPM_DIVIDE_component|auto_generated|divider|divider|StageOut[200]~58  from: datad  to: combout
    Info (332098): Cell: divide3|LPM_DIVIDE_component|auto_generated|divider|divider|StageOut[201]~57  from: datad  to: combout
    Info (332098): Cell: divide3|LPM_DIVIDE_component|auto_generated|divider|divider|StageOut[202]~56  from: datad  to: combout
    Info (332098): Cell: divide3|LPM_DIVIDE_component|auto_generated|divider|divider|StageOut[203]~55  from: datad  to: combout
    Info (332098): Cell: divide3|LPM_DIVIDE_component|auto_generated|divider|divider|StageOut[204]~54  from: datad  to: combout
    Info (332098): Cell: divide3|LPM_DIVIDE_component|auto_generated|divider|divider|StageOut[210]~76  from: dataa  to: combout
    Info (332098): Cell: divide3|LPM_DIVIDE_component|auto_generated|divider|divider|StageOut[210]~76  from: datab  to: combout
    Info (332098): Cell: divide3|LPM_DIVIDE_component|auto_generated|divider|divider|StageOut[210]~76  from: datad  to: combout
    Info (332098): Cell: divide3|LPM_DIVIDE_component|auto_generated|divider|divider|StageOut[211]~75  from: datad  to: combout
    Info (332098): Cell: divide3|LPM_DIVIDE_component|auto_generated|divider|divider|StageOut[212]~74  from: datad  to: combout
    Info (332098): Cell: divide3|LPM_DIVIDE_component|auto_generated|divider|divider|StageOut[213]~73  from: datad  to: combout
    Info (332098): Cell: divide3|LPM_DIVIDE_component|auto_generated|divider|divider|StageOut[214]~72  from: datad  to: combout
    Info (332098): Cell: divide3|LPM_DIVIDE_component|auto_generated|divider|divider|StageOut[215]~71  from: datac  to: combout
    Info (332098): Cell: divide3|LPM_DIVIDE_component|auto_generated|divider|divider|StageOut[216]~70  from: datac  to: combout
    Info (332098): Cell: divide3|LPM_DIVIDE_component|auto_generated|divider|divider|StageOut[217]~69  from: datac  to: combout
    Info (332098): Cell: divide3|LPM_DIVIDE_component|auto_generated|divider|divider|StageOut[218]~68  from: datad  to: combout
    Info (332098): Cell: divide3|LPM_DIVIDE_component|auto_generated|divider|divider|StageOut[219]~67  from: datad  to: combout
    Info (332098): Cell: divide3|LPM_DIVIDE_component|auto_generated|divider|divider|StageOut[220]~66  from: datac  to: combout
    Info (332098): Cell: divide3|LPM_DIVIDE_component|auto_generated|divider|divider|StageOut[221]~65  from: datad  to: combout
    Info (332098): Cell: divide3|LPM_DIVIDE_component|auto_generated|divider|divider|StageOut[226]~77  from: dataa  to: combout
    Info (332098): Cell: divide3|LPM_DIVIDE_component|auto_generated|divider|divider|StageOut[226]~77  from: datac  to: combout
    Info (332098): Cell: divide3|LPM_DIVIDE_component|auto_generated|divider|divider|StageOut[226]~77  from: datad  to: combout
    Info (332098): Cell: divide3|LPM_DIVIDE_component|auto_generated|divider|divider|StageOut[227]~89  from: datad  to: combout
    Info (332098): Cell: divide3|LPM_DIVIDE_component|auto_generated|divider|divider|StageOut[228]~88  from: datad  to: combout
    Info (332098): Cell: divide3|LPM_DIVIDE_component|auto_generated|divider|divider|StageOut[229]~87  from: datad  to: combout
    Info (332098): Cell: divide3|LPM_DIVIDE_component|auto_generated|divider|divider|StageOut[230]~86  from: datad  to: combout
    Info (332098): Cell: divide3|LPM_DIVIDE_component|auto_generated|divider|divider|StageOut[231]~85  from: datac  to: combout
    Info (332098): Cell: divide3|LPM_DIVIDE_component|auto_generated|divider|divider|StageOut[232]~84  from: datac  to: combout
    Info (332098): Cell: divide3|LPM_DIVIDE_component|auto_generated|divider|divider|StageOut[233]~83  from: datac  to: combout
    Info (332098): Cell: divide3|LPM_DIVIDE_component|auto_generated|divider|divider|StageOut[234]~82  from: datad  to: combout
    Info (332098): Cell: divide3|LPM_DIVIDE_component|auto_generated|divider|divider|StageOut[235]~81  from: datad  to: combout
    Info (332098): Cell: divide3|LPM_DIVIDE_component|auto_generated|divider|divider|StageOut[236]~80  from: datad  to: combout
    Info (332098): Cell: divide3|LPM_DIVIDE_component|auto_generated|divider|divider|StageOut[237]~79  from: datac  to: combout
    Info (332098): Cell: divide3|LPM_DIVIDE_component|auto_generated|divider|divider|StageOut[238]~78  from: datad  to: combout
    Info (332098): Cell: divide3|LPM_DIVIDE_component|auto_generated|divider|divider|StageOut[241]~93  from: datab  to: combout
    Info (332098): Cell: divide3|LPM_DIVIDE_component|auto_generated|divider|divider|StageOut[241]~93  from: datac  to: combout
    Info (332098): Cell: divide3|LPM_DIVIDE_component|auto_generated|divider|divider|StageOut[241]~93  from: datad  to: combout
    Info (332098): Cell: divide3|LPM_DIVIDE_component|auto_generated|divider|divider|StageOut[242]~91  from: dataa  to: combout
    Info (332098): Cell: divide3|LPM_DIVIDE_component|auto_generated|divider|divider|StageOut[242]~91  from: datab  to: combout
    Info (332098): Cell: divide3|LPM_DIVIDE_component|auto_generated|divider|divider|StageOut[242]~91  from: datac  to: combout
    Info (332098): Cell: divide3|LPM_DIVIDE_component|auto_generated|divider|divider|StageOut[243]~90  from: dataa  to: combout
    Info (332098): Cell: divide3|LPM_DIVIDE_component|auto_generated|divider|divider|StageOut[66]~5  from: dataa  to: combout
    Info (332098): Cell: divide3|LPM_DIVIDE_component|auto_generated|divider|divider|StageOut[66]~5  from: datab  to: combout
    Info (332098): Cell: divide3|LPM_DIVIDE_component|auto_generated|divider|divider|StageOut[66]~5  from: datac  to: combout
    Info (332098): Cell: divide3|LPM_DIVIDE_component|auto_generated|divider|divider|StageOut[66]~5  from: datad  to: combout
    Info (332098): Cell: divide3|LPM_DIVIDE_component|auto_generated|divider|divider|StageOut[67]~4  from: dataa  to: combout
    Info (332098): Cell: divide3|LPM_DIVIDE_component|auto_generated|divider|divider|StageOut[67]~4  from: datab  to: combout
    Info (332098): Cell: divide3|LPM_DIVIDE_component|auto_generated|divider|divider|StageOut[67]~4  from: datac  to: combout
    Info (332098): Cell: divide3|LPM_DIVIDE_component|auto_generated|divider|divider|StageOut[67]~4  from: datad  to: combout
    Info (332098): Cell: divide3|LPM_DIVIDE_component|auto_generated|divider|divider|StageOut[82]~9  from: dataa  to: combout
    Info (332098): Cell: divide3|LPM_DIVIDE_component|auto_generated|divider|divider|StageOut[82]~9  from: datac  to: combout
    Info (332098): Cell: divide3|LPM_DIVIDE_component|auto_generated|divider|divider|StageOut[82]~9  from: datad  to: combout
    Info (332098): Cell: divide3|LPM_DIVIDE_component|auto_generated|divider|divider|StageOut[83]~8  from: datad  to: combout
    Info (332098): Cell: divide3|LPM_DIVIDE_component|auto_generated|divider|divider|StageOut[84]~7  from: datad  to: combout
    Info (332098): Cell: divide3|LPM_DIVIDE_component|auto_generated|divider|divider|StageOut[98]~13  from: dataa  to: combout
    Info (332098): Cell: divide3|LPM_DIVIDE_component|auto_generated|divider|divider|StageOut[98]~13  from: datab  to: combout
    Info (332098): Cell: divide3|LPM_DIVIDE_component|auto_generated|divider|divider|StageOut[98]~13  from: datac  to: combout
    Info (332098): Cell: divide3|LPM_DIVIDE_component|auto_generated|divider|divider|StageOut[99]~12  from: datac  to: combout
    Info (332098): Cell: divide3|LPM_DIVIDE_component|auto_generated|divider|divider|op_10~2  from: cin  to: combout
    Info (332098): Cell: divide3|LPM_DIVIDE_component|auto_generated|divider|divider|op_10~2  from: dataa  to: cout
    Info (332098): Cell: divide3|LPM_DIVIDE_component|auto_generated|divider|divider|op_10~2  from: datab  to: cout
    Info (332098): Cell: divide3|LPM_DIVIDE_component|auto_generated|divider|divider|op_10~4  from: cin  to: combout
    Info (332098): Cell: divide3|LPM_DIVIDE_component|auto_generated|divider|divider|op_10~4  from: datab  to: combout
    Info (332098): Cell: divide3|LPM_DIVIDE_component|auto_generated|divider|divider|op_10~6  from: cin  to: combout
    Info (332098): Cell: divide3|LPM_DIVIDE_component|auto_generated|divider|divider|op_10~6  from: dataa  to: combout
    Info (332098): Cell: divide3|LPM_DIVIDE_component|auto_generated|divider|divider|op_10~8  from: cin  to: combout
    Info (332098): Cell: divide3|LPM_DIVIDE_component|auto_generated|divider|divider|op_11~10  from: cin  to: combout
    Info (332098): Cell: divide3|LPM_DIVIDE_component|auto_generated|divider|divider|op_11~10  from: datab  to: combout
    Info (332098): Cell: divide3|LPM_DIVIDE_component|auto_generated|divider|divider|op_11~2  from: cin  to: combout
    Info (332098): Cell: divide3|LPM_DIVIDE_component|auto_generated|divider|divider|op_11~2  from: dataa  to: cout
    Info (332098): Cell: divide3|LPM_DIVIDE_component|auto_generated|divider|divider|op_11~2  from: datab  to: cout
    Info (332098): Cell: divide3|LPM_DIVIDE_component|auto_generated|divider|divider|op_11~4  from: cin  to: combout
    Info (332098): Cell: divide3|LPM_DIVIDE_component|auto_generated|divider|divider|op_11~4  from: dataa  to: combout
    Info (332098): Cell: divide3|LPM_DIVIDE_component|auto_generated|divider|divider|op_11~6  from: cin  to: combout
    Info (332098): Cell: divide3|LPM_DIVIDE_component|auto_generated|divider|divider|op_11~6  from: datab  to: combout
    Info (332098): Cell: divide3|LPM_DIVIDE_component|auto_generated|divider|divider|op_11~8  from: cin  to: combout
    Info (332098): Cell: divide3|LPM_DIVIDE_component|auto_generated|divider|divider|op_11~8  from: datab  to: combout
    Info (332098): Cell: divide3|LPM_DIVIDE_component|auto_generated|divider|divider|op_12~10  from: cin  to: combout
    Info (332098): Cell: divide3|LPM_DIVIDE_component|auto_generated|divider|divider|op_12~10  from: datab  to: combout
    Info (332098): Cell: divide3|LPM_DIVIDE_component|auto_generated|divider|divider|op_12~12  from: cin  to: combout
    Info (332098): Cell: divide3|LPM_DIVIDE_component|auto_generated|divider|divider|op_12~12  from: dataa  to: combout
    Info (332098): Cell: divide3|LPM_DIVIDE_component|auto_generated|divider|divider|op_12~2  from: cin  to: combout
    Info (332098): Cell: divide3|LPM_DIVIDE_component|auto_generated|divider|divider|op_12~2  from: dataa  to: cout
    Info (332098): Cell: divide3|LPM_DIVIDE_component|auto_generated|divider|divider|op_12~2  from: datab  to: cout
    Info (332098): Cell: divide3|LPM_DIVIDE_component|auto_generated|divider|divider|op_12~4  from: cin  to: combout
    Info (332098): Cell: divide3|LPM_DIVIDE_component|auto_generated|divider|divider|op_12~4  from: datab  to: combout
    Info (332098): Cell: divide3|LPM_DIVIDE_component|auto_generated|divider|divider|op_12~6  from: cin  to: combout
    Info (332098): Cell: divide3|LPM_DIVIDE_component|auto_generated|divider|divider|op_12~6  from: dataa  to: combout
    Info (332098): Cell: divide3|LPM_DIVIDE_component|auto_generated|divider|divider|op_12~8  from: cin  to: combout
    Info (332098): Cell: divide3|LPM_DIVIDE_component|auto_generated|divider|divider|op_12~8  from: datab  to: combout
    Info (332098): Cell: divide3|LPM_DIVIDE_component|auto_generated|divider|divider|op_13~10  from: cin  to: combout
    Info (332098): Cell: divide3|LPM_DIVIDE_component|auto_generated|divider|divider|op_13~10  from: datab  to: combout
    Info (332098): Cell: divide3|LPM_DIVIDE_component|auto_generated|divider|divider|op_13~12  from: cin  to: combout
    Info (332098): Cell: divide3|LPM_DIVIDE_component|auto_generated|divider|divider|op_13~12  from: datab  to: combout
    Info (332098): Cell: divide3|LPM_DIVIDE_component|auto_generated|divider|divider|op_13~14  from: cin  to: combout
    Info (332098): Cell: divide3|LPM_DIVIDE_component|auto_generated|divider|divider|op_13~14  from: dataa  to: combout
    Info (332098): Cell: divide3|LPM_DIVIDE_component|auto_generated|divider|divider|op_13~2  from: cin  to: combout
    Info (332098): Cell: divide3|LPM_DIVIDE_component|auto_generated|divider|divider|op_13~2  from: dataa  to: cout
    Info (332098): Cell: divide3|LPM_DIVIDE_component|auto_generated|divider|divider|op_13~2  from: datab  to: cout
    Info (332098): Cell: divide3|LPM_DIVIDE_component|auto_generated|divider|divider|op_13~4  from: cin  to: combout
    Info (332098): Cell: divide3|LPM_DIVIDE_component|auto_generated|divider|divider|op_13~4  from: dataa  to: combout
    Info (332098): Cell: divide3|LPM_DIVIDE_component|auto_generated|divider|divider|op_13~6  from: cin  to: combout
    Info (332098): Cell: divide3|LPM_DIVIDE_component|auto_generated|divider|divider|op_13~6  from: datab  to: combout
    Info (332098): Cell: divide3|LPM_DIVIDE_component|auto_generated|divider|divider|op_13~8  from: cin  to: combout
    Info (332098): Cell: divide3|LPM_DIVIDE_component|auto_generated|divider|divider|op_13~8  from: dataa  to: combout
    Info (332098): Cell: divide3|LPM_DIVIDE_component|auto_generated|divider|divider|op_14~10  from: cin  to: combout
    Info (332098): Cell: divide3|LPM_DIVIDE_component|auto_generated|divider|divider|op_14~10  from: datab  to: combout
    Info (332098): Cell: divide3|LPM_DIVIDE_component|auto_generated|divider|divider|op_14~12  from: cin  to: combout
    Info (332098): Cell: divide3|LPM_DIVIDE_component|auto_generated|divider|divider|op_14~12  from: dataa  to: combout
    Info (332098): Cell: divide3|LPM_DIVIDE_component|auto_generated|divider|divider|op_14~14  from: cin  to: combout
    Info (332098): Cell: divide3|LPM_DIVIDE_component|auto_generated|divider|divider|op_14~14  from: dataa  to: combout
    Info (332098): Cell: divide3|LPM_DIVIDE_component|auto_generated|divider|divider|op_14~16  from: cin  to: combout
    Info (332098): Cell: divide3|LPM_DIVIDE_component|auto_generated|divider|divider|op_14~16  from: dataa  to: combout
    Info (332098): Cell: divide3|LPM_DIVIDE_component|auto_generated|divider|divider|op_14~2  from: cin  to: combout
    Info (332098): Cell: divide3|LPM_DIVIDE_component|auto_generated|divider|divider|op_14~2  from: dataa  to: cout
    Info (332098): Cell: divide3|LPM_DIVIDE_component|auto_generated|divider|divider|op_14~2  from: datab  to: cout
    Info (332098): Cell: divide3|LPM_DIVIDE_component|auto_generated|divider|divider|op_14~4  from: cin  to: combout
    Info (332098): Cell: divide3|LPM_DIVIDE_component|auto_generated|divider|divider|op_14~4  from: datab  to: combout
    Info (332098): Cell: divide3|LPM_DIVIDE_component|auto_generated|divider|divider|op_14~6  from: cin  to: combout
    Info (332098): Cell: divide3|LPM_DIVIDE_component|auto_generated|divider|divider|op_14~6  from: dataa  to: combout
    Info (332098): Cell: divide3|LPM_DIVIDE_component|auto_generated|divider|divider|op_14~8  from: cin  to: combout
    Info (332098): Cell: divide3|LPM_DIVIDE_component|auto_generated|divider|divider|op_14~8  from: datab  to: combout
    Info (332098): Cell: divide3|LPM_DIVIDE_component|auto_generated|divider|divider|op_1~10  from: cin  to: combout
    Info (332098): Cell: divide3|LPM_DIVIDE_component|auto_generated|divider|divider|op_1~10  from: datab  to: combout
    Info (332098): Cell: divide3|LPM_DIVIDE_component|auto_generated|divider|divider|op_1~12  from: cin  to: combout
    Info (332098): Cell: divide3|LPM_DIVIDE_component|auto_generated|divider|divider|op_1~12  from: datab  to: combout
    Info (332098): Cell: divide3|LPM_DIVIDE_component|auto_generated|divider|divider|op_1~14  from: cin  to: combout
    Info (332098): Cell: divide3|LPM_DIVIDE_component|auto_generated|divider|divider|op_1~14  from: dataa  to: combout
    Info (332098): Cell: divide3|LPM_DIVIDE_component|auto_generated|divider|divider|op_1~16  from: cin  to: combout
    Info (332098): Cell: divide3|LPM_DIVIDE_component|auto_generated|divider|divider|op_1~16  from: datab  to: combout
    Info (332098): Cell: divide3|LPM_DIVIDE_component|auto_generated|divider|divider|op_1~18  from: cin  to: combout
    Info (332098): Cell: divide3|LPM_DIVIDE_component|auto_generated|divider|divider|op_1~18  from: dataa  to: combout
    Info (332098): Cell: divide3|LPM_DIVIDE_component|auto_generated|divider|divider|op_1~2  from: cin  to: combout
    Info (332098): Cell: divide3|LPM_DIVIDE_component|auto_generated|divider|divider|op_1~2  from: dataa  to: cout
    Info (332098): Cell: divide3|LPM_DIVIDE_component|auto_generated|divider|divider|op_1~2  from: datab  to: cout
    Info (332098): Cell: divide3|LPM_DIVIDE_component|auto_generated|divider|divider|op_1~4  from: cin  to: combout
    Info (332098): Cell: divide3|LPM_DIVIDE_component|auto_generated|divider|divider|op_1~4  from: dataa  to: combout
    Info (332098): Cell: divide3|LPM_DIVIDE_component|auto_generated|divider|divider|op_1~6  from: cin  to: combout
    Info (332098): Cell: divide3|LPM_DIVIDE_component|auto_generated|divider|divider|op_1~6  from: dataa  to: combout
    Info (332098): Cell: divide3|LPM_DIVIDE_component|auto_generated|divider|divider|op_1~8  from: cin  to: combout
    Info (332098): Cell: divide3|LPM_DIVIDE_component|auto_generated|divider|divider|op_1~8  from: dataa  to: combout
    Info (332098): Cell: divide3|LPM_DIVIDE_component|auto_generated|divider|divider|op_2~10  from: cin  to: combout
    Info (332098): Cell: divide3|LPM_DIVIDE_component|auto_generated|divider|divider|op_2~10  from: datab  to: combout
    Info (332098): Cell: divide3|LPM_DIVIDE_component|auto_generated|divider|divider|op_2~12  from: cin  to: combout
    Info (332098): Cell: divide3|LPM_DIVIDE_component|auto_generated|divider|divider|op_2~12  from: datab  to: combout
    Info (332098): Cell: divide3|LPM_DIVIDE_component|auto_generated|divider|divider|op_2~14  from: cin  to: combout
    Info (332098): Cell: divide3|LPM_DIVIDE_component|auto_generated|divider|divider|op_2~14  from: dataa  to: combout
    Info (332098): Cell: divide3|LPM_DIVIDE_component|auto_generated|divider|divider|op_2~16  from: cin  to: combout
    Info (332098): Cell: divide3|LPM_DIVIDE_component|auto_generated|divider|divider|op_2~16  from: dataa  to: combout
    Info (332098): Cell: divide3|LPM_DIVIDE_component|auto_generated|divider|divider|op_2~18  from: cin  to: combout
    Info (332098): Cell: divide3|LPM_DIVIDE_component|auto_generated|divider|divider|op_2~18  from: dataa  to: combout
    Info (332098): Cell: divide3|LPM_DIVIDE_component|auto_generated|divider|divider|op_2~20  from: cin  to: combout
    Info (332098): Cell: divide3|LPM_DIVIDE_component|auto_generated|divider|divider|op_2~20  from: dataa  to: combout
    Info (332098): Cell: divide3|LPM_DIVIDE_component|auto_generated|divider|divider|op_2~2  from: cin  to: combout
    Info (332098): Cell: divide3|LPM_DIVIDE_component|auto_generated|divider|divider|op_2~2  from: dataa  to: cout
    Info (332098): Cell: divide3|LPM_DIVIDE_component|auto_generated|divider|divider|op_2~2  from: datab  to: cout
    Info (332098): Cell: divide3|LPM_DIVIDE_component|auto_generated|divider|divider|op_2~4  from: cin  to: combout
    Info (332098): Cell: divide3|LPM_DIVIDE_component|auto_generated|divider|divider|op_2~4  from: datab  to: combout
    Info (332098): Cell: divide3|LPM_DIVIDE_component|auto_generated|divider|divider|op_2~6  from: cin  to: combout
    Info (332098): Cell: divide3|LPM_DIVIDE_component|auto_generated|divider|divider|op_2~6  from: datab  to: combout
    Info (332098): Cell: divide3|LPM_DIVIDE_component|auto_generated|divider|divider|op_2~8  from: cin  to: combout
    Info (332098): Cell: divide3|LPM_DIVIDE_component|auto_generated|divider|divider|op_2~8  from: datab  to: combout
    Info (332098): Cell: divide3|LPM_DIVIDE_component|auto_generated|divider|divider|op_3~10  from: cin  to: combout
    Info (332098): Cell: divide3|LPM_DIVIDE_component|auto_generated|divider|divider|op_3~10  from: dataa  to: combout
    Info (332098): Cell: divide3|LPM_DIVIDE_component|auto_generated|divider|divider|op_3~12  from: cin  to: combout
    Info (332098): Cell: divide3|LPM_DIVIDE_component|auto_generated|divider|divider|op_3~12  from: dataa  to: combout
    Info (332098): Cell: divide3|LPM_DIVIDE_component|auto_generated|divider|divider|op_3~14  from: cin  to: combout
    Info (332098): Cell: divide3|LPM_DIVIDE_component|auto_generated|divider|divider|op_3~14  from: datab  to: combout
    Info (332098): Cell: divide3|LPM_DIVIDE_component|auto_generated|divider|divider|op_3~16  from: cin  to: combout
    Info (332098): Cell: divide3|LPM_DIVIDE_component|auto_generated|divider|divider|op_3~16  from: datab  to: combout
    Info (332098): Cell: divide3|LPM_DIVIDE_component|auto_generated|divider|divider|op_3~18  from: cin  to: combout
    Info (332098): Cell: divide3|LPM_DIVIDE_component|auto_generated|divider|divider|op_3~18  from: dataa  to: combout
    Info (332098): Cell: divide3|LPM_DIVIDE_component|auto_generated|divider|divider|op_3~20  from: cin  to: combout
    Info (332098): Cell: divide3|LPM_DIVIDE_component|auto_generated|divider|divider|op_3~20  from: dataa  to: combout
    Info (332098): Cell: divide3|LPM_DIVIDE_component|auto_generated|divider|divider|op_3~22  from: cin  to: combout
    Info (332098): Cell: divide3|LPM_DIVIDE_component|auto_generated|divider|divider|op_3~22  from: dataa  to: combout
    Info (332098): Cell: divide3|LPM_DIVIDE_component|auto_generated|divider|divider|op_3~2  from: cin  to: combout
    Info (332098): Cell: divide3|LPM_DIVIDE_component|auto_generated|divider|divider|op_3~2  from: dataa  to: cout
    Info (332098): Cell: divide3|LPM_DIVIDE_component|auto_generated|divider|divider|op_3~2  from: datab  to: cout
    Info (332098): Cell: divide3|LPM_DIVIDE_component|auto_generated|divider|divider|op_3~4  from: cin  to: combout
    Info (332098): Cell: divide3|LPM_DIVIDE_component|auto_generated|divider|divider|op_3~4  from: dataa  to: combout
    Info (332098): Cell: divide3|LPM_DIVIDE_component|auto_generated|divider|divider|op_3~6  from: cin  to: combout
    Info (332098): Cell: divide3|LPM_DIVIDE_component|auto_generated|divider|divider|op_3~6  from: dataa  to: combout
    Info (332098): Cell: divide3|LPM_DIVIDE_component|auto_generated|divider|divider|op_3~8  from: cin  to: combout
    Info (332098): Cell: divide3|LPM_DIVIDE_component|auto_generated|divider|divider|op_3~8  from: datab  to: combout
    Info (332098): Cell: divide3|LPM_DIVIDE_component|auto_generated|divider|divider|op_4~10  from: cin  to: combout
    Info (332098): Cell: divide3|LPM_DIVIDE_component|auto_generated|divider|divider|op_4~10  from: dataa  to: combout
    Info (332098): Cell: divide3|LPM_DIVIDE_component|auto_generated|divider|divider|op_4~12  from: cin  to: combout
    Info (332098): Cell: divide3|LPM_DIVIDE_component|auto_generated|divider|divider|op_4~12  from: dataa  to: combout
    Info (332098): Cell: divide3|LPM_DIVIDE_component|auto_generated|divider|divider|op_4~14  from: cin  to: combout
    Info (332098): Cell: divide3|LPM_DIVIDE_component|auto_generated|divider|divider|op_4~14  from: dataa  to: combout
    Info (332098): Cell: divide3|LPM_DIVIDE_component|auto_generated|divider|divider|op_4~16  from: cin  to: combout
    Info (332098): Cell: divide3|LPM_DIVIDE_component|auto_generated|divider|divider|op_4~16  from: datab  to: combout
    Info (332098): Cell: divide3|LPM_DIVIDE_component|auto_generated|divider|divider|op_4~18  from: cin  to: combout
    Info (332098): Cell: divide3|LPM_DIVIDE_component|auto_generated|divider|divider|op_4~18  from: datab  to: combout
    Info (332098): Cell: divide3|LPM_DIVIDE_component|auto_generated|divider|divider|op_4~20  from: cin  to: combout
    Info (332098): Cell: divide3|LPM_DIVIDE_component|auto_generated|divider|divider|op_4~20  from: datab  to: combout
    Info (332098): Cell: divide3|LPM_DIVIDE_component|auto_generated|divider|divider|op_4~22  from: cin  to: combout
    Info (332098): Cell: divide3|LPM_DIVIDE_component|auto_generated|divider|divider|op_4~22  from: dataa  to: combout
    Info (332098): Cell: divide3|LPM_DIVIDE_component|auto_generated|divider|divider|op_4~24  from: cin  to: combout
    Info (332098): Cell: divide3|LPM_DIVIDE_component|auto_generated|divider|divider|op_4~24  from: datab  to: combout
    Info (332098): Cell: divide3|LPM_DIVIDE_component|auto_generated|divider|divider|op_4~2  from: cin  to: combout
    Info (332098): Cell: divide3|LPM_DIVIDE_component|auto_generated|divider|divider|op_4~2  from: dataa  to: cout
    Info (332098): Cell: divide3|LPM_DIVIDE_component|auto_generated|divider|divider|op_4~2  from: datab  to: cout
    Info (332098): Cell: divide3|LPM_DIVIDE_component|auto_generated|divider|divider|op_4~4  from: cin  to: combout
    Info (332098): Cell: divide3|LPM_DIVIDE_component|auto_generated|divider|divider|op_4~4  from: datab  to: combout
    Info (332098): Cell: divide3|LPM_DIVIDE_component|auto_generated|divider|divider|op_4~6  from: cin  to: combout
    Info (332098): Cell: divide3|LPM_DIVIDE_component|auto_generated|divider|divider|op_4~6  from: dataa  to: combout
    Info (332098): Cell: divide3|LPM_DIVIDE_component|auto_generated|divider|divider|op_4~8  from: cin  to: combout
    Info (332098): Cell: divide3|LPM_DIVIDE_component|auto_generated|divider|divider|op_4~8  from: datab  to: combout
    Info (332098): Cell: divide3|LPM_DIVIDE_component|auto_generated|divider|divider|op_5~10  from: cin  to: combout
    Info (332098): Cell: divide3|LPM_DIVIDE_component|auto_generated|divider|divider|op_5~10  from: dataa  to: combout
    Info (332098): Cell: divide3|LPM_DIVIDE_component|auto_generated|divider|divider|op_5~12  from: cin  to: combout
    Info (332098): Cell: divide3|LPM_DIVIDE_component|auto_generated|divider|divider|op_5~12  from: datab  to: combout
    Info (332098): Cell: divide3|LPM_DIVIDE_component|auto_generated|divider|divider|op_5~14  from: cin  to: combout
    Info (332098): Cell: divide3|LPM_DIVIDE_component|auto_generated|divider|divider|op_5~14  from: datab  to: combout
    Info (332098): Cell: divide3|LPM_DIVIDE_component|auto_generated|divider|divider|op_5~16  from: cin  to: combout
    Info (332098): Cell: divide3|LPM_DIVIDE_component|auto_generated|divider|divider|op_5~16  from: dataa  to: combout
    Info (332098): Cell: divide3|LPM_DIVIDE_component|auto_generated|divider|divider|op_5~18  from: cin  to: combout
    Info (332098): Cell: divide3|LPM_DIVIDE_component|auto_generated|divider|divider|op_5~18  from: datab  to: combout
    Info (332098): Cell: divide3|LPM_DIVIDE_component|auto_generated|divider|divider|op_5~1  from: dataa  to: cout
    Info (332098): Cell: divide3|LPM_DIVIDE_component|auto_generated|divider|divider|op_5~1  from: datab  to: cout
    Info (332098): Cell: divide3|LPM_DIVIDE_component|auto_generated|divider|divider|op_5~20  from: cin  to: combout
    Info (332098): Cell: divide3|LPM_DIVIDE_component|auto_generated|divider|divider|op_5~20  from: datab  to: combout
    Info (332098): Cell: divide3|LPM_DIVIDE_component|auto_generated|divider|divider|op_5~22  from: cin  to: combout
    Info (332098): Cell: divide3|LPM_DIVIDE_component|auto_generated|divider|divider|op_5~22  from: dataa  to: combout
    Info (332098): Cell: divide3|LPM_DIVIDE_component|auto_generated|divider|divider|op_5~24  from: cin  to: combout
    Info (332098): Cell: divide3|LPM_DIVIDE_component|auto_generated|divider|divider|op_5~24  from: datab  to: combout
    Info (332098): Cell: divide3|LPM_DIVIDE_component|auto_generated|divider|divider|op_5~26  from: cin  to: combout
    Info (332098): Cell: divide3|LPM_DIVIDE_component|auto_generated|divider|divider|op_5~26  from: datab  to: combout
    Info (332098): Cell: divide3|LPM_DIVIDE_component|auto_generated|divider|divider|op_5~2  from: cin  to: combout
    Info (332098): Cell: divide3|LPM_DIVIDE_component|auto_generated|divider|divider|op_5~2  from: dataa  to: cout
    Info (332098): Cell: divide3|LPM_DIVIDE_component|auto_generated|divider|divider|op_5~2  from: datab  to: cout
    Info (332098): Cell: divide3|LPM_DIVIDE_component|auto_generated|divider|divider|op_5~4  from: cin  to: combout
    Info (332098): Cell: divide3|LPM_DIVIDE_component|auto_generated|divider|divider|op_5~4  from: dataa  to: combout
    Info (332098): Cell: divide3|LPM_DIVIDE_component|auto_generated|divider|divider|op_5~6  from: cin  to: combout
    Info (332098): Cell: divide3|LPM_DIVIDE_component|auto_generated|divider|divider|op_5~6  from: datab  to: combout
    Info (332098): Cell: divide3|LPM_DIVIDE_component|auto_generated|divider|divider|op_5~8  from: cin  to: combout
    Info (332098): Cell: divide3|LPM_DIVIDE_component|auto_generated|divider|divider|op_5~8  from: dataa  to: combout
    Info (332098): Cell: divide3|LPM_DIVIDE_component|auto_generated|divider|divider|op_6~2  from: cin  to: combout
    Info (332098): Cell: divide3|LPM_DIVIDE_component|auto_generated|divider|divider|op_6~2  from: dataa  to: cout
    Info (332098): Cell: divide3|LPM_DIVIDE_component|auto_generated|divider|divider|op_6~2  from: datab  to: cout
    Info (332098): Cell: divide3|LPM_DIVIDE_component|auto_generated|divider|divider|op_6~4  from: cin  to: combout
    Info (332098): Cell: divide3|LPM_DIVIDE_component|auto_generated|divider|divider|op_6~4  from: datab  to: combout
    Info (332098): Cell: divide3|LPM_DIVIDE_component|auto_generated|divider|divider|op_9~0  from: dataa  to: combout
    Info (332098): Cell: divide3|LPM_DIVIDE_component|auto_generated|divider|divider|op_9~0  from: datab  to: combout
    Info (332098): Cell: divide3|LPM_DIVIDE_component|auto_generated|divider|divider|op_9~0  from: datad  to: combout
    Info (332098): Cell: testproc|Mux0~0  from: dataa  to: combout
    Info (332098): Cell: testproc|Mux0~0  from: datac  to: combout
    Info (332098): Cell: testproc|Mux17~1  from: datac  to: combout
    Info (332098): Cell: testproc|Mux22~1  from: datab  to: combout
    Info (332098): Cell: testproc|Mux22~2  from: dataa  to: combout
    Info (332098): Cell: testproc|Mux22~4  from: dataa  to: combout
    Info (332098): Cell: testproc|Mux22~4  from: datac  to: combout
    Info (332098): Cell: testproc|Mux22~4  from: datad  to: combout
    Info (332098): Cell: testproc|Mux23~0  from: datad  to: combout
    Info (332098): Cell: testproc|Mux24~3  from: dataa  to: combout
    Info (332098): Cell: testproc|Selector0~1  from: datac  to: combout
    Info (332098): Cell: testproc|rIR_in~0  from: datab  to: combout
Info (332143): No user constrained clock uncertainty found in the design. Calling "derive_clock_uncertainty"
Info (332123): Deriving Clock Uncertainty. Please refer to report_sdc in the Timing Analyzer to see clock uncertainties.
Info: Found TIMING_ANALYZER_REPORT_SCRIPT_INCLUDE_DEFAULT_ANALYSIS = ON
Info: Analyzing Slow 1200mV 85C Model
Info: Can't run Report Timing Closure Recommendations. The current device family is not supported.
Critical Warning (332148): Timing requirements not met
Info (332146): Worst-case setup slack is -99.540
    Info (332119):     Slack       End Point TNS Clock 
    Info (332119): ========= =================== =====================
    Info (332119):   -99.540           -1022.624 extended_proc:testproc|register_n:reg_H|Q[15] 
    Info (332119):   -99.161            -944.512 extended_proc:testproc|register_n:reg_H|Q[0] 
    Info (332119):   -13.673            -212.371 extended_proc:testproc|alu_op[0] 
    Info (332119):   -11.883            -163.910 extended_proc:testproc|bus_control[1] 
    Info (332119):    -6.879            -133.953 extended_proc:testproc|tick_FSM:tick_counter|tick[1] 
    Info (332119):    -6.063            -106.780 extended_proc:testproc|tick_FSM:tick_counter|tick[0] 
    Info (332119):    -4.177            -747.796 KEY[0] 
Info (332146): Worst-case hold slack is -102.058
    Info (332119):     Slack       End Point TNS Clock 
    Info (332119): ========= =================== =====================
    Info (332119):  -102.058            -790.860 extended_proc:testproc|register_n:reg_H|Q[0] 
    Info (332119):  -100.650            -773.604 extended_proc:testproc|register_n:reg_H|Q[15] 
    Info (332119):    -2.381              -2.796 extended_proc:testproc|alu_op[0] 
    Info (332119):    -2.183              -4.240 extended_proc:testproc|tick_FSM:tick_counter|tick[1] 
    Info (332119):    -1.919              -5.967 extended_proc:testproc|tick_FSM:tick_counter|tick[0] 
    Info (332119):    -0.919              -2.401 KEY[0] 
    Info (332119):     0.128               0.000 extended_proc:testproc|bus_control[1] 
Info (332140): No Recovery paths to report
Info (332140): No Removal paths to report
Info (332146): Worst-case minimum pulse width slack is -97.131
    Info (332119):     Slack       End Point TNS Clock 
    Info (332119): ========= =================== =====================
    Info (332119):   -97.131         -421482.733 extended_proc:testproc|register_n:reg_H|Q[0] 
    Info (332119):   -96.422         -421559.003 extended_proc:testproc|register_n:reg_H|Q[15] 
    Info (332119):    -3.166            -369.479 KEY[0] 
    Info (332119):    -0.780             -18.249 extended_proc:testproc|tick_FSM:tick_counter|tick[1] 
    Info (332119):    -0.066              -0.451 extended_proc:testproc|tick_FSM:tick_counter|tick[0] 
    Info (332119):     0.387               0.000 extended_proc:testproc|bus_control[1] 
    Info (332119):     0.441               0.000 extended_proc:testproc|alu_op[0] 
Info: Analyzing Slow 1200mV 0C Model
Info (334003): Started post-fitting delay annotation
Info (334004): Delay annotation completed successfully
Info (332097): The following timing edges are non-unate.  The Timing Analyzer will assume pos-unate behavior for these edges in the clock network.
    Info (332098): Cell: Add0~10  from: cin  to: combout
    Info (332098): Cell: Add0~12  from: cin  to: combout
    Info (332098): Cell: Add0~14  from: cin  to: combout
    Info (332098): Cell: Add0~16  from: cin  to: combout
    Info (332098): Cell: Add0~18  from: cin  to: combout
    Info (332098): Cell: Add0~20  from: cin  to: combout
    Info (332098): Cell: Add0~22  from: cin  to: combout
    Info (332098): Cell: Add0~24  from: cin  to: combout
    Info (332098): Cell: Add0~26  from: cin  to: combout
    Info (332098): Cell: Add0~28  from: cin  to: combout
    Info (332098): Cell: Add0~2  from: cin  to: combout
    Info (332098): Cell: Add0~30  from: cin  to: combout
    Info (332098): Cell: Add0~30  from: dataa  to: combout
    Info (332098): Cell: Add0~33  from: datac  to: combout
    Info (332098): Cell: Add0~34  from: datac  to: combout
    Info (332098): Cell: Add0~35  from: datac  to: combout
    Info (332098): Cell: Add0~36  from: datab  to: combout
    Info (332098): Cell: Add0~37  from: datab  to: combout
    Info (332098): Cell: Add0~38  from: datab  to: combout
    Info (332098): Cell: Add0~39  from: datad  to: combout
    Info (332098): Cell: Add0~40  from: datac  to: combout
    Info (332098): Cell: Add0~41  from: datac  to: combout
    Info (332098): Cell: Add0~42  from: datad  to: combout
    Info (332098): Cell: Add0~43  from: dataa  to: combout
    Info (332098): Cell: Add0~44  from: datad  to: combout
    Info (332098): Cell: Add0~45  from: datad  to: combout
    Info (332098): Cell: Add0~46  from: datab  to: combout
    Info (332098): Cell: Add0~4  from: cin  to: combout
    Info (332098): Cell: Add0~6  from: cin  to: combout
    Info (332098): Cell: Add0~8  from: cin  to: combout
    Info (332098): Cell: divide0|LPM_DIVIDE_component|auto_generated|divider|divider|StageOut[213]~11  from: datad  to: combout
    Info (332098): Cell: divide0|LPM_DIVIDE_component|auto_generated|divider|divider|StageOut[214]~10  from: datad  to: combout
    Info (332098): Cell: divide0|LPM_DIVIDE_component|auto_generated|divider|divider|StageOut[215]~9  from: datac  to: combout
    Info (332098): Cell: divide0|LPM_DIVIDE_component|auto_generated|divider|divider|StageOut[216]~8  from: datac  to: combout
    Info (332098): Cell: divide0|LPM_DIVIDE_component|auto_generated|divider|divider|StageOut[217]~7  from: datac  to: combout
    Info (332098): Cell: divide0|LPM_DIVIDE_component|auto_generated|divider|divider|StageOut[218]~6  from: datab  to: combout
    Info (332098): Cell: divide0|LPM_DIVIDE_component|auto_generated|divider|divider|StageOut[219]~5  from: datac  to: combout
    Info (332098): Cell: divide0|LPM_DIVIDE_component|auto_generated|divider|divider|StageOut[220]~4  from: datac  to: combout
    Info (332098): Cell: divide0|LPM_DIVIDE_component|auto_generated|divider|divider|StageOut[221]~33  from: datac  to: combout
    Info (332098): Cell: divide0|LPM_DIVIDE_component|auto_generated|divider|divider|StageOut[229]~21  from: datab  to: combout
    Info (332098): Cell: divide0|LPM_DIVIDE_component|auto_generated|divider|divider|StageOut[229]~21  from: datac  to: combout
    Info (332098): Cell: divide0|LPM_DIVIDE_component|auto_generated|divider|divider|StageOut[229]~21  from: datad  to: combout
    Info (332098): Cell: divide0|LPM_DIVIDE_component|auto_generated|divider|divider|StageOut[230]~20  from: datad  to: combout
    Info (332098): Cell: divide0|LPM_DIVIDE_component|auto_generated|divider|divider|StageOut[231]~19  from: datac  to: combout
    Info (332098): Cell: divide0|LPM_DIVIDE_component|auto_generated|divider|divider|StageOut[232]~18  from: datad  to: combout
    Info (332098): Cell: divide0|LPM_DIVIDE_component|auto_generated|divider|divider|StageOut[233]~17  from: datad  to: combout
    Info (332098): Cell: divide0|LPM_DIVIDE_component|auto_generated|divider|divider|StageOut[234]~16  from: datad  to: combout
    Info (332098): Cell: divide0|LPM_DIVIDE_component|auto_generated|divider|divider|StageOut[235]~15  from: datad  to: combout
    Info (332098): Cell: divide0|LPM_DIVIDE_component|auto_generated|divider|divider|StageOut[236]~14  from: datac  to: combout
    Info (332098): Cell: divide0|LPM_DIVIDE_component|auto_generated|divider|divider|StageOut[237]~13  from: datac  to: combout
    Info (332098): Cell: divide0|LPM_DIVIDE_component|auto_generated|divider|divider|StageOut[238]~12  from: datad  to: combout
    Info (332098): Cell: divide0|LPM_DIVIDE_component|auto_generated|divider|divider|StageOut[244]~34  from: dataa  to: combout
    Info (332098): Cell: divide0|LPM_DIVIDE_component|auto_generated|divider|divider|StageOut[244]~34  from: datac  to: combout
    Info (332098): Cell: divide0|LPM_DIVIDE_component|auto_generated|divider|divider|StageOut[244]~34  from: datad  to: combout
    Info (332098): Cell: divide0|LPM_DIVIDE_component|auto_generated|divider|divider|StageOut[245]~32  from: datab  to: combout
    Info (332098): Cell: divide0|LPM_DIVIDE_component|auto_generated|divider|divider|StageOut[245]~32  from: datac  to: combout
    Info (332098): Cell: divide0|LPM_DIVIDE_component|auto_generated|divider|divider|StageOut[245]~32  from: datad  to: combout
    Info (332098): Cell: divide0|LPM_DIVIDE_component|auto_generated|divider|divider|StageOut[246]~31  from: datad  to: combout
    Info (332098): Cell: divide0|LPM_DIVIDE_component|auto_generated|divider|divider|StageOut[247]~30  from: datad  to: combout
    Info (332098): Cell: divide0|LPM_DIVIDE_component|auto_generated|divider|divider|StageOut[248]~29  from: datad  to: combout
    Info (332098): Cell: divide0|LPM_DIVIDE_component|auto_generated|divider|divider|StageOut[249]~28  from: datac  to: combout
    Info (332098): Cell: divide0|LPM_DIVIDE_component|auto_generated|divider|divider|StageOut[250]~27  from: datad  to: combout
    Info (332098): Cell: divide0|LPM_DIVIDE_component|auto_generated|divider|divider|StageOut[251]~26  from: datad  to: combout
    Info (332098): Cell: divide0|LPM_DIVIDE_component|auto_generated|divider|divider|StageOut[252]~25  from: datad  to: combout
    Info (332098): Cell: divide0|LPM_DIVIDE_component|auto_generated|divider|divider|StageOut[253]~24  from: datad  to: combout
    Info (332098): Cell: divide0|LPM_DIVIDE_component|auto_generated|divider|divider|StageOut[254]~23  from: datad  to: combout
    Info (332098): Cell: divide0|LPM_DIVIDE_component|auto_generated|divider|divider|StageOut[255]~22  from: datac  to: combout
    Info (332098): Cell: divide0|LPM_DIVIDE_component|auto_generated|divider|divider|op_4~10  from: cin  to: combout
    Info (332098): Cell: divide0|LPM_DIVIDE_component|auto_generated|divider|divider|op_4~10  from: dataa  to: combout
    Info (332098): Cell: divide0|LPM_DIVIDE_component|auto_generated|divider|divider|op_4~12  from: cin  to: combout
    Info (332098): Cell: divide0|LPM_DIVIDE_component|auto_generated|divider|divider|op_4~12  from: dataa  to: combout
    Info (332098): Cell: divide0|LPM_DIVIDE_component|auto_generated|divider|divider|op_4~14  from: cin  to: combout
    Info (332098): Cell: divide0|LPM_DIVIDE_component|auto_generated|divider|divider|op_4~14  from: dataa  to: combout
    Info (332098): Cell: divide0|LPM_DIVIDE_component|auto_generated|divider|divider|op_4~16  from: cin  to: combout
    Info (332098): Cell: divide0|LPM_DIVIDE_component|auto_generated|divider|divider|op_4~16  from: datab  to: combout
    Info (332098): Cell: divide0|LPM_DIVIDE_component|auto_generated|divider|divider|op_4~18  from: cin  to: combout
    Info (332098): Cell: divide0|LPM_DIVIDE_component|auto_generated|divider|divider|op_4~18  from: datab  to: combout
    Info (332098): Cell: divide0|LPM_DIVIDE_component|auto_generated|divider|divider|op_4~2  from: cin  to: combout
    Info (332098): Cell: divide0|LPM_DIVIDE_component|auto_generated|divider|divider|op_4~2  from: dataa  to: combout
    Info (332098): Cell: divide0|LPM_DIVIDE_component|auto_generated|divider|divider|op_4~4  from: cin  to: combout
    Info (332098): Cell: divide0|LPM_DIVIDE_component|auto_generated|divider|divider|op_4~4  from: dataa  to: combout
    Info (332098): Cell: divide0|LPM_DIVIDE_component|auto_generated|divider|divider|op_4~6  from: cin  to: combout
    Info (332098): Cell: divide0|LPM_DIVIDE_component|auto_generated|divider|divider|op_4~6  from: dataa  to: combout
    Info (332098): Cell: divide0|LPM_DIVIDE_component|auto_generated|divider|divider|op_4~8  from: cin  to: combout
    Info (332098): Cell: divide0|LPM_DIVIDE_component|auto_generated|divider|divider|op_4~8  from: dataa  to: combout
    Info (332098): Cell: divide0|LPM_DIVIDE_component|auto_generated|divider|divider|op_5~10  from: cin  to: combout
    Info (332098): Cell: divide0|LPM_DIVIDE_component|auto_generated|divider|divider|op_5~10  from: dataa  to: combout
    Info (332098): Cell: divide0|LPM_DIVIDE_component|auto_generated|divider|divider|op_5~12  from: cin  to: combout
    Info (332098): Cell: divide0|LPM_DIVIDE_component|auto_generated|divider|divider|op_5~12  from: datab  to: combout
    Info (332098): Cell: divide0|LPM_DIVIDE_component|auto_generated|divider|divider|op_5~14  from: cin  to: combout
    Info (332098): Cell: divide0|LPM_DIVIDE_component|auto_generated|divider|divider|op_5~14  from: dataa  to: combout
    Info (332098): Cell: divide0|LPM_DIVIDE_component|auto_generated|divider|divider|op_5~16  from: cin  to: combout
    Info (332098): Cell: divide0|LPM_DIVIDE_component|auto_generated|divider|divider|op_5~16  from: dataa  to: combout
    Info (332098): Cell: divide0|LPM_DIVIDE_component|auto_generated|divider|divider|op_5~18  from: cin  to: combout
    Info (332098): Cell: divide0|LPM_DIVIDE_component|auto_generated|divider|divider|op_5~18  from: datab  to: combout
    Info (332098): Cell: divide0|LPM_DIVIDE_component|auto_generated|divider|divider|op_5~20  from: cin  to: combout
    Info (332098): Cell: divide0|LPM_DIVIDE_component|auto_generated|divider|divider|op_5~20  from: datab  to: combout
    Info (332098): Cell: divide0|LPM_DIVIDE_component|auto_generated|divider|divider|op_5~2  from: cin  to: combout
    Info (332098): Cell: divide0|LPM_DIVIDE_component|auto_generated|divider|divider|op_5~2  from: dataa  to: cout
    Info (332098): Cell: divide0|LPM_DIVIDE_component|auto_generated|divider|divider|op_5~2  from: datab  to: cout
    Info (332098): Cell: divide0|LPM_DIVIDE_component|auto_generated|divider|divider|op_5~4  from: cin  to: combout
    Info (332098): Cell: divide0|LPM_DIVIDE_component|auto_generated|divider|divider|op_5~4  from: datab  to: combout
    Info (332098): Cell: divide0|LPM_DIVIDE_component|auto_generated|divider|divider|op_5~6  from: cin  to: combout
    Info (332098): Cell: divide0|LPM_DIVIDE_component|auto_generated|divider|divider|op_5~6  from: dataa  to: combout
    Info (332098): Cell: divide0|LPM_DIVIDE_component|auto_generated|divider|divider|op_5~8  from: cin  to: combout
    Info (332098): Cell: divide0|LPM_DIVIDE_component|auto_generated|divider|divider|op_5~8  from: dataa  to: combout
    Info (332098): Cell: divide0|LPM_DIVIDE_component|auto_generated|divider|divider|op_6~10  from: cin  to: combout
    Info (332098): Cell: divide0|LPM_DIVIDE_component|auto_generated|divider|divider|op_6~10  from: datab  to: combout
    Info (332098): Cell: divide0|LPM_DIVIDE_component|auto_generated|divider|divider|op_6~12  from: cin  to: combout
    Info (332098): Cell: divide0|LPM_DIVIDE_component|auto_generated|divider|divider|op_6~12  from: datab  to: combout
    Info (332098): Cell: divide0|LPM_DIVIDE_component|auto_generated|divider|divider|op_6~14  from: cin  to: combout
    Info (332098): Cell: divide0|LPM_DIVIDE_component|auto_generated|divider|divider|op_6~14  from: dataa  to: combout
    Info (332098): Cell: divide0|LPM_DIVIDE_component|auto_generated|divider|divider|op_6~16  from: cin  to: combout
    Info (332098): Cell: divide0|LPM_DIVIDE_component|auto_generated|divider|divider|op_6~16  from: dataa  to: combout
    Info (332098): Cell: divide0|LPM_DIVIDE_component|auto_generated|divider|divider|op_6~18  from: cin  to: combout
    Info (332098): Cell: divide0|LPM_DIVIDE_component|auto_generated|divider|divider|op_6~18  from: datab  to: combout
    Info (332098): Cell: divide0|LPM_DIVIDE_component|auto_generated|divider|divider|op_6~20  from: cin  to: combout
    Info (332098): Cell: divide0|LPM_DIVIDE_component|auto_generated|divider|divider|op_6~20  from: datab  to: combout
    Info (332098): Cell: divide0|LPM_DIVIDE_component|auto_generated|divider|divider|op_6~22  from: cin  to: combout
    Info (332098): Cell: divide0|LPM_DIVIDE_component|auto_generated|divider|divider|op_6~22  from: dataa  to: combout
    Info (332098): Cell: divide0|LPM_DIVIDE_component|auto_generated|divider|divider|op_6~2  from: cin  to: combout
    Info (332098): Cell: divide0|LPM_DIVIDE_component|auto_generated|divider|divider|op_6~2  from: dataa  to: cout
    Info (332098): Cell: divide0|LPM_DIVIDE_component|auto_generated|divider|divider|op_6~2  from: datab  to: cout
    Info (332098): Cell: divide0|LPM_DIVIDE_component|auto_generated|divider|divider|op_6~4  from: cin  to: combout
    Info (332098): Cell: divide0|LPM_DIVIDE_component|auto_generated|divider|divider|op_6~4  from: datab  to: combout
    Info (332098): Cell: divide0|LPM_DIVIDE_component|auto_generated|divider|divider|op_6~6  from: cin  to: combout
    Info (332098): Cell: divide0|LPM_DIVIDE_component|auto_generated|divider|divider|op_6~6  from: dataa  to: combout
    Info (332098): Cell: divide0|LPM_DIVIDE_component|auto_generated|divider|divider|op_6~8  from: cin  to: combout
    Info (332098): Cell: divide0|LPM_DIVIDE_component|auto_generated|divider|divider|op_6~8  from: dataa  to: combout
    Info (332098): Cell: divide1|LPM_DIVIDE_component|auto_generated|divider|divider|StageOut[148]~7  from: datac  to: combout
    Info (332098): Cell: divide1|LPM_DIVIDE_component|auto_generated|divider|divider|StageOut[149]~6  from: datac  to: combout
    Info (332098): Cell: divide1|LPM_DIVIDE_component|auto_generated|divider|divider|StageOut[150]~5  from: datac  to: combout
    Info (332098): Cell: divide1|LPM_DIVIDE_component|auto_generated|divider|divider|StageOut[151]~4  from: datac  to: combout
    Info (332098): Cell: divide1|LPM_DIVIDE_component|auto_generated|divider|divider|StageOut[152]~3  from: dataa  to: combout
    Info (332098): Cell: divide1|LPM_DIVIDE_component|auto_generated|divider|divider|StageOut[153]~2  from: datac  to: combout
    Info (332098): Cell: divide1|LPM_DIVIDE_component|auto_generated|divider|divider|StageOut[164]~14  from: dataa  to: combout
    Info (332098): Cell: divide1|LPM_DIVIDE_component|auto_generated|divider|divider|StageOut[164]~14  from: datab  to: combout
    Info (332098): Cell: divide1|LPM_DIVIDE_component|auto_generated|divider|divider|StageOut[164]~14  from: datad  to: combout
    Info (332098): Cell: divide1|LPM_DIVIDE_component|auto_generated|divider|divider|StageOut[165]~13  from: datad  to: combout
    Info (332098): Cell: divide1|LPM_DIVIDE_component|auto_generated|divider|divider|StageOut[166]~12  from: datad  to: combout
    Info (332098): Cell: divide1|LPM_DIVIDE_component|auto_generated|divider|divider|StageOut[167]~11  from: datad  to: combout
    Info (332098): Cell: divide1|LPM_DIVIDE_component|auto_generated|divider|divider|StageOut[168]~10  from: datad  to: combout
    Info (332098): Cell: divide1|LPM_DIVIDE_component|auto_generated|divider|divider|StageOut[169]~9  from: datad  to: combout
    Info (332098): Cell: divide1|LPM_DIVIDE_component|auto_generated|divider|divider|StageOut[170]~8  from: datad  to: combout
    Info (332098): Cell: divide1|LPM_DIVIDE_component|auto_generated|divider|divider|StageOut[180]~22  from: dataa  to: combout
    Info (332098): Cell: divide1|LPM_DIVIDE_component|auto_generated|divider|divider|StageOut[180]~22  from: datab  to: combout
    Info (332098): Cell: divide1|LPM_DIVIDE_component|auto_generated|divider|divider|StageOut[180]~22  from: datad  to: combout
    Info (332098): Cell: divide1|LPM_DIVIDE_component|auto_generated|divider|divider|StageOut[181]~21  from: datad  to: combout
    Info (332098): Cell: divide1|LPM_DIVIDE_component|auto_generated|divider|divider|StageOut[182]~20  from: datad  to: combout
    Info (332098): Cell: divide1|LPM_DIVIDE_component|auto_generated|divider|divider|StageOut[183]~19  from: dataa  to: combout
    Info (332098): Cell: divide1|LPM_DIVIDE_component|auto_generated|divider|divider|StageOut[184]~18  from: datad  to: combout
    Info (332098): Cell: divide1|LPM_DIVIDE_component|auto_generated|divider|divider|StageOut[185]~17  from: dataa  to: combout
    Info (332098): Cell: divide1|LPM_DIVIDE_component|auto_generated|divider|divider|StageOut[186]~16  from: dataa  to: combout
    Info (332098): Cell: divide1|LPM_DIVIDE_component|auto_generated|divider|divider|StageOut[187]~15  from: datad  to: combout
    Info (332098): Cell: divide1|LPM_DIVIDE_component|auto_generated|divider|divider|StageOut[196]~31  from: dataa  to: combout
    Info (332098): Cell: divide1|LPM_DIVIDE_component|auto_generated|divider|divider|StageOut[196]~31  from: datac  to: combout
    Info (332098): Cell: divide1|LPM_DIVIDE_component|auto_generated|divider|divider|StageOut[196]~31  from: datad  to: combout
    Info (332098): Cell: divide1|LPM_DIVIDE_component|auto_generated|divider|divider|StageOut[197]~30  from: datad  to: combout
    Info (332098): Cell: divide1|LPM_DIVIDE_component|auto_generated|divider|divider|StageOut[198]~29  from: datac  to: combout
    Info (332098): Cell: divide1|LPM_DIVIDE_component|auto_generated|divider|divider|StageOut[199]~28  from: dataa  to: combout
    Info (332098): Cell: divide1|LPM_DIVIDE_component|auto_generated|divider|divider|StageOut[200]~27  from: datad  to: combout
    Info (332098): Cell: divide1|LPM_DIVIDE_component|auto_generated|divider|divider|StageOut[201]~26  from: datac  to: combout
    Info (332098): Cell: divide1|LPM_DIVIDE_component|auto_generated|divider|divider|StageOut[202]~25  from: datab  to: combout
    Info (332098): Cell: divide1|LPM_DIVIDE_component|auto_generated|divider|divider|StageOut[203]~24  from: datab  to: combout
    Info (332098): Cell: divide1|LPM_DIVIDE_component|auto_generated|divider|divider|StageOut[204]~23  from: datac  to: combout
    Info (332098): Cell: divide1|LPM_DIVIDE_component|auto_generated|divider|divider|StageOut[212]~41  from: dataa  to: combout
    Info (332098): Cell: divide1|LPM_DIVIDE_component|auto_generated|divider|divider|StageOut[212]~41  from: datab  to: combout
    Info (332098): Cell: divide1|LPM_DIVIDE_component|auto_generated|divider|divider|StageOut[212]~41  from: datac  to: combout
    Info (332098): Cell: divide1|LPM_DIVIDE_component|auto_generated|divider|divider|StageOut[213]~40  from: datac  to: combout
    Info (332098): Cell: divide1|LPM_DIVIDE_component|auto_generated|divider|divider|StageOut[214]~39  from: datad  to: combout
    Info (332098): Cell: divide1|LPM_DIVIDE_component|auto_generated|divider|divider|StageOut[215]~38  from: datac  to: combout
    Info (332098): Cell: divide1|LPM_DIVIDE_component|auto_generated|divider|divider|StageOut[216]~37  from: datac  to: combout
    Info (332098): Cell: divide1|LPM_DIVIDE_component|auto_generated|divider|divider|StageOut[217]~36  from: datad  to: combout
    Info (332098): Cell: divide1|LPM_DIVIDE_component|auto_generated|divider|divider|StageOut[218]~35  from: datad  to: combout
    Info (332098): Cell: divide1|LPM_DIVIDE_component|auto_generated|divider|divider|StageOut[219]~34  from: dataa  to: combout
    Info (332098): Cell: divide1|LPM_DIVIDE_component|auto_generated|divider|divider|StageOut[220]~33  from: datab  to: combout
    Info (332098): Cell: divide1|LPM_DIVIDE_component|auto_generated|divider|divider|StageOut[221]~32  from: datad  to: combout
    Info (332098): Cell: divide1|LPM_DIVIDE_component|auto_generated|divider|divider|StageOut[228]~52  from: dataa  to: combout
    Info (332098): Cell: divide1|LPM_DIVIDE_component|auto_generated|divider|divider|StageOut[228]~52  from: datac  to: combout
    Info (332098): Cell: divide1|LPM_DIVIDE_component|auto_generated|divider|divider|StageOut[228]~52  from: datad  to: combout
    Info (332098): Cell: divide1|LPM_DIVIDE_component|auto_generated|divider|divider|StageOut[229]~51  from: datac  to: combout
    Info (332098): Cell: divide1|LPM_DIVIDE_component|auto_generated|divider|divider|StageOut[230]~50  from: datad  to: combout
    Info (332098): Cell: divide1|LPM_DIVIDE_component|auto_generated|divider|divider|StageOut[231]~49  from: datad  to: combout
    Info (332098): Cell: divide1|LPM_DIVIDE_component|auto_generated|divider|divider|StageOut[232]~48  from: datac  to: combout
    Info (332098): Cell: divide1|LPM_DIVIDE_component|auto_generated|divider|divider|StageOut[233]~47  from: datac  to: combout
    Info (332098): Cell: divide1|LPM_DIVIDE_component|auto_generated|divider|divider|StageOut[234]~46  from: datad  to: combout
    Info (332098): Cell: divide1|LPM_DIVIDE_component|auto_generated|divider|divider|StageOut[235]~45  from: datad  to: combout
    Info (332098): Cell: divide1|LPM_DIVIDE_component|auto_generated|divider|divider|StageOut[236]~44  from: datad  to: combout
    Info (332098): Cell: divide1|LPM_DIVIDE_component|auto_generated|divider|divider|StageOut[237]~43  from: datac  to: combout
    Info (332098): Cell: divide1|LPM_DIVIDE_component|auto_generated|divider|divider|StageOut[238]~42  from: datad  to: combout
    Info (332098): Cell: divide1|LPM_DIVIDE_component|auto_generated|divider|divider|StageOut[243]~65  from: dataa  to: combout
    Info (332098): Cell: divide1|LPM_DIVIDE_component|auto_generated|divider|divider|StageOut[243]~65  from: datac  to: combout
    Info (332098): Cell: divide1|LPM_DIVIDE_component|auto_generated|divider|divider|StageOut[243]~65  from: datad  to: combout
    Info (332098): Cell: divide1|LPM_DIVIDE_component|auto_generated|divider|divider|StageOut[244]~64  from: dataa  to: combout
    Info (332098): Cell: divide1|LPM_DIVIDE_component|auto_generated|divider|divider|StageOut[244]~64  from: datab  to: combout
    Info (332098): Cell: divide1|LPM_DIVIDE_component|auto_generated|divider|divider|StageOut[244]~64  from: datac  to: combout
    Info (332098): Cell: divide1|LPM_DIVIDE_component|auto_generated|divider|divider|StageOut[245]~63  from: datad  to: combout
    Info (332098): Cell: divide1|LPM_DIVIDE_component|auto_generated|divider|divider|StageOut[246]~62  from: datad  to: combout
    Info (332098): Cell: divide1|LPM_DIVIDE_component|auto_generated|divider|divider|StageOut[247]~61  from: dataa  to: combout
    Info (332098): Cell: divide1|LPM_DIVIDE_component|auto_generated|divider|divider|StageOut[248]~60  from: dataa  to: combout
    Info (332098): Cell: divide1|LPM_DIVIDE_component|auto_generated|divider|divider|StageOut[249]~59  from: datac  to: combout
    Info (332098): Cell: divide1|LPM_DIVIDE_component|auto_generated|divider|divider|StageOut[250]~58  from: datac  to: combout
    Info (332098): Cell: divide1|LPM_DIVIDE_component|auto_generated|divider|divider|StageOut[251]~57  from: datac  to: combout
    Info (332098): Cell: divide1|LPM_DIVIDE_component|auto_generated|divider|divider|StageOut[252]~56  from: datad  to: combout
    Info (332098): Cell: divide1|LPM_DIVIDE_component|auto_generated|divider|divider|StageOut[253]~55  from: datad  to: combout
    Info (332098): Cell: divide1|LPM_DIVIDE_component|auto_generated|divider|divider|StageOut[254]~54  from: datad  to: combout
    Info (332098): Cell: divide1|LPM_DIVIDE_component|auto_generated|divider|divider|StageOut[255]~53  from: datac  to: combout
    Info (332098): Cell: divide1|LPM_DIVIDE_component|auto_generated|divider|divider|op_14~10  from: cin  to: combout
    Info (332098): Cell: divide1|LPM_DIVIDE_component|auto_generated|divider|divider|op_14~10  from: datab  to: combout
    Info (332098): Cell: divide1|LPM_DIVIDE_component|auto_generated|divider|divider|op_14~12  from: cin  to: combout
    Info (332098): Cell: divide1|LPM_DIVIDE_component|auto_generated|divider|divider|op_14~12  from: dataa  to: combout
    Info (332098): Cell: divide1|LPM_DIVIDE_component|auto_generated|divider|divider|op_14~2  from: cin  to: combout
    Info (332098): Cell: divide1|LPM_DIVIDE_component|auto_generated|divider|divider|op_14~2  from: datab  to: combout
    Info (332098): Cell: divide1|LPM_DIVIDE_component|auto_generated|divider|divider|op_14~4  from: cin  to: combout
    Info (332098): Cell: divide1|LPM_DIVIDE_component|auto_generated|divider|divider|op_14~4  from: dataa  to: combout
    Info (332098): Cell: divide1|LPM_DIVIDE_component|auto_generated|divider|divider|op_14~6  from: cin  to: combout
    Info (332098): Cell: divide1|LPM_DIVIDE_component|auto_generated|divider|divider|op_14~6  from: datab  to: combout
    Info (332098): Cell: divide1|LPM_DIVIDE_component|auto_generated|divider|divider|op_14~8  from: cin  to: combout
    Info (332098): Cell: divide1|LPM_DIVIDE_component|auto_generated|divider|divider|op_14~8  from: datab  to: combout
    Info (332098): Cell: divide1|LPM_DIVIDE_component|auto_generated|divider|divider|op_1~10  from: cin  to: combout
    Info (332098): Cell: divide1|LPM_DIVIDE_component|auto_generated|divider|divider|op_1~10  from: dataa  to: combout
    Info (332098): Cell: divide1|LPM_DIVIDE_component|auto_generated|divider|divider|op_1~12  from: cin  to: combout
    Info (332098): Cell: divide1|LPM_DIVIDE_component|auto_generated|divider|divider|op_1~12  from: dataa  to: combout
    Info (332098): Cell: divide1|LPM_DIVIDE_component|auto_generated|divider|divider|op_1~14  from: cin  to: combout
    Info (332098): Cell: divide1|LPM_DIVIDE_component|auto_generated|divider|divider|op_1~14  from: datab  to: combout
    Info (332098): Cell: divide1|LPM_DIVIDE_component|auto_generated|divider|divider|op_1~2  from: cin  to: combout
    Info (332098): Cell: divide1|LPM_DIVIDE_component|auto_generated|divider|divider|op_1~2  from: dataa  to: cout
    Info (332098): Cell: divide1|LPM_DIVIDE_component|auto_generated|divider|divider|op_1~2  from: datab  to: cout
    Info (332098): Cell: divide1|LPM_DIVIDE_component|auto_generated|divider|divider|op_1~4  from: cin  to: combout
    Info (332098): Cell: divide1|LPM_DIVIDE_component|auto_generated|divider|divider|op_1~4  from: dataa  to: combout
    Info (332098): Cell: divide1|LPM_DIVIDE_component|auto_generated|divider|divider|op_1~6  from: cin  to: combout
    Info (332098): Cell: divide1|LPM_DIVIDE_component|auto_generated|divider|divider|op_1~6  from: datab  to: combout
    Info (332098): Cell: divide1|LPM_DIVIDE_component|auto_generated|divider|divider|op_1~8  from: cin  to: combout
    Info (332098): Cell: divide1|LPM_DIVIDE_component|auto_generated|divider|divider|op_1~8  from: dataa  to: combout
    Info (332098): Cell: divide1|LPM_DIVIDE_component|auto_generated|divider|divider|op_2~10  from: cin  to: combout
    Info (332098): Cell: divide1|LPM_DIVIDE_component|auto_generated|divider|divider|op_2~10  from: dataa  to: combout
    Info (332098): Cell: divide1|LPM_DIVIDE_component|auto_generated|divider|divider|op_2~12  from: cin  to: combout
    Info (332098): Cell: divide1|LPM_DIVIDE_component|auto_generated|divider|divider|op_2~12  from: dataa  to: combout
    Info (332098): Cell: divide1|LPM_DIVIDE_component|auto_generated|divider|divider|op_2~14  from: cin  to: combout
    Info (332098): Cell: divide1|LPM_DIVIDE_component|auto_generated|divider|divider|op_2~14  from: datab  to: combout
    Info (332098): Cell: divide1|LPM_DIVIDE_component|auto_generated|divider|divider|op_2~16  from: cin  to: combout
    Info (332098): Cell: divide1|LPM_DIVIDE_component|auto_generated|divider|divider|op_2~16  from: dataa  to: combout
    Info (332098): Cell: divide1|LPM_DIVIDE_component|auto_generated|divider|divider|op_2~2  from: cin  to: combout
    Info (332098): Cell: divide1|LPM_DIVIDE_component|auto_generated|divider|divider|op_2~2  from: dataa  to: cout
    Info (332098): Cell: divide1|LPM_DIVIDE_component|auto_generated|divider|divider|op_2~2  from: datab  to: cout
    Info (332098): Cell: divide1|LPM_DIVIDE_component|auto_generated|divider|divider|op_2~4  from: cin  to: combout
    Info (332098): Cell: divide1|LPM_DIVIDE_component|auto_generated|divider|divider|op_2~4  from: dataa  to: combout
    Info (332098): Cell: divide1|LPM_DIVIDE_component|auto_generated|divider|divider|op_2~6  from: cin  to: combout
    Info (332098): Cell: divide1|LPM_DIVIDE_component|auto_generated|divider|divider|op_2~6  from: dataa  to: combout
    Info (332098): Cell: divide1|LPM_DIVIDE_component|auto_generated|divider|divider|op_2~8  from: cin  to: combout
    Info (332098): Cell: divide1|LPM_DIVIDE_component|auto_generated|divider|divider|op_2~8  from: datab  to: combout
    Info (332098): Cell: divide1|LPM_DIVIDE_component|auto_generated|divider|divider|op_3~10  from: cin  to: combout
    Info (332098): Cell: divide1|LPM_DIVIDE_component|auto_generated|divider|divider|op_3~10  from: datab  to: combout
    Info (332098): Cell: divide1|LPM_DIVIDE_component|auto_generated|divider|divider|op_3~12  from: cin  to: combout
    Info (332098): Cell: divide1|LPM_DIVIDE_component|auto_generated|divider|divider|op_3~12  from: datab  to: combout
    Info (332098): Cell: divide1|LPM_DIVIDE_component|auto_generated|divider|divider|op_3~14  from: cin  to: combout
    Info (332098): Cell: divide1|LPM_DIVIDE_component|auto_generated|divider|divider|op_3~14  from: dataa  to: combout
    Info (332098): Cell: divide1|LPM_DIVIDE_component|auto_generated|divider|divider|op_3~16  from: cin  to: combout
    Info (332098): Cell: divide1|LPM_DIVIDE_component|auto_generated|divider|divider|op_3~16  from: datab  to: combout
    Info (332098): Cell: divide1|LPM_DIVIDE_component|auto_generated|divider|divider|op_3~18  from: cin  to: combout
    Info (332098): Cell: divide1|LPM_DIVIDE_component|auto_generated|divider|divider|op_3~18  from: dataa  to: combout
    Info (332098): Cell: divide1|LPM_DIVIDE_component|auto_generated|divider|divider|op_3~2  from: cin  to: combout
    Info (332098): Cell: divide1|LPM_DIVIDE_component|auto_generated|divider|divider|op_3~2  from: dataa  to: cout
    Info (332098): Cell: divide1|LPM_DIVIDE_component|auto_generated|divider|divider|op_3~2  from: datab  to: cout
    Info (332098): Cell: divide1|LPM_DIVIDE_component|auto_generated|divider|divider|op_3~4  from: cin  to: combout
    Info (332098): Cell: divide1|LPM_DIVIDE_component|auto_generated|divider|divider|op_3~4  from: datab  to: combout
    Info (332098): Cell: divide1|LPM_DIVIDE_component|auto_generated|divider|divider|op_3~6  from: cin  to: combout
    Info (332098): Cell: divide1|LPM_DIVIDE_component|auto_generated|divider|divider|op_3~6  from: datab  to: combout
    Info (332098): Cell: divide1|LPM_DIVIDE_component|auto_generated|divider|divider|op_3~8  from: cin  to: combout
    Info (332098): Cell: divide1|LPM_DIVIDE_component|auto_generated|divider|divider|op_3~8  from: datab  to: combout
    Info (332098): Cell: divide1|LPM_DIVIDE_component|auto_generated|divider|divider|op_4~10  from: cin  to: combout
    Info (332098): Cell: divide1|LPM_DIVIDE_component|auto_generated|divider|divider|op_4~10  from: datab  to: combout
    Info (332098): Cell: divide1|LPM_DIVIDE_component|auto_generated|divider|divider|op_4~12  from: cin  to: combout
    Info (332098): Cell: divide1|LPM_DIVIDE_component|auto_generated|divider|divider|op_4~12  from: dataa  to: combout
    Info (332098): Cell: divide1|LPM_DIVIDE_component|auto_generated|divider|divider|op_4~14  from: cin  to: combout
    Info (332098): Cell: divide1|LPM_DIVIDE_component|auto_generated|divider|divider|op_4~14  from: dataa  to: combout
    Info (332098): Cell: divide1|LPM_DIVIDE_component|auto_generated|divider|divider|op_4~16  from: cin  to: combout
    Info (332098): Cell: divide1|LPM_DIVIDE_component|auto_generated|divider|divider|op_4~16  from: dataa  to: combout
    Info (332098): Cell: divide1|LPM_DIVIDE_component|auto_generated|divider|divider|op_4~18  from: cin  to: combout
    Info (332098): Cell: divide1|LPM_DIVIDE_component|auto_generated|divider|divider|op_4~18  from: dataa  to: combout
    Info (332098): Cell: divide1|LPM_DIVIDE_component|auto_generated|divider|divider|op_4~20  from: cin  to: combout
    Info (332098): Cell: divide1|LPM_DIVIDE_component|auto_generated|divider|divider|op_4~20  from: datab  to: combout
    Info (332098): Cell: divide1|LPM_DIVIDE_component|auto_generated|divider|divider|op_4~2  from: cin  to: combout
    Info (332098): Cell: divide1|LPM_DIVIDE_component|auto_generated|divider|divider|op_4~2  from: dataa  to: cout
    Info (332098): Cell: divide1|LPM_DIVIDE_component|auto_generated|divider|divider|op_4~2  from: datab  to: cout
    Info (332098): Cell: divide1|LPM_DIVIDE_component|auto_generated|divider|divider|op_4~4  from: cin  to: combout
    Info (332098): Cell: divide1|LPM_DIVIDE_component|auto_generated|divider|divider|op_4~4  from: datab  to: combout
    Info (332098): Cell: divide1|LPM_DIVIDE_component|auto_generated|divider|divider|op_4~6  from: cin  to: combout
    Info (332098): Cell: divide1|LPM_DIVIDE_component|auto_generated|divider|divider|op_4~6  from: dataa  to: combout
    Info (332098): Cell: divide1|LPM_DIVIDE_component|auto_generated|divider|divider|op_4~8  from: cin  to: combout
    Info (332098): Cell: divide1|LPM_DIVIDE_component|auto_generated|divider|divider|op_4~8  from: dataa  to: combout
    Info (332098): Cell: divide1|LPM_DIVIDE_component|auto_generated|divider|divider|op_5~10  from: cin  to: combout
    Info (332098): Cell: divide1|LPM_DIVIDE_component|auto_generated|divider|divider|op_5~10  from: dataa  to: combout
    Info (332098): Cell: divide1|LPM_DIVIDE_component|auto_generated|divider|divider|op_5~12  from: cin  to: combout
    Info (332098): Cell: divide1|LPM_DIVIDE_component|auto_generated|divider|divider|op_5~12  from: dataa  to: combout
    Info (332098): Cell: divide1|LPM_DIVIDE_component|auto_generated|divider|divider|op_5~14  from: cin  to: combout
    Info (332098): Cell: divide1|LPM_DIVIDE_component|auto_generated|divider|divider|op_5~14  from: dataa  to: combout
    Info (332098): Cell: divide1|LPM_DIVIDE_component|auto_generated|divider|divider|op_5~16  from: cin  to: combout
    Info (332098): Cell: divide1|LPM_DIVIDE_component|auto_generated|divider|divider|op_5~16  from: dataa  to: combout
    Info (332098): Cell: divide1|LPM_DIVIDE_component|auto_generated|divider|divider|op_5~18  from: cin  to: combout
    Info (332098): Cell: divide1|LPM_DIVIDE_component|auto_generated|divider|divider|op_5~18  from: datab  to: combout
    Info (332098): Cell: divide1|LPM_DIVIDE_component|auto_generated|divider|divider|op_5~1  from: dataa  to: cout
    Info (332098): Cell: divide1|LPM_DIVIDE_component|auto_generated|divider|divider|op_5~1  from: datab  to: cout
    Info (332098): Cell: divide1|LPM_DIVIDE_component|auto_generated|divider|divider|op_5~20  from: cin  to: combout
    Info (332098): Cell: divide1|LPM_DIVIDE_component|auto_generated|divider|divider|op_5~20  from: datab  to: combout
    Info (332098): Cell: divide1|LPM_DIVIDE_component|auto_generated|divider|divider|op_5~22  from: cin  to: combout
    Info (332098): Cell: divide1|LPM_DIVIDE_component|auto_generated|divider|divider|op_5~22  from: datab  to: combout
    Info (332098): Cell: divide1|LPM_DIVIDE_component|auto_generated|divider|divider|op_5~2  from: cin  to: combout
    Info (332098): Cell: divide1|LPM_DIVIDE_component|auto_generated|divider|divider|op_5~2  from: dataa  to: cout
    Info (332098): Cell: divide1|LPM_DIVIDE_component|auto_generated|divider|divider|op_5~2  from: datab  to: cout
    Info (332098): Cell: divide1|LPM_DIVIDE_component|auto_generated|divider|divider|op_5~4  from: cin  to: combout
    Info (332098): Cell: divide1|LPM_DIVIDE_component|auto_generated|divider|divider|op_5~4  from: datab  to: combout
    Info (332098): Cell: divide1|LPM_DIVIDE_component|auto_generated|divider|divider|op_5~6  from: cin  to: combout
    Info (332098): Cell: divide1|LPM_DIVIDE_component|auto_generated|divider|divider|op_5~6  from: datab  to: combout
    Info (332098): Cell: divide1|LPM_DIVIDE_component|auto_generated|divider|divider|op_5~8  from: cin  to: combout
    Info (332098): Cell: divide1|LPM_DIVIDE_component|auto_generated|divider|divider|op_5~8  from: datab  to: combout
    Info (332098): Cell: divide1|LPM_DIVIDE_component|auto_generated|divider|divider|op_6~10  from: cin  to: combout
    Info (332098): Cell: divide1|LPM_DIVIDE_component|auto_generated|divider|divider|op_6~10  from: datab  to: combout
    Info (332098): Cell: divide1|LPM_DIVIDE_component|auto_generated|divider|divider|op_6~12  from: cin  to: combout
    Info (332098): Cell: divide1|LPM_DIVIDE_component|auto_generated|divider|divider|op_6~12  from: datab  to: combout
    Info (332098): Cell: divide1|LPM_DIVIDE_component|auto_generated|divider|divider|op_6~14  from: cin  to: combout
    Info (332098): Cell: divide1|LPM_DIVIDE_component|auto_generated|divider|divider|op_6~14  from: datab  to: combout
    Info (332098): Cell: divide1|LPM_DIVIDE_component|auto_generated|divider|divider|op_6~16  from: cin  to: combout
    Info (332098): Cell: divide1|LPM_DIVIDE_component|auto_generated|divider|divider|op_6~16  from: datab  to: combout
    Info (332098): Cell: divide1|LPM_DIVIDE_component|auto_generated|divider|divider|op_6~18  from: cin  to: combout
    Info (332098): Cell: divide1|LPM_DIVIDE_component|auto_generated|divider|divider|op_6~18  from: datab  to: combout
    Info (332098): Cell: divide1|LPM_DIVIDE_component|auto_generated|divider|divider|op_6~20  from: cin  to: combout
    Info (332098): Cell: divide1|LPM_DIVIDE_component|auto_generated|divider|divider|op_6~20  from: dataa  to: combout
    Info (332098): Cell: divide1|LPM_DIVIDE_component|auto_generated|divider|divider|op_6~22  from: cin  to: combout
    Info (332098): Cell: divide1|LPM_DIVIDE_component|auto_generated|divider|divider|op_6~22  from: datab  to: combout
    Info (332098): Cell: divide1|LPM_DIVIDE_component|auto_generated|divider|divider|op_6~24  from: cin  to: combout
    Info (332098): Cell: divide1|LPM_DIVIDE_component|auto_generated|divider|divider|op_6~24  from: datab  to: combout
    Info (332098): Cell: divide1|LPM_DIVIDE_component|auto_generated|divider|divider|op_6~2  from: cin  to: combout
    Info (332098): Cell: divide1|LPM_DIVIDE_component|auto_generated|divider|divider|op_6~2  from: dataa  to: cout
    Info (332098): Cell: divide1|LPM_DIVIDE_component|auto_generated|divider|divider|op_6~2  from: datab  to: cout
    Info (332098): Cell: divide1|LPM_DIVIDE_component|auto_generated|divider|divider|op_6~4  from: cin  to: combout
    Info (332098): Cell: divide1|LPM_DIVIDE_component|auto_generated|divider|divider|op_6~4  from: datab  to: combout
    Info (332098): Cell: divide1|LPM_DIVIDE_component|auto_generated|divider|divider|op_6~6  from: cin  to: combout
    Info (332098): Cell: divide1|LPM_DIVIDE_component|auto_generated|divider|divider|op_6~6  from: dataa  to: combout
    Info (332098): Cell: divide1|LPM_DIVIDE_component|auto_generated|divider|divider|op_6~8  from: cin  to: combout
    Info (332098): Cell: divide1|LPM_DIVIDE_component|auto_generated|divider|divider|op_6~8  from: dataa  to: combout
    Info (332098): Cell: divide2|LPM_DIVIDE_component|auto_generated|divider|divider|StageOut[100]~4  from: datad  to: combout
    Info (332098): Cell: divide2|LPM_DIVIDE_component|auto_generated|divider|divider|StageOut[101]~3  from: datad  to: combout
    Info (332098): Cell: divide2|LPM_DIVIDE_component|auto_generated|divider|divider|StageOut[102]~2  from: datad  to: combout
    Info (332098): Cell: divide2|LPM_DIVIDE_component|auto_generated|divider|divider|StageOut[115]~10  from: dataa  to: combout
    Info (332098): Cell: divide2|LPM_DIVIDE_component|auto_generated|divider|divider|StageOut[115]~10  from: datab  to: combout
    Info (332098): Cell: divide2|LPM_DIVIDE_component|auto_generated|divider|divider|StageOut[115]~10  from: datad  to: combout
    Info (332098): Cell: divide2|LPM_DIVIDE_component|auto_generated|divider|divider|StageOut[116]~9  from: datad  to: combout
    Info (332098): Cell: divide2|LPM_DIVIDE_component|auto_generated|divider|divider|StageOut[117]~8  from: datad  to: combout
    Info (332098): Cell: divide2|LPM_DIVIDE_component|auto_generated|divider|divider|StageOut[118]~7  from: datad  to: combout
    Info (332098): Cell: divide2|LPM_DIVIDE_component|auto_generated|divider|divider|StageOut[119]~6  from: datad  to: combout
    Info (332098): Cell: divide2|LPM_DIVIDE_component|auto_generated|divider|divider|StageOut[131]~16  from: dataa  to: combout
    Info (332098): Cell: divide2|LPM_DIVIDE_component|auto_generated|divider|divider|StageOut[131]~16  from: datab  to: combout
    Info (332098): Cell: divide2|LPM_DIVIDE_component|auto_generated|divider|divider|StageOut[131]~16  from: datac  to: combout
    Info (332098): Cell: divide2|LPM_DIVIDE_component|auto_generated|divider|divider|StageOut[132]~15  from: datad  to: combout
    Info (332098): Cell: divide2|LPM_DIVIDE_component|auto_generated|divider|divider|StageOut[133]~14  from: datad  to: combout
    Info (332098): Cell: divide2|LPM_DIVIDE_component|auto_generated|divider|divider|StageOut[134]~13  from: datac  to: combout
    Info (332098): Cell: divide2|LPM_DIVIDE_component|auto_generated|divider|divider|StageOut[135]~12  from: datac  to: combout
    Info (332098): Cell: divide2|LPM_DIVIDE_component|auto_generated|divider|divider|StageOut[136]~11  from: datac  to: combout
    Info (332098): Cell: divide2|LPM_DIVIDE_component|auto_generated|divider|divider|StageOut[147]~23  from: dataa  to: combout
    Info (332098): Cell: divide2|LPM_DIVIDE_component|auto_generated|divider|divider|StageOut[147]~23  from: datab  to: combout
    Info (332098): Cell: divide2|LPM_DIVIDE_component|auto_generated|divider|divider|StageOut[147]~23  from: datac  to: combout
    Info (332098): Cell: divide2|LPM_DIVIDE_component|auto_generated|divider|divider|StageOut[148]~22  from: datad  to: combout
    Info (332098): Cell: divide2|LPM_DIVIDE_component|auto_generated|divider|divider|StageOut[149]~21  from: datac  to: combout
    Info (332098): Cell: divide2|LPM_DIVIDE_component|auto_generated|divider|divider|StageOut[150]~20  from: datad  to: combout
    Info (332098): Cell: divide2|LPM_DIVIDE_component|auto_generated|divider|divider|StageOut[151]~19  from: datad  to: combout
    Info (332098): Cell: divide2|LPM_DIVIDE_component|auto_generated|divider|divider|StageOut[152]~18  from: datad  to: combout
    Info (332098): Cell: divide2|LPM_DIVIDE_component|auto_generated|divider|divider|StageOut[153]~17  from: datad  to: combout
    Info (332098): Cell: divide2|LPM_DIVIDE_component|auto_generated|divider|divider|StageOut[163]~31  from: dataa  to: combout
    Info (332098): Cell: divide2|LPM_DIVIDE_component|auto_generated|divider|divider|StageOut[163]~31  from: datac  to: combout
    Info (332098): Cell: divide2|LPM_DIVIDE_component|auto_generated|divider|divider|StageOut[163]~31  from: datad  to: combout
    Info (332098): Cell: divide2|LPM_DIVIDE_component|auto_generated|divider|divider|StageOut[164]~30  from: datad  to: combout
    Info (332098): Cell: divide2|LPM_DIVIDE_component|auto_generated|divider|divider|StageOut[165]~29  from: datad  to: combout
    Info (332098): Cell: divide2|LPM_DIVIDE_component|auto_generated|divider|divider|StageOut[166]~28  from: datac  to: combout
    Info (332098): Cell: divide2|LPM_DIVIDE_component|auto_generated|divider|divider|StageOut[167]~27  from: datad  to: combout
    Info (332098): Cell: divide2|LPM_DIVIDE_component|auto_generated|divider|divider|StageOut[168]~26  from: datad  to: combout
    Info (332098): Cell: divide2|LPM_DIVIDE_component|auto_generated|divider|divider|StageOut[169]~25  from: datad  to: combout
    Info (332098): Cell: divide2|LPM_DIVIDE_component|auto_generated|divider|divider|StageOut[170]~24  from: datad  to: combout
    Info (332098): Cell: divide2|LPM_DIVIDE_component|auto_generated|divider|divider|StageOut[179]~40  from: dataa  to: combout
    Info (332098): Cell: divide2|LPM_DIVIDE_component|auto_generated|divider|divider|StageOut[179]~40  from: datab  to: combout
    Info (332098): Cell: divide2|LPM_DIVIDE_component|auto_generated|divider|divider|StageOut[179]~40  from: datac  to: combout
    Info (332098): Cell: divide2|LPM_DIVIDE_component|auto_generated|divider|divider|StageOut[180]~39  from: datad  to: combout
    Info (332098): Cell: divide2|LPM_DIVIDE_component|auto_generated|divider|divider|StageOut[181]~38  from: datad  to: combout
    Info (332098): Cell: divide2|LPM_DIVIDE_component|auto_generated|divider|divider|StageOut[182]~37  from: datad  to: combout
    Info (332098): Cell: divide2|LPM_DIVIDE_component|auto_generated|divider|divider|StageOut[183]~36  from: datac  to: combout
    Info (332098): Cell: divide2|LPM_DIVIDE_component|auto_generated|divider|divider|StageOut[184]~35  from: datad  to: combout
    Info (332098): Cell: divide2|LPM_DIVIDE_component|auto_generated|divider|divider|StageOut[185]~34  from: datad  to: combout
    Info (332098): Cell: divide2|LPM_DIVIDE_component|auto_generated|divider|divider|StageOut[186]~33  from: datab  to: combout
    Info (332098): Cell: divide2|LPM_DIVIDE_component|auto_generated|divider|divider|StageOut[187]~32  from: datad  to: combout
    Info (332098): Cell: divide2|LPM_DIVIDE_component|auto_generated|divider|divider|StageOut[195]~50  from: datab  to: combout
    Info (332098): Cell: divide2|LPM_DIVIDE_component|auto_generated|divider|divider|StageOut[195]~50  from: datac  to: combout
    Info (332098): Cell: divide2|LPM_DIVIDE_component|auto_generated|divider|divider|StageOut[195]~50  from: datad  to: combout
    Info (332098): Cell: divide2|LPM_DIVIDE_component|auto_generated|divider|divider|StageOut[196]~49  from: datad  to: combout
    Info (332098): Cell: divide2|LPM_DIVIDE_component|auto_generated|divider|divider|StageOut[197]~48  from: datac  to: combout
    Info (332098): Cell: divide2|LPM_DIVIDE_component|auto_generated|divider|divider|StageOut[198]~47  from: datad  to: combout
    Info (332098): Cell: divide2|LPM_DIVIDE_component|auto_generated|divider|divider|StageOut[199]~46  from: datad  to: combout
    Info (332098): Cell: divide2|LPM_DIVIDE_component|auto_generated|divider|divider|StageOut[200]~45  from: datad  to: combout
    Info (332098): Cell: divide2|LPM_DIVIDE_component|auto_generated|divider|divider|StageOut[201]~44  from: datac  to: combout
    Info (332098): Cell: divide2|LPM_DIVIDE_component|auto_generated|divider|divider|StageOut[202]~43  from: datac  to: combout
    Info (332098): Cell: divide2|LPM_DIVIDE_component|auto_generated|divider|divider|StageOut[203]~42  from: datac  to: combout
    Info (332098): Cell: divide2|LPM_DIVIDE_component|auto_generated|divider|divider|StageOut[204]~41  from: datac  to: combout
    Info (332098): Cell: divide2|LPM_DIVIDE_component|auto_generated|divider|divider|StageOut[211]~61  from: dataa  to: combout
    Info (332098): Cell: divide2|LPM_DIVIDE_component|auto_generated|divider|divider|StageOut[211]~61  from: datab  to: combout
    Info (332098): Cell: divide2|LPM_DIVIDE_component|auto_generated|divider|divider|StageOut[211]~61  from: datac  to: combout
    Info (332098): Cell: divide2|LPM_DIVIDE_component|auto_generated|divider|divider|StageOut[212]~60  from: datad  to: combout
    Info (332098): Cell: divide2|LPM_DIVIDE_component|auto_generated|divider|divider|StageOut[213]~59  from: datad  to: combout
    Info (332098): Cell: divide2|LPM_DIVIDE_component|auto_generated|divider|divider|StageOut[214]~58  from: datad  to: combout
    Info (332098): Cell: divide2|LPM_DIVIDE_component|auto_generated|divider|divider|StageOut[215]~57  from: datad  to: combout
    Info (332098): Cell: divide2|LPM_DIVIDE_component|auto_generated|divider|divider|StageOut[216]~56  from: datad  to: combout
    Info (332098): Cell: divide2|LPM_DIVIDE_component|auto_generated|divider|divider|StageOut[217]~55  from: datad  to: combout
    Info (332098): Cell: divide2|LPM_DIVIDE_component|auto_generated|divider|divider|StageOut[218]~54  from: datac  to: combout
    Info (332098): Cell: divide2|LPM_DIVIDE_component|auto_generated|divider|divider|StageOut[219]~53  from: datad  to: combout
    Info (332098): Cell: divide2|LPM_DIVIDE_component|auto_generated|divider|divider|StageOut[220]~52  from: datab  to: combout
    Info (332098): Cell: divide2|LPM_DIVIDE_component|auto_generated|divider|divider|StageOut[221]~51  from: datad  to: combout
    Info (332098): Cell: divide2|LPM_DIVIDE_component|auto_generated|divider|divider|StageOut[227]~73  from: dataa  to: combout
    Info (332098): Cell: divide2|LPM_DIVIDE_component|auto_generated|divider|divider|StageOut[227]~73  from: datab  to: combout
    Info (332098): Cell: divide2|LPM_DIVIDE_component|auto_generated|divider|divider|StageOut[227]~73  from: datac  to: combout
    Info (332098): Cell: divide2|LPM_DIVIDE_component|auto_generated|divider|divider|StageOut[228]~72  from: datac  to: combout
    Info (332098): Cell: divide2|LPM_DIVIDE_component|auto_generated|divider|divider|StageOut[229]~71  from: datac  to: combout
    Info (332098): Cell: divide2|LPM_DIVIDE_component|auto_generated|divider|divider|StageOut[230]~70  from: datac  to: combout
    Info (332098): Cell: divide2|LPM_DIVIDE_component|auto_generated|divider|divider|StageOut[231]~69  from: datac  to: combout
    Info (332098): Cell: divide2|LPM_DIVIDE_component|auto_generated|divider|divider|StageOut[232]~68  from: datad  to: combout
    Info (332098): Cell: divide2|LPM_DIVIDE_component|auto_generated|divider|divider|StageOut[233]~67  from: datad  to: combout
    Info (332098): Cell: divide2|LPM_DIVIDE_component|auto_generated|divider|divider|StageOut[234]~66  from: datac  to: combout
    Info (332098): Cell: divide2|LPM_DIVIDE_component|auto_generated|divider|divider|StageOut[235]~65  from: datac  to: combout
    Info (332098): Cell: divide2|LPM_DIVIDE_component|auto_generated|divider|divider|StageOut[236]~64  from: datab  to: combout
    Info (332098): Cell: divide2|LPM_DIVIDE_component|auto_generated|divider|divider|StageOut[237]~63  from: datac  to: combout
    Info (332098): Cell: divide2|LPM_DIVIDE_component|auto_generated|divider|divider|StageOut[238]~62  from: datac  to: combout
    Info (332098): Cell: divide2|LPM_DIVIDE_component|auto_generated|divider|divider|StageOut[242]~87  from: dataa  to: combout
    Info (332098): Cell: divide2|LPM_DIVIDE_component|auto_generated|divider|divider|StageOut[242]~87  from: datac  to: combout
    Info (332098): Cell: divide2|LPM_DIVIDE_component|auto_generated|divider|divider|StageOut[242]~87  from: datad  to: combout
    Info (332098): Cell: divide2|LPM_DIVIDE_component|auto_generated|divider|divider|StageOut[243]~74  from: dataa  to: combout
    Info (332098): Cell: divide2|LPM_DIVIDE_component|auto_generated|divider|divider|StageOut[243]~74  from: datab  to: combout
    Info (332098): Cell: divide2|LPM_DIVIDE_component|auto_generated|divider|divider|StageOut[243]~74  from: datad  to: combout
    Info (332098): Cell: divide2|LPM_DIVIDE_component|auto_generated|divider|divider|StageOut[244]~86  from: datac  to: combout
    Info (332098): Cell: divide2|LPM_DIVIDE_component|auto_generated|divider|divider|StageOut[245]~85  from: datab  to: combout
    Info (332098): Cell: divide2|LPM_DIVIDE_component|auto_generated|divider|divider|StageOut[246]~84  from: dataa  to: combout
    Info (332098): Cell: divide2|LPM_DIVIDE_component|auto_generated|divider|divider|StageOut[247]~83  from: dataa  to: combout
    Info (332098): Cell: divide2|LPM_DIVIDE_component|auto_generated|divider|divider|StageOut[248]~82  from: datad  to: combout
    Info (332098): Cell: divide2|LPM_DIVIDE_component|auto_generated|divider|divider|StageOut[249]~81  from: datac  to: combout
    Info (332098): Cell: divide2|LPM_DIVIDE_component|auto_generated|divider|divider|StageOut[250]~80  from: dataa  to: combout
    Info (332098): Cell: divide2|LPM_DIVIDE_component|auto_generated|divider|divider|StageOut[251]~79  from: datac  to: combout
    Info (332098): Cell: divide2|LPM_DIVIDE_component|auto_generated|divider|divider|StageOut[252]~78  from: datad  to: combout
    Info (332098): Cell: divide2|LPM_DIVIDE_component|auto_generated|divider|divider|StageOut[253]~77  from: datad  to: combout
    Info (332098): Cell: divide2|LPM_DIVIDE_component|auto_generated|divider|divider|StageOut[254]~76  from: datad  to: combout
    Info (332098): Cell: divide2|LPM_DIVIDE_component|auto_generated|divider|divider|StageOut[255]~75  from: datac  to: combout
    Info (332098): Cell: divide2|LPM_DIVIDE_component|auto_generated|divider|divider|StageOut[99]~5  from: datad  to: combout
    Info (332098): Cell: divide2|LPM_DIVIDE_component|auto_generated|divider|divider|op_11~2  from: cin  to: combout
    Info (332098): Cell: divide2|LPM_DIVIDE_component|auto_generated|divider|divider|op_11~2  from: datab  to: combout
    Info (332098): Cell: divide2|LPM_DIVIDE_component|auto_generated|divider|divider|op_11~4  from: cin  to: combout
    Info (332098): Cell: divide2|LPM_DIVIDE_component|auto_generated|divider|divider|op_11~4  from: dataa  to: combout
    Info (332098): Cell: divide2|LPM_DIVIDE_component|auto_generated|divider|divider|op_11~6  from: cin  to: combout
    Info (332098): Cell: divide2|LPM_DIVIDE_component|auto_generated|divider|divider|op_11~6  from: dataa  to: combout
    Info (332098): Cell: divide2|LPM_DIVIDE_component|auto_generated|divider|divider|op_11~8  from: cin  to: combout
    Info (332098): Cell: divide2|LPM_DIVIDE_component|auto_generated|divider|divider|op_11~8  from: dataa  to: combout
    Info (332098): Cell: divide2|LPM_DIVIDE_component|auto_generated|divider|divider|op_12~10  from: cin  to: combout
    Info (332098): Cell: divide2|LPM_DIVIDE_component|auto_generated|divider|divider|op_12~10  from: datab  to: combout
    Info (332098): Cell: divide2|LPM_DIVIDE_component|auto_generated|divider|divider|op_12~2  from: cin  to: combout
    Info (332098): Cell: divide2|LPM_DIVIDE_component|auto_generated|divider|divider|op_12~2  from: dataa  to: cout
    Info (332098): Cell: divide2|LPM_DIVIDE_component|auto_generated|divider|divider|op_12~2  from: datab  to: cout
    Info (332098): Cell: divide2|LPM_DIVIDE_component|auto_generated|divider|divider|op_12~4  from: cin  to: combout
    Info (332098): Cell: divide2|LPM_DIVIDE_component|auto_generated|divider|divider|op_12~4  from: datab  to: combout
    Info (332098): Cell: divide2|LPM_DIVIDE_component|auto_generated|divider|divider|op_12~6  from: cin  to: combout
    Info (332098): Cell: divide2|LPM_DIVIDE_component|auto_generated|divider|divider|op_12~6  from: dataa  to: combout
    Info (332098): Cell: divide2|LPM_DIVIDE_component|auto_generated|divider|divider|op_12~8  from: cin  to: combout
    Info (332098): Cell: divide2|LPM_DIVIDE_component|auto_generated|divider|divider|op_12~8  from: datab  to: combout
    Info (332098): Cell: divide2|LPM_DIVIDE_component|auto_generated|divider|divider|op_13~10  from: cin  to: combout
    Info (332098): Cell: divide2|LPM_DIVIDE_component|auto_generated|divider|divider|op_13~10  from: dataa  to: combout
    Info (332098): Cell: divide2|LPM_DIVIDE_component|auto_generated|divider|divider|op_13~12  from: cin  to: combout
    Info (332098): Cell: divide2|LPM_DIVIDE_component|auto_generated|divider|divider|op_13~12  from: datab  to: combout
    Info (332098): Cell: divide2|LPM_DIVIDE_component|auto_generated|divider|divider|op_13~2  from: cin  to: combout
    Info (332098): Cell: divide2|LPM_DIVIDE_component|auto_generated|divider|divider|op_13~2  from: dataa  to: cout
    Info (332098): Cell: divide2|LPM_DIVIDE_component|auto_generated|divider|divider|op_13~2  from: datab  to: cout
    Info (332098): Cell: divide2|LPM_DIVIDE_component|auto_generated|divider|divider|op_13~4  from: cin  to: combout
    Info (332098): Cell: divide2|LPM_DIVIDE_component|auto_generated|divider|divider|op_13~4  from: datab  to: combout
    Info (332098): Cell: divide2|LPM_DIVIDE_component|auto_generated|divider|divider|op_13~6  from: cin  to: combout
    Info (332098): Cell: divide2|LPM_DIVIDE_component|auto_generated|divider|divider|op_13~6  from: datab  to: combout
    Info (332098): Cell: divide2|LPM_DIVIDE_component|auto_generated|divider|divider|op_13~8  from: cin  to: combout
    Info (332098): Cell: divide2|LPM_DIVIDE_component|auto_generated|divider|divider|op_13~8  from: datab  to: combout
    Info (332098): Cell: divide2|LPM_DIVIDE_component|auto_generated|divider|divider|op_14~10  from: cin  to: combout
    Info (332098): Cell: divide2|LPM_DIVIDE_component|auto_generated|divider|divider|op_14~10  from: datab  to: combout
    Info (332098): Cell: divide2|LPM_DIVIDE_component|auto_generated|divider|divider|op_14~12  from: cin  to: combout
    Info (332098): Cell: divide2|LPM_DIVIDE_component|auto_generated|divider|divider|op_14~12  from: dataa  to: combout
    Info (332098): Cell: divide2|LPM_DIVIDE_component|auto_generated|divider|divider|op_14~14  from: cin  to: combout
    Info (332098): Cell: divide2|LPM_DIVIDE_component|auto_generated|divider|divider|op_14~14  from: datab  to: combout
    Info (332098): Cell: divide2|LPM_DIVIDE_component|auto_generated|divider|divider|op_14~2  from: cin  to: combout
    Info (332098): Cell: divide2|LPM_DIVIDE_component|auto_generated|divider|divider|op_14~2  from: dataa  to: cout
    Info (332098): Cell: divide2|LPM_DIVIDE_component|auto_generated|divider|divider|op_14~2  from: datab  to: cout
    Info (332098): Cell: divide2|LPM_DIVIDE_component|auto_generated|divider|divider|op_14~4  from: cin  to: combout
    Info (332098): Cell: divide2|LPM_DIVIDE_component|auto_generated|divider|divider|op_14~4  from: dataa  to: combout
    Info (332098): Cell: divide2|LPM_DIVIDE_component|auto_generated|divider|divider|op_14~6  from: cin  to: combout
    Info (332098): Cell: divide2|LPM_DIVIDE_component|auto_generated|divider|divider|op_14~6  from: datab  to: combout
    Info (332098): Cell: divide2|LPM_DIVIDE_component|auto_generated|divider|divider|op_14~8  from: cin  to: combout
    Info (332098): Cell: divide2|LPM_DIVIDE_component|auto_generated|divider|divider|op_14~8  from: dataa  to: combout
    Info (332098): Cell: divide2|LPM_DIVIDE_component|auto_generated|divider|divider|op_1~10  from: cin  to: combout
    Info (332098): Cell: divide2|LPM_DIVIDE_component|auto_generated|divider|divider|op_1~10  from: dataa  to: combout
    Info (332098): Cell: divide2|LPM_DIVIDE_component|auto_generated|divider|divider|op_1~12  from: cin  to: combout
    Info (332098): Cell: divide2|LPM_DIVIDE_component|auto_generated|divider|divider|op_1~12  from: datab  to: combout
    Info (332098): Cell: divide2|LPM_DIVIDE_component|auto_generated|divider|divider|op_1~14  from: cin  to: combout
    Info (332098): Cell: divide2|LPM_DIVIDE_component|auto_generated|divider|divider|op_1~14  from: datab  to: combout
    Info (332098): Cell: divide2|LPM_DIVIDE_component|auto_generated|divider|divider|op_1~16  from: cin  to: combout
    Info (332098): Cell: divide2|LPM_DIVIDE_component|auto_generated|divider|divider|op_1~16  from: dataa  to: combout
    Info (332098): Cell: divide2|LPM_DIVIDE_component|auto_generated|divider|divider|op_1~2  from: cin  to: combout
    Info (332098): Cell: divide2|LPM_DIVIDE_component|auto_generated|divider|divider|op_1~2  from: dataa  to: cout
    Info (332098): Cell: divide2|LPM_DIVIDE_component|auto_generated|divider|divider|op_1~2  from: datab  to: cout
    Info (332098): Cell: divide2|LPM_DIVIDE_component|auto_generated|divider|divider|op_1~4  from: cin  to: combout
    Info (332098): Cell: divide2|LPM_DIVIDE_component|auto_generated|divider|divider|op_1~4  from: dataa  to: combout
    Info (332098): Cell: divide2|LPM_DIVIDE_component|auto_generated|divider|divider|op_1~6  from: cin  to: combout
    Info (332098): Cell: divide2|LPM_DIVIDE_component|auto_generated|divider|divider|op_1~6  from: dataa  to: combout
    Info (332098): Cell: divide2|LPM_DIVIDE_component|auto_generated|divider|divider|op_1~8  from: cin  to: combout
    Info (332098): Cell: divide2|LPM_DIVIDE_component|auto_generated|divider|divider|op_1~8  from: datab  to: combout
    Info (332098): Cell: divide2|LPM_DIVIDE_component|auto_generated|divider|divider|op_2~10  from: cin  to: combout
    Info (332098): Cell: divide2|LPM_DIVIDE_component|auto_generated|divider|divider|op_2~10  from: datab  to: combout
    Info (332098): Cell: divide2|LPM_DIVIDE_component|auto_generated|divider|divider|op_2~12  from: cin  to: combout
    Info (332098): Cell: divide2|LPM_DIVIDE_component|auto_generated|divider|divider|op_2~12  from: dataa  to: combout
    Info (332098): Cell: divide2|LPM_DIVIDE_component|auto_generated|divider|divider|op_2~14  from: cin  to: combout
    Info (332098): Cell: divide2|LPM_DIVIDE_component|auto_generated|divider|divider|op_2~14  from: datab  to: combout
    Info (332098): Cell: divide2|LPM_DIVIDE_component|auto_generated|divider|divider|op_2~16  from: cin  to: combout
    Info (332098): Cell: divide2|LPM_DIVIDE_component|auto_generated|divider|divider|op_2~16  from: dataa  to: combout
    Info (332098): Cell: divide2|LPM_DIVIDE_component|auto_generated|divider|divider|op_2~18  from: cin  to: combout
    Info (332098): Cell: divide2|LPM_DIVIDE_component|auto_generated|divider|divider|op_2~18  from: datab  to: combout
    Info (332098): Cell: divide2|LPM_DIVIDE_component|auto_generated|divider|divider|op_2~2  from: cin  to: combout
    Info (332098): Cell: divide2|LPM_DIVIDE_component|auto_generated|divider|divider|op_2~2  from: dataa  to: cout
    Info (332098): Cell: divide2|LPM_DIVIDE_component|auto_generated|divider|divider|op_2~2  from: datab  to: cout
    Info (332098): Cell: divide2|LPM_DIVIDE_component|auto_generated|divider|divider|op_2~4  from: cin  to: combout
    Info (332098): Cell: divide2|LPM_DIVIDE_component|auto_generated|divider|divider|op_2~4  from: datab  to: combout
    Info (332098): Cell: divide2|LPM_DIVIDE_component|auto_generated|divider|divider|op_2~6  from: cin  to: combout
    Info (332098): Cell: divide2|LPM_DIVIDE_component|auto_generated|divider|divider|op_2~6  from: datab  to: combout
    Info (332098): Cell: divide2|LPM_DIVIDE_component|auto_generated|divider|divider|op_2~8  from: cin  to: combout
    Info (332098): Cell: divide2|LPM_DIVIDE_component|auto_generated|divider|divider|op_2~8  from: datab  to: combout
    Info (332098): Cell: divide2|LPM_DIVIDE_component|auto_generated|divider|divider|op_3~10  from: cin  to: combout
    Info (332098): Cell: divide2|LPM_DIVIDE_component|auto_generated|divider|divider|op_3~10  from: datab  to: combout
    Info (332098): Cell: divide2|LPM_DIVIDE_component|auto_generated|divider|divider|op_3~12  from: cin  to: combout
    Info (332098): Cell: divide2|LPM_DIVIDE_component|auto_generated|divider|divider|op_3~12  from: dataa  to: combout
    Info (332098): Cell: divide2|LPM_DIVIDE_component|auto_generated|divider|divider|op_3~14  from: cin  to: combout
    Info (332098): Cell: divide2|LPM_DIVIDE_component|auto_generated|divider|divider|op_3~14  from: dataa  to: combout
    Info (332098): Cell: divide2|LPM_DIVIDE_component|auto_generated|divider|divider|op_3~16  from: cin  to: combout
    Info (332098): Cell: divide2|LPM_DIVIDE_component|auto_generated|divider|divider|op_3~16  from: dataa  to: combout
    Info (332098): Cell: divide2|LPM_DIVIDE_component|auto_generated|divider|divider|op_3~18  from: cin  to: combout
    Info (332098): Cell: divide2|LPM_DIVIDE_component|auto_generated|divider|divider|op_3~18  from: dataa  to: combout
    Info (332098): Cell: divide2|LPM_DIVIDE_component|auto_generated|divider|divider|op_3~20  from: cin  to: combout
    Info (332098): Cell: divide2|LPM_DIVIDE_component|auto_generated|divider|divider|op_3~20  from: datab  to: combout
    Info (332098): Cell: divide2|LPM_DIVIDE_component|auto_generated|divider|divider|op_3~2  from: cin  to: combout
    Info (332098): Cell: divide2|LPM_DIVIDE_component|auto_generated|divider|divider|op_3~2  from: dataa  to: cout
    Info (332098): Cell: divide2|LPM_DIVIDE_component|auto_generated|divider|divider|op_3~2  from: datab  to: cout
    Info (332098): Cell: divide2|LPM_DIVIDE_component|auto_generated|divider|divider|op_3~4  from: cin  to: combout
    Info (332098): Cell: divide2|LPM_DIVIDE_component|auto_generated|divider|divider|op_3~4  from: dataa  to: combout
    Info (332098): Cell: divide2|LPM_DIVIDE_component|auto_generated|divider|divider|op_3~6  from: cin  to: combout
    Info (332098): Cell: divide2|LPM_DIVIDE_component|auto_generated|divider|divider|op_3~6  from: datab  to: combout
    Info (332098): Cell: divide2|LPM_DIVIDE_component|auto_generated|divider|divider|op_3~8  from: cin  to: combout
    Info (332098): Cell: divide2|LPM_DIVIDE_component|auto_generated|divider|divider|op_3~8  from: dataa  to: combout
    Info (332098): Cell: divide2|LPM_DIVIDE_component|auto_generated|divider|divider|op_4~10  from: cin  to: combout
    Info (332098): Cell: divide2|LPM_DIVIDE_component|auto_generated|divider|divider|op_4~10  from: dataa  to: combout
    Info (332098): Cell: divide2|LPM_DIVIDE_component|auto_generated|divider|divider|op_4~12  from: cin  to: combout
    Info (332098): Cell: divide2|LPM_DIVIDE_component|auto_generated|divider|divider|op_4~12  from: dataa  to: combout
    Info (332098): Cell: divide2|LPM_DIVIDE_component|auto_generated|divider|divider|op_4~14  from: cin  to: combout
    Info (332098): Cell: divide2|LPM_DIVIDE_component|auto_generated|divider|divider|op_4~14  from: dataa  to: combout
    Info (332098): Cell: divide2|LPM_DIVIDE_component|auto_generated|divider|divider|op_4~16  from: cin  to: combout
    Info (332098): Cell: divide2|LPM_DIVIDE_component|auto_generated|divider|divider|op_4~16  from: datab  to: combout
    Info (332098): Cell: divide2|LPM_DIVIDE_component|auto_generated|divider|divider|op_4~18  from: cin  to: combout
    Info (332098): Cell: divide2|LPM_DIVIDE_component|auto_generated|divider|divider|op_4~18  from: dataa  to: combout
    Info (332098): Cell: divide2|LPM_DIVIDE_component|auto_generated|divider|divider|op_4~20  from: cin  to: combout
    Info (332098): Cell: divide2|LPM_DIVIDE_component|auto_generated|divider|divider|op_4~20  from: datab  to: combout
    Info (332098): Cell: divide2|LPM_DIVIDE_component|auto_generated|divider|divider|op_4~22  from: cin  to: combout
    Info (332098): Cell: divide2|LPM_DIVIDE_component|auto_generated|divider|divider|op_4~22  from: datab  to: combout
    Info (332098): Cell: divide2|LPM_DIVIDE_component|auto_generated|divider|divider|op_4~2  from: cin  to: combout
    Info (332098): Cell: divide2|LPM_DIVIDE_component|auto_generated|divider|divider|op_4~2  from: dataa  to: cout
    Info (332098): Cell: divide2|LPM_DIVIDE_component|auto_generated|divider|divider|op_4~2  from: datab  to: cout
    Info (332098): Cell: divide2|LPM_DIVIDE_component|auto_generated|divider|divider|op_4~4  from: cin  to: combout
    Info (332098): Cell: divide2|LPM_DIVIDE_component|auto_generated|divider|divider|op_4~4  from: datab  to: combout
    Info (332098): Cell: divide2|LPM_DIVIDE_component|auto_generated|divider|divider|op_4~6  from: cin  to: combout
    Info (332098): Cell: divide2|LPM_DIVIDE_component|auto_generated|divider|divider|op_4~6  from: dataa  to: combout
    Info (332098): Cell: divide2|LPM_DIVIDE_component|auto_generated|divider|divider|op_4~8  from: cin  to: combout
    Info (332098): Cell: divide2|LPM_DIVIDE_component|auto_generated|divider|divider|op_4~8  from: datab  to: combout
    Info (332098): Cell: divide2|LPM_DIVIDE_component|auto_generated|divider|divider|op_5~10  from: cin  to: combout
    Info (332098): Cell: divide2|LPM_DIVIDE_component|auto_generated|divider|divider|op_5~10  from: dataa  to: combout
    Info (332098): Cell: divide2|LPM_DIVIDE_component|auto_generated|divider|divider|op_5~12  from: cin  to: combout
    Info (332098): Cell: divide2|LPM_DIVIDE_component|auto_generated|divider|divider|op_5~12  from: dataa  to: combout
    Info (332098): Cell: divide2|LPM_DIVIDE_component|auto_generated|divider|divider|op_5~14  from: cin  to: combout
    Info (332098): Cell: divide2|LPM_DIVIDE_component|auto_generated|divider|divider|op_5~14  from: dataa  to: combout
    Info (332098): Cell: divide2|LPM_DIVIDE_component|auto_generated|divider|divider|op_5~16  from: cin  to: combout
    Info (332098): Cell: divide2|LPM_DIVIDE_component|auto_generated|divider|divider|op_5~16  from: dataa  to: combout
    Info (332098): Cell: divide2|LPM_DIVIDE_component|auto_generated|divider|divider|op_5~18  from: cin  to: combout
    Info (332098): Cell: divide2|LPM_DIVIDE_component|auto_generated|divider|divider|op_5~18  from: dataa  to: combout
    Info (332098): Cell: divide2|LPM_DIVIDE_component|auto_generated|divider|divider|op_5~1  from: dataa  to: cout
    Info (332098): Cell: divide2|LPM_DIVIDE_component|auto_generated|divider|divider|op_5~1  from: datab  to: cout
    Info (332098): Cell: divide2|LPM_DIVIDE_component|auto_generated|divider|divider|op_5~20  from: cin  to: combout
    Info (332098): Cell: divide2|LPM_DIVIDE_component|auto_generated|divider|divider|op_5~20  from: datab  to: combout
    Info (332098): Cell: divide2|LPM_DIVIDE_component|auto_generated|divider|divider|op_5~22  from: cin  to: combout
    Info (332098): Cell: divide2|LPM_DIVIDE_component|auto_generated|divider|divider|op_5~22  from: datab  to: combout
    Info (332098): Cell: divide2|LPM_DIVIDE_component|auto_generated|divider|divider|op_5~24  from: cin  to: combout
    Info (332098): Cell: divide2|LPM_DIVIDE_component|auto_generated|divider|divider|op_5~24  from: datab  to: combout
    Info (332098): Cell: divide2|LPM_DIVIDE_component|auto_generated|divider|divider|op_5~2  from: cin  to: combout
    Info (332098): Cell: divide2|LPM_DIVIDE_component|auto_generated|divider|divider|op_5~2  from: dataa  to: cout
    Info (332098): Cell: divide2|LPM_DIVIDE_component|auto_generated|divider|divider|op_5~2  from: datab  to: cout
    Info (332098): Cell: divide2|LPM_DIVIDE_component|auto_generated|divider|divider|op_5~4  from: cin  to: combout
    Info (332098): Cell: divide2|LPM_DIVIDE_component|auto_generated|divider|divider|op_5~4  from: datab  to: combout
    Info (332098): Cell: divide2|LPM_DIVIDE_component|auto_generated|divider|divider|op_5~6  from: cin  to: combout
    Info (332098): Cell: divide2|LPM_DIVIDE_component|auto_generated|divider|divider|op_5~6  from: dataa  to: combout
    Info (332098): Cell: divide2|LPM_DIVIDE_component|auto_generated|divider|divider|op_5~8  from: cin  to: combout
    Info (332098): Cell: divide2|LPM_DIVIDE_component|auto_generated|divider|divider|op_5~8  from: dataa  to: combout
    Info (332098): Cell: divide2|LPM_DIVIDE_component|auto_generated|divider|divider|op_6~10  from: cin  to: combout
    Info (332098): Cell: divide2|LPM_DIVIDE_component|auto_generated|divider|divider|op_6~10  from: dataa  to: combout
    Info (332098): Cell: divide2|LPM_DIVIDE_component|auto_generated|divider|divider|op_6~12  from: cin  to: combout
    Info (332098): Cell: divide2|LPM_DIVIDE_component|auto_generated|divider|divider|op_6~12  from: dataa  to: combout
    Info (332098): Cell: divide2|LPM_DIVIDE_component|auto_generated|divider|divider|op_6~14  from: cin  to: combout
    Info (332098): Cell: divide2|LPM_DIVIDE_component|auto_generated|divider|divider|op_6~14  from: datab  to: combout
    Info (332098): Cell: divide2|LPM_DIVIDE_component|auto_generated|divider|divider|op_6~16  from: cin  to: combout
    Info (332098): Cell: divide2|LPM_DIVIDE_component|auto_generated|divider|divider|op_6~16  from: datab  to: combout
    Info (332098): Cell: divide2|LPM_DIVIDE_component|auto_generated|divider|divider|op_6~18  from: cin  to: combout
    Info (332098): Cell: divide2|LPM_DIVIDE_component|auto_generated|divider|divider|op_6~18  from: datab  to: combout
    Info (332098): Cell: divide2|LPM_DIVIDE_component|auto_generated|divider|divider|op_6~20  from: cin  to: combout
    Info (332098): Cell: divide2|LPM_DIVIDE_component|auto_generated|divider|divider|op_6~20  from: dataa  to: combout
    Info (332098): Cell: divide2|LPM_DIVIDE_component|auto_generated|divider|divider|op_6~22  from: cin  to: combout
    Info (332098): Cell: divide2|LPM_DIVIDE_component|auto_generated|divider|divider|op_6~22  from: datab  to: combout
    Info (332098): Cell: divide2|LPM_DIVIDE_component|auto_generated|divider|divider|op_6~24  from: cin  to: combout
    Info (332098): Cell: divide2|LPM_DIVIDE_component|auto_generated|divider|divider|op_6~24  from: datab  to: combout
    Info (332098): Cell: divide2|LPM_DIVIDE_component|auto_generated|divider|divider|op_6~26  from: cin  to: combout
    Info (332098): Cell: divide2|LPM_DIVIDE_component|auto_generated|divider|divider|op_6~26  from: datab  to: combout
    Info (332098): Cell: divide2|LPM_DIVIDE_component|auto_generated|divider|divider|op_6~2  from: cin  to: combout
    Info (332098): Cell: divide2|LPM_DIVIDE_component|auto_generated|divider|divider|op_6~2  from: dataa  to: cout
    Info (332098): Cell: divide2|LPM_DIVIDE_component|auto_generated|divider|divider|op_6~2  from: datab  to: cout
    Info (332098): Cell: divide2|LPM_DIVIDE_component|auto_generated|divider|divider|op_6~4  from: cin  to: combout
    Info (332098): Cell: divide2|LPM_DIVIDE_component|auto_generated|divider|divider|op_6~4  from: datab  to: combout
    Info (332098): Cell: divide2|LPM_DIVIDE_component|auto_generated|divider|divider|op_6~6  from: cin  to: combout
    Info (332098): Cell: divide2|LPM_DIVIDE_component|auto_generated|divider|divider|op_6~6  from: datab  to: combout
    Info (332098): Cell: divide2|LPM_DIVIDE_component|auto_generated|divider|divider|op_6~8  from: cin  to: combout
    Info (332098): Cell: divide2|LPM_DIVIDE_component|auto_generated|divider|divider|op_6~8  from: dataa  to: combout
    Info (332098): Cell: divide3|LPM_DIVIDE_component|auto_generated|divider|divider|StageOut[100]~11  from: datac  to: combout
    Info (332098): Cell: divide3|LPM_DIVIDE_component|auto_generated|divider|divider|StageOut[101]~10  from: datac  to: combout
    Info (332098): Cell: divide3|LPM_DIVIDE_component|auto_generated|divider|divider|StageOut[102]~92  from: dataa  to: combout
    Info (332098): Cell: divide3|LPM_DIVIDE_component|auto_generated|divider|divider|StageOut[114]~19  from: dataa  to: combout
    Info (332098): Cell: divide3|LPM_DIVIDE_component|auto_generated|divider|divider|StageOut[114]~19  from: datab  to: combout
    Info (332098): Cell: divide3|LPM_DIVIDE_component|auto_generated|divider|divider|StageOut[114]~19  from: datad  to: combout
    Info (332098): Cell: divide3|LPM_DIVIDE_component|auto_generated|divider|divider|StageOut[115]~18  from: datac  to: combout
    Info (332098): Cell: divide3|LPM_DIVIDE_component|auto_generated|divider|divider|StageOut[116]~17  from: datab  to: combout
    Info (332098): Cell: divide3|LPM_DIVIDE_component|auto_generated|divider|divider|StageOut[117]~16  from: datac  to: combout
    Info (332098): Cell: divide3|LPM_DIVIDE_component|auto_generated|divider|divider|StageOut[118]~15  from: datab  to: combout
    Info (332098): Cell: divide3|LPM_DIVIDE_component|auto_generated|divider|divider|StageOut[119]~14  from: datad  to: combout
    Info (332098): Cell: divide3|LPM_DIVIDE_component|auto_generated|divider|divider|StageOut[130]~26  from: dataa  to: combout
    Info (332098): Cell: divide3|LPM_DIVIDE_component|auto_generated|divider|divider|StageOut[130]~26  from: datac  to: combout
    Info (332098): Cell: divide3|LPM_DIVIDE_component|auto_generated|divider|divider|StageOut[130]~26  from: datad  to: combout
    Info (332098): Cell: divide3|LPM_DIVIDE_component|auto_generated|divider|divider|StageOut[131]~25  from: datac  to: combout
    Info (332098): Cell: divide3|LPM_DIVIDE_component|auto_generated|divider|divider|StageOut[132]~24  from: datad  to: combout
    Info (332098): Cell: divide3|LPM_DIVIDE_component|auto_generated|divider|divider|StageOut[133]~23  from: datad  to: combout
    Info (332098): Cell: divide3|LPM_DIVIDE_component|auto_generated|divider|divider|StageOut[134]~22  from: datab  to: combout
    Info (332098): Cell: divide3|LPM_DIVIDE_component|auto_generated|divider|divider|StageOut[135]~21  from: datad  to: combout
    Info (332098): Cell: divide3|LPM_DIVIDE_component|auto_generated|divider|divider|StageOut[136]~20  from: datad  to: combout
    Info (332098): Cell: divide3|LPM_DIVIDE_component|auto_generated|divider|divider|StageOut[146]~34  from: datab  to: combout
    Info (332098): Cell: divide3|LPM_DIVIDE_component|auto_generated|divider|divider|StageOut[146]~34  from: datac  to: combout
    Info (332098): Cell: divide3|LPM_DIVIDE_component|auto_generated|divider|divider|StageOut[146]~34  from: datad  to: combout
    Info (332098): Cell: divide3|LPM_DIVIDE_component|auto_generated|divider|divider|StageOut[147]~33  from: datac  to: combout
    Info (332098): Cell: divide3|LPM_DIVIDE_component|auto_generated|divider|divider|StageOut[148]~32  from: datad  to: combout
    Info (332098): Cell: divide3|LPM_DIVIDE_component|auto_generated|divider|divider|StageOut[149]~31  from: datac  to: combout
    Info (332098): Cell: divide3|LPM_DIVIDE_component|auto_generated|divider|divider|StageOut[150]~30  from: datab  to: combout
    Info (332098): Cell: divide3|LPM_DIVIDE_component|auto_generated|divider|divider|StageOut[151]~29  from: datad  to: combout
    Info (332098): Cell: divide3|LPM_DIVIDE_component|auto_generated|divider|divider|StageOut[152]~28  from: datad  to: combout
    Info (332098): Cell: divide3|LPM_DIVIDE_component|auto_generated|divider|divider|StageOut[153]~27  from: datad  to: combout
    Info (332098): Cell: divide3|LPM_DIVIDE_component|auto_generated|divider|divider|StageOut[162]~43  from: dataa  to: combout
    Info (332098): Cell: divide3|LPM_DIVIDE_component|auto_generated|divider|divider|StageOut[162]~43  from: datab  to: combout
    Info (332098): Cell: divide3|LPM_DIVIDE_component|auto_generated|divider|divider|StageOut[162]~43  from: datad  to: combout
    Info (332098): Cell: divide3|LPM_DIVIDE_component|auto_generated|divider|divider|StageOut[163]~42  from: datad  to: combout
    Info (332098): Cell: divide3|LPM_DIVIDE_component|auto_generated|divider|divider|StageOut[164]~41  from: datad  to: combout
    Info (332098): Cell: divide3|LPM_DIVIDE_component|auto_generated|divider|divider|StageOut[165]~40  from: datad  to: combout
    Info (332098): Cell: divide3|LPM_DIVIDE_component|auto_generated|divider|divider|StageOut[166]~39  from: datad  to: combout
    Info (332098): Cell: divide3|LPM_DIVIDE_component|auto_generated|divider|divider|StageOut[167]~38  from: datad  to: combout
    Info (332098): Cell: divide3|LPM_DIVIDE_component|auto_generated|divider|divider|StageOut[168]~37  from: datac  to: combout
    Info (332098): Cell: divide3|LPM_DIVIDE_component|auto_generated|divider|divider|StageOut[169]~36  from: datad  to: combout
    Info (332098): Cell: divide3|LPM_DIVIDE_component|auto_generated|divider|divider|StageOut[170]~35  from: datad  to: combout
    Info (332098): Cell: divide3|LPM_DIVIDE_component|auto_generated|divider|divider|StageOut[178]~53  from: dataa  to: combout
    Info (332098): Cell: divide3|LPM_DIVIDE_component|auto_generated|divider|divider|StageOut[178]~53  from: datab  to: combout
    Info (332098): Cell: divide3|LPM_DIVIDE_component|auto_generated|divider|divider|StageOut[178]~53  from: datad  to: combout
    Info (332098): Cell: divide3|LPM_DIVIDE_component|auto_generated|divider|divider|StageOut[179]~52  from: datac  to: combout
    Info (332098): Cell: divide3|LPM_DIVIDE_component|auto_generated|divider|divider|StageOut[180]~51  from: datac  to: combout
    Info (332098): Cell: divide3|LPM_DIVIDE_component|auto_generated|divider|divider|StageOut[181]~50  from: datad  to: combout
    Info (332098): Cell: divide3|LPM_DIVIDE_component|auto_generated|divider|divider|StageOut[182]~49  from: datad  to: combout
    Info (332098): Cell: divide3|LPM_DIVIDE_component|auto_generated|divider|divider|StageOut[183]~48  from: datac  to: combout
    Info (332098): Cell: divide3|LPM_DIVIDE_component|auto_generated|divider|divider|StageOut[184]~47  from: datac  to: combout
    Info (332098): Cell: divide3|LPM_DIVIDE_component|auto_generated|divider|divider|StageOut[185]~46  from: datac  to: combout
    Info (332098): Cell: divide3|LPM_DIVIDE_component|auto_generated|divider|divider|StageOut[186]~45  from: datad  to: combout
    Info (332098): Cell: divide3|LPM_DIVIDE_component|auto_generated|divider|divider|StageOut[187]~44  from: datab  to: combout
    Info (332098): Cell: divide3|LPM_DIVIDE_component|auto_generated|divider|divider|StageOut[194]~64  from: datab  to: combout
    Info (332098): Cell: divide3|LPM_DIVIDE_component|auto_generated|divider|divider|StageOut[194]~64  from: datac  to: combout
    Info (332098): Cell: divide3|LPM_DIVIDE_component|auto_generated|divider|divider|StageOut[194]~64  from: datad  to: combout
    Info (332098): Cell: divide3|LPM_DIVIDE_component|auto_generated|divider|divider|StageOut[195]~63  from: datac  to: combout
    Info (332098): Cell: divide3|LPM_DIVIDE_component|auto_generated|divider|divider|StageOut[196]~62  from: datad  to: combout
    Info (332098): Cell: divide3|LPM_DIVIDE_component|auto_generated|divider|divider|StageOut[197]~61  from: datac  to: combout
    Info (332098): Cell: divide3|LPM_DIVIDE_component|auto_generated|divider|divider|StageOut[198]~60  from: datac  to: combout
    Info (332098): Cell: divide3|LPM_DIVIDE_component|auto_generated|divider|divider|StageOut[199]~59  from: datad  to: combout
    Info (332098): Cell: divide3|LPM_DIVIDE_component|auto_generated|divider|divider|StageOut[200]~58  from: datad  to: combout
    Info (332098): Cell: divide3|LPM_DIVIDE_component|auto_generated|divider|divider|StageOut[201]~57  from: datad  to: combout
    Info (332098): Cell: divide3|LPM_DIVIDE_component|auto_generated|divider|divider|StageOut[202]~56  from: datad  to: combout
    Info (332098): Cell: divide3|LPM_DIVIDE_component|auto_generated|divider|divider|StageOut[203]~55  from: datad  to: combout
    Info (332098): Cell: divide3|LPM_DIVIDE_component|auto_generated|divider|divider|StageOut[204]~54  from: datad  to: combout
    Info (332098): Cell: divide3|LPM_DIVIDE_component|auto_generated|divider|divider|StageOut[210]~76  from: dataa  to: combout
    Info (332098): Cell: divide3|LPM_DIVIDE_component|auto_generated|divider|divider|StageOut[210]~76  from: datab  to: combout
    Info (332098): Cell: divide3|LPM_DIVIDE_component|auto_generated|divider|divider|StageOut[210]~76  from: datad  to: combout
    Info (332098): Cell: divide3|LPM_DIVIDE_component|auto_generated|divider|divider|StageOut[211]~75  from: datad  to: combout
    Info (332098): Cell: divide3|LPM_DIVIDE_component|auto_generated|divider|divider|StageOut[212]~74  from: datad  to: combout
    Info (332098): Cell: divide3|LPM_DIVIDE_component|auto_generated|divider|divider|StageOut[213]~73  from: datad  to: combout
    Info (332098): Cell: divide3|LPM_DIVIDE_component|auto_generated|divider|divider|StageOut[214]~72  from: datad  to: combout
    Info (332098): Cell: divide3|LPM_DIVIDE_component|auto_generated|divider|divider|StageOut[215]~71  from: datac  to: combout
    Info (332098): Cell: divide3|LPM_DIVIDE_component|auto_generated|divider|divider|StageOut[216]~70  from: datac  to: combout
    Info (332098): Cell: divide3|LPM_DIVIDE_component|auto_generated|divider|divider|StageOut[217]~69  from: datac  to: combout
    Info (332098): Cell: divide3|LPM_DIVIDE_component|auto_generated|divider|divider|StageOut[218]~68  from: datad  to: combout
    Info (332098): Cell: divide3|LPM_DIVIDE_component|auto_generated|divider|divider|StageOut[219]~67  from: datad  to: combout
    Info (332098): Cell: divide3|LPM_DIVIDE_component|auto_generated|divider|divider|StageOut[220]~66  from: datac  to: combout
    Info (332098): Cell: divide3|LPM_DIVIDE_component|auto_generated|divider|divider|StageOut[221]~65  from: datad  to: combout
    Info (332098): Cell: divide3|LPM_DIVIDE_component|auto_generated|divider|divider|StageOut[226]~77  from: dataa  to: combout
    Info (332098): Cell: divide3|LPM_DIVIDE_component|auto_generated|divider|divider|StageOut[226]~77  from: datac  to: combout
    Info (332098): Cell: divide3|LPM_DIVIDE_component|auto_generated|divider|divider|StageOut[226]~77  from: datad  to: combout
    Info (332098): Cell: divide3|LPM_DIVIDE_component|auto_generated|divider|divider|StageOut[227]~89  from: datad  to: combout
    Info (332098): Cell: divide3|LPM_DIVIDE_component|auto_generated|divider|divider|StageOut[228]~88  from: datad  to: combout
    Info (332098): Cell: divide3|LPM_DIVIDE_component|auto_generated|divider|divider|StageOut[229]~87  from: datad  to: combout
    Info (332098): Cell: divide3|LPM_DIVIDE_component|auto_generated|divider|divider|StageOut[230]~86  from: datad  to: combout
    Info (332098): Cell: divide3|LPM_DIVIDE_component|auto_generated|divider|divider|StageOut[231]~85  from: datac  to: combout
    Info (332098): Cell: divide3|LPM_DIVIDE_component|auto_generated|divider|divider|StageOut[232]~84  from: datac  to: combout
    Info (332098): Cell: divide3|LPM_DIVIDE_component|auto_generated|divider|divider|StageOut[233]~83  from: datac  to: combout
    Info (332098): Cell: divide3|LPM_DIVIDE_component|auto_generated|divider|divider|StageOut[234]~82  from: datad  to: combout
    Info (332098): Cell: divide3|LPM_DIVIDE_component|auto_generated|divider|divider|StageOut[235]~81  from: datad  to: combout
    Info (332098): Cell: divide3|LPM_DIVIDE_component|auto_generated|divider|divider|StageOut[236]~80  from: datad  to: combout
    Info (332098): Cell: divide3|LPM_DIVIDE_component|auto_generated|divider|divider|StageOut[237]~79  from: datac  to: combout
    Info (332098): Cell: divide3|LPM_DIVIDE_component|auto_generated|divider|divider|StageOut[238]~78  from: datad  to: combout
    Info (332098): Cell: divide3|LPM_DIVIDE_component|auto_generated|divider|divider|StageOut[241]~93  from: datab  to: combout
    Info (332098): Cell: divide3|LPM_DIVIDE_component|auto_generated|divider|divider|StageOut[241]~93  from: datac  to: combout
    Info (332098): Cell: divide3|LPM_DIVIDE_component|auto_generated|divider|divider|StageOut[241]~93  from: datad  to: combout
    Info (332098): Cell: divide3|LPM_DIVIDE_component|auto_generated|divider|divider|StageOut[242]~91  from: dataa  to: combout
    Info (332098): Cell: divide3|LPM_DIVIDE_component|auto_generated|divider|divider|StageOut[242]~91  from: datab  to: combout
    Info (332098): Cell: divide3|LPM_DIVIDE_component|auto_generated|divider|divider|StageOut[242]~91  from: datac  to: combout
    Info (332098): Cell: divide3|LPM_DIVIDE_component|auto_generated|divider|divider|StageOut[243]~90  from: dataa  to: combout
    Info (332098): Cell: divide3|LPM_DIVIDE_component|auto_generated|divider|divider|StageOut[66]~5  from: dataa  to: combout
    Info (332098): Cell: divide3|LPM_DIVIDE_component|auto_generated|divider|divider|StageOut[66]~5  from: datab  to: combout
    Info (332098): Cell: divide3|LPM_DIVIDE_component|auto_generated|divider|divider|StageOut[66]~5  from: datac  to: combout
    Info (332098): Cell: divide3|LPM_DIVIDE_component|auto_generated|divider|divider|StageOut[66]~5  from: datad  to: combout
    Info (332098): Cell: divide3|LPM_DIVIDE_component|auto_generated|divider|divider|StageOut[67]~4  from: dataa  to: combout
    Info (332098): Cell: divide3|LPM_DIVIDE_component|auto_generated|divider|divider|StageOut[67]~4  from: datab  to: combout
    Info (332098): Cell: divide3|LPM_DIVIDE_component|auto_generated|divider|divider|StageOut[67]~4  from: datac  to: combout
    Info (332098): Cell: divide3|LPM_DIVIDE_component|auto_generated|divider|divider|StageOut[67]~4  from: datad  to: combout
    Info (332098): Cell: divide3|LPM_DIVIDE_component|auto_generated|divider|divider|StageOut[82]~9  from: dataa  to: combout
    Info (332098): Cell: divide3|LPM_DIVIDE_component|auto_generated|divider|divider|StageOut[82]~9  from: datac  to: combout
    Info (332098): Cell: divide3|LPM_DIVIDE_component|auto_generated|divider|divider|StageOut[82]~9  from: datad  to: combout
    Info (332098): Cell: divide3|LPM_DIVIDE_component|auto_generated|divider|divider|StageOut[83]~8  from: datad  to: combout
    Info (332098): Cell: divide3|LPM_DIVIDE_component|auto_generated|divider|divider|StageOut[84]~7  from: datad  to: combout
    Info (332098): Cell: divide3|LPM_DIVIDE_component|auto_generated|divider|divider|StageOut[98]~13  from: dataa  to: combout
    Info (332098): Cell: divide3|LPM_DIVIDE_component|auto_generated|divider|divider|StageOut[98]~13  from: datab  to: combout
    Info (332098): Cell: divide3|LPM_DIVIDE_component|auto_generated|divider|divider|StageOut[98]~13  from: datac  to: combout
    Info (332098): Cell: divide3|LPM_DIVIDE_component|auto_generated|divider|divider|StageOut[99]~12  from: datac  to: combout
    Info (332098): Cell: divide3|LPM_DIVIDE_component|auto_generated|divider|divider|op_10~2  from: cin  to: combout
    Info (332098): Cell: divide3|LPM_DIVIDE_component|auto_generated|divider|divider|op_10~2  from: dataa  to: cout
    Info (332098): Cell: divide3|LPM_DIVIDE_component|auto_generated|divider|divider|op_10~2  from: datab  to: cout
    Info (332098): Cell: divide3|LPM_DIVIDE_component|auto_generated|divider|divider|op_10~4  from: cin  to: combout
    Info (332098): Cell: divide3|LPM_DIVIDE_component|auto_generated|divider|divider|op_10~4  from: datab  to: combout
    Info (332098): Cell: divide3|LPM_DIVIDE_component|auto_generated|divider|divider|op_10~6  from: cin  to: combout
    Info (332098): Cell: divide3|LPM_DIVIDE_component|auto_generated|divider|divider|op_10~6  from: dataa  to: combout
    Info (332098): Cell: divide3|LPM_DIVIDE_component|auto_generated|divider|divider|op_10~8  from: cin  to: combout
    Info (332098): Cell: divide3|LPM_DIVIDE_component|auto_generated|divider|divider|op_11~10  from: cin  to: combout
    Info (332098): Cell: divide3|LPM_DIVIDE_component|auto_generated|divider|divider|op_11~10  from: datab  to: combout
    Info (332098): Cell: divide3|LPM_DIVIDE_component|auto_generated|divider|divider|op_11~2  from: cin  to: combout
    Info (332098): Cell: divide3|LPM_DIVIDE_component|auto_generated|divider|divider|op_11~2  from: dataa  to: cout
    Info (332098): Cell: divide3|LPM_DIVIDE_component|auto_generated|divider|divider|op_11~2  from: datab  to: cout
    Info (332098): Cell: divide3|LPM_DIVIDE_component|auto_generated|divider|divider|op_11~4  from: cin  to: combout
    Info (332098): Cell: divide3|LPM_DIVIDE_component|auto_generated|divider|divider|op_11~4  from: dataa  to: combout
    Info (332098): Cell: divide3|LPM_DIVIDE_component|auto_generated|divider|divider|op_11~6  from: cin  to: combout
    Info (332098): Cell: divide3|LPM_DIVIDE_component|auto_generated|divider|divider|op_11~6  from: datab  to: combout
    Info (332098): Cell: divide3|LPM_DIVIDE_component|auto_generated|divider|divider|op_11~8  from: cin  to: combout
    Info (332098): Cell: divide3|LPM_DIVIDE_component|auto_generated|divider|divider|op_11~8  from: datab  to: combout
    Info (332098): Cell: divide3|LPM_DIVIDE_component|auto_generated|divider|divider|op_12~10  from: cin  to: combout
    Info (332098): Cell: divide3|LPM_DIVIDE_component|auto_generated|divider|divider|op_12~10  from: datab  to: combout
    Info (332098): Cell: divide3|LPM_DIVIDE_component|auto_generated|divider|divider|op_12~12  from: cin  to: combout
    Info (332098): Cell: divide3|LPM_DIVIDE_component|auto_generated|divider|divider|op_12~12  from: dataa  to: combout
    Info (332098): Cell: divide3|LPM_DIVIDE_component|auto_generated|divider|divider|op_12~2  from: cin  to: combout
    Info (332098): Cell: divide3|LPM_DIVIDE_component|auto_generated|divider|divider|op_12~2  from: dataa  to: cout
    Info (332098): Cell: divide3|LPM_DIVIDE_component|auto_generated|divider|divider|op_12~2  from: datab  to: cout
    Info (332098): Cell: divide3|LPM_DIVIDE_component|auto_generated|divider|divider|op_12~4  from: cin  to: combout
    Info (332098): Cell: divide3|LPM_DIVIDE_component|auto_generated|divider|divider|op_12~4  from: datab  to: combout
    Info (332098): Cell: divide3|LPM_DIVIDE_component|auto_generated|divider|divider|op_12~6  from: cin  to: combout
    Info (332098): Cell: divide3|LPM_DIVIDE_component|auto_generated|divider|divider|op_12~6  from: dataa  to: combout
    Info (332098): Cell: divide3|LPM_DIVIDE_component|auto_generated|divider|divider|op_12~8  from: cin  to: combout
    Info (332098): Cell: divide3|LPM_DIVIDE_component|auto_generated|divider|divider|op_12~8  from: datab  to: combout
    Info (332098): Cell: divide3|LPM_DIVIDE_component|auto_generated|divider|divider|op_13~10  from: cin  to: combout
    Info (332098): Cell: divide3|LPM_DIVIDE_component|auto_generated|divider|divider|op_13~10  from: datab  to: combout
    Info (332098): Cell: divide3|LPM_DIVIDE_component|auto_generated|divider|divider|op_13~12  from: cin  to: combout
    Info (332098): Cell: divide3|LPM_DIVIDE_component|auto_generated|divider|divider|op_13~12  from: datab  to: combout
    Info (332098): Cell: divide3|LPM_DIVIDE_component|auto_generated|divider|divider|op_13~14  from: cin  to: combout
    Info (332098): Cell: divide3|LPM_DIVIDE_component|auto_generated|divider|divider|op_13~14  from: dataa  to: combout
    Info (332098): Cell: divide3|LPM_DIVIDE_component|auto_generated|divider|divider|op_13~2  from: cin  to: combout
    Info (332098): Cell: divide3|LPM_DIVIDE_component|auto_generated|divider|divider|op_13~2  from: dataa  to: cout
    Info (332098): Cell: divide3|LPM_DIVIDE_component|auto_generated|divider|divider|op_13~2  from: datab  to: cout
    Info (332098): Cell: divide3|LPM_DIVIDE_component|auto_generated|divider|divider|op_13~4  from: cin  to: combout
    Info (332098): Cell: divide3|LPM_DIVIDE_component|auto_generated|divider|divider|op_13~4  from: dataa  to: combout
    Info (332098): Cell: divide3|LPM_DIVIDE_component|auto_generated|divider|divider|op_13~6  from: cin  to: combout
    Info (332098): Cell: divide3|LPM_DIVIDE_component|auto_generated|divider|divider|op_13~6  from: datab  to: combout
    Info (332098): Cell: divide3|LPM_DIVIDE_component|auto_generated|divider|divider|op_13~8  from: cin  to: combout
    Info (332098): Cell: divide3|LPM_DIVIDE_component|auto_generated|divider|divider|op_13~8  from: dataa  to: combout
    Info (332098): Cell: divide3|LPM_DIVIDE_component|auto_generated|divider|divider|op_14~10  from: cin  to: combout
    Info (332098): Cell: divide3|LPM_DIVIDE_component|auto_generated|divider|divider|op_14~10  from: datab  to: combout
    Info (332098): Cell: divide3|LPM_DIVIDE_component|auto_generated|divider|divider|op_14~12  from: cin  to: combout
    Info (332098): Cell: divide3|LPM_DIVIDE_component|auto_generated|divider|divider|op_14~12  from: dataa  to: combout
    Info (332098): Cell: divide3|LPM_DIVIDE_component|auto_generated|divider|divider|op_14~14  from: cin  to: combout
    Info (332098): Cell: divide3|LPM_DIVIDE_component|auto_generated|divider|divider|op_14~14  from: dataa  to: combout
    Info (332098): Cell: divide3|LPM_DIVIDE_component|auto_generated|divider|divider|op_14~16  from: cin  to: combout
    Info (332098): Cell: divide3|LPM_DIVIDE_component|auto_generated|divider|divider|op_14~16  from: dataa  to: combout
    Info (332098): Cell: divide3|LPM_DIVIDE_component|auto_generated|divider|divider|op_14~2  from: cin  to: combout
    Info (332098): Cell: divide3|LPM_DIVIDE_component|auto_generated|divider|divider|op_14~2  from: dataa  to: cout
    Info (332098): Cell: divide3|LPM_DIVIDE_component|auto_generated|divider|divider|op_14~2  from: datab  to: cout
    Info (332098): Cell: divide3|LPM_DIVIDE_component|auto_generated|divider|divider|op_14~4  from: cin  to: combout
    Info (332098): Cell: divide3|LPM_DIVIDE_component|auto_generated|divider|divider|op_14~4  from: datab  to: combout
    Info (332098): Cell: divide3|LPM_DIVIDE_component|auto_generated|divider|divider|op_14~6  from: cin  to: combout
    Info (332098): Cell: divide3|LPM_DIVIDE_component|auto_generated|divider|divider|op_14~6  from: dataa  to: combout
    Info (332098): Cell: divide3|LPM_DIVIDE_component|auto_generated|divider|divider|op_14~8  from: cin  to: combout
    Info (332098): Cell: divide3|LPM_DIVIDE_component|auto_generated|divider|divider|op_14~8  from: datab  to: combout
    Info (332098): Cell: divide3|LPM_DIVIDE_component|auto_generated|divider|divider|op_1~10  from: cin  to: combout
    Info (332098): Cell: divide3|LPM_DIVIDE_component|auto_generated|divider|divider|op_1~10  from: datab  to: combout
    Info (332098): Cell: divide3|LPM_DIVIDE_component|auto_generated|divider|divider|op_1~12  from: cin  to: combout
    Info (332098): Cell: divide3|LPM_DIVIDE_component|auto_generated|divider|divider|op_1~12  from: datab  to: combout
    Info (332098): Cell: divide3|LPM_DIVIDE_component|auto_generated|divider|divider|op_1~14  from: cin  to: combout
    Info (332098): Cell: divide3|LPM_DIVIDE_component|auto_generated|divider|divider|op_1~14  from: dataa  to: combout
    Info (332098): Cell: divide3|LPM_DIVIDE_component|auto_generated|divider|divider|op_1~16  from: cin  to: combout
    Info (332098): Cell: divide3|LPM_DIVIDE_component|auto_generated|divider|divider|op_1~16  from: datab  to: combout
    Info (332098): Cell: divide3|LPM_DIVIDE_component|auto_generated|divider|divider|op_1~18  from: cin  to: combout
    Info (332098): Cell: divide3|LPM_DIVIDE_component|auto_generated|divider|divider|op_1~18  from: dataa  to: combout
    Info (332098): Cell: divide3|LPM_DIVIDE_component|auto_generated|divider|divider|op_1~2  from: cin  to: combout
    Info (332098): Cell: divide3|LPM_DIVIDE_component|auto_generated|divider|divider|op_1~2  from: dataa  to: cout
    Info (332098): Cell: divide3|LPM_DIVIDE_component|auto_generated|divider|divider|op_1~2  from: datab  to: cout
    Info (332098): Cell: divide3|LPM_DIVIDE_component|auto_generated|divider|divider|op_1~4  from: cin  to: combout
    Info (332098): Cell: divide3|LPM_DIVIDE_component|auto_generated|divider|divider|op_1~4  from: dataa  to: combout
    Info (332098): Cell: divide3|LPM_DIVIDE_component|auto_generated|divider|divider|op_1~6  from: cin  to: combout
    Info (332098): Cell: divide3|LPM_DIVIDE_component|auto_generated|divider|divider|op_1~6  from: dataa  to: combout
    Info (332098): Cell: divide3|LPM_DIVIDE_component|auto_generated|divider|divider|op_1~8  from: cin  to: combout
    Info (332098): Cell: divide3|LPM_DIVIDE_component|auto_generated|divider|divider|op_1~8  from: dataa  to: combout
    Info (332098): Cell: divide3|LPM_DIVIDE_component|auto_generated|divider|divider|op_2~10  from: cin  to: combout
    Info (332098): Cell: divide3|LPM_DIVIDE_component|auto_generated|divider|divider|op_2~10  from: datab  to: combout
    Info (332098): Cell: divide3|LPM_DIVIDE_component|auto_generated|divider|divider|op_2~12  from: cin  to: combout
    Info (332098): Cell: divide3|LPM_DIVIDE_component|auto_generated|divider|divider|op_2~12  from: datab  to: combout
    Info (332098): Cell: divide3|LPM_DIVIDE_component|auto_generated|divider|divider|op_2~14  from: cin  to: combout
    Info (332098): Cell: divide3|LPM_DIVIDE_component|auto_generated|divider|divider|op_2~14  from: dataa  to: combout
    Info (332098): Cell: divide3|LPM_DIVIDE_component|auto_generated|divider|divider|op_2~16  from: cin  to: combout
    Info (332098): Cell: divide3|LPM_DIVIDE_component|auto_generated|divider|divider|op_2~16  from: dataa  to: combout
    Info (332098): Cell: divide3|LPM_DIVIDE_component|auto_generated|divider|divider|op_2~18  from: cin  to: combout
    Info (332098): Cell: divide3|LPM_DIVIDE_component|auto_generated|divider|divider|op_2~18  from: dataa  to: combout
    Info (332098): Cell: divide3|LPM_DIVIDE_component|auto_generated|divider|divider|op_2~20  from: cin  to: combout
    Info (332098): Cell: divide3|LPM_DIVIDE_component|auto_generated|divider|divider|op_2~20  from: dataa  to: combout
    Info (332098): Cell: divide3|LPM_DIVIDE_component|auto_generated|divider|divider|op_2~2  from: cin  to: combout
    Info (332098): Cell: divide3|LPM_DIVIDE_component|auto_generated|divider|divider|op_2~2  from: dataa  to: cout
    Info (332098): Cell: divide3|LPM_DIVIDE_component|auto_generated|divider|divider|op_2~2  from: datab  to: cout
    Info (332098): Cell: divide3|LPM_DIVIDE_component|auto_generated|divider|divider|op_2~4  from: cin  to: combout
    Info (332098): Cell: divide3|LPM_DIVIDE_component|auto_generated|divider|divider|op_2~4  from: datab  to: combout
    Info (332098): Cell: divide3|LPM_DIVIDE_component|auto_generated|divider|divider|op_2~6  from: cin  to: combout
    Info (332098): Cell: divide3|LPM_DIVIDE_component|auto_generated|divider|divider|op_2~6  from: datab  to: combout
    Info (332098): Cell: divide3|LPM_DIVIDE_component|auto_generated|divider|divider|op_2~8  from: cin  to: combout
    Info (332098): Cell: divide3|LPM_DIVIDE_component|auto_generated|divider|divider|op_2~8  from: datab  to: combout
    Info (332098): Cell: divide3|LPM_DIVIDE_component|auto_generated|divider|divider|op_3~10  from: cin  to: combout
    Info (332098): Cell: divide3|LPM_DIVIDE_component|auto_generated|divider|divider|op_3~10  from: dataa  to: combout
    Info (332098): Cell: divide3|LPM_DIVIDE_component|auto_generated|divider|divider|op_3~12  from: cin  to: combout
    Info (332098): Cell: divide3|LPM_DIVIDE_component|auto_generated|divider|divider|op_3~12  from: dataa  to: combout
    Info (332098): Cell: divide3|LPM_DIVIDE_component|auto_generated|divider|divider|op_3~14  from: cin  to: combout
    Info (332098): Cell: divide3|LPM_DIVIDE_component|auto_generated|divider|divider|op_3~14  from: datab  to: combout
    Info (332098): Cell: divide3|LPM_DIVIDE_component|auto_generated|divider|divider|op_3~16  from: cin  to: combout
    Info (332098): Cell: divide3|LPM_DIVIDE_component|auto_generated|divider|divider|op_3~16  from: datab  to: combout
    Info (332098): Cell: divide3|LPM_DIVIDE_component|auto_generated|divider|divider|op_3~18  from: cin  to: combout
    Info (332098): Cell: divide3|LPM_DIVIDE_component|auto_generated|divider|divider|op_3~18  from: dataa  to: combout
    Info (332098): Cell: divide3|LPM_DIVIDE_component|auto_generated|divider|divider|op_3~20  from: cin  to: combout
    Info (332098): Cell: divide3|LPM_DIVIDE_component|auto_generated|divider|divider|op_3~20  from: dataa  to: combout
    Info (332098): Cell: divide3|LPM_DIVIDE_component|auto_generated|divider|divider|op_3~22  from: cin  to: combout
    Info (332098): Cell: divide3|LPM_DIVIDE_component|auto_generated|divider|divider|op_3~22  from: dataa  to: combout
    Info (332098): Cell: divide3|LPM_DIVIDE_component|auto_generated|divider|divider|op_3~2  from: cin  to: combout
    Info (332098): Cell: divide3|LPM_DIVIDE_component|auto_generated|divider|divider|op_3~2  from: dataa  to: cout
    Info (332098): Cell: divide3|LPM_DIVIDE_component|auto_generated|divider|divider|op_3~2  from: datab  to: cout
    Info (332098): Cell: divide3|LPM_DIVIDE_component|auto_generated|divider|divider|op_3~4  from: cin  to: combout
    Info (332098): Cell: divide3|LPM_DIVIDE_component|auto_generated|divider|divider|op_3~4  from: dataa  to: combout
    Info (332098): Cell: divide3|LPM_DIVIDE_component|auto_generated|divider|divider|op_3~6  from: cin  to: combout
    Info (332098): Cell: divide3|LPM_DIVIDE_component|auto_generated|divider|divider|op_3~6  from: dataa  to: combout
    Info (332098): Cell: divide3|LPM_DIVIDE_component|auto_generated|divider|divider|op_3~8  from: cin  to: combout
    Info (332098): Cell: divide3|LPM_DIVIDE_component|auto_generated|divider|divider|op_3~8  from: datab  to: combout
    Info (332098): Cell: divide3|LPM_DIVIDE_component|auto_generated|divider|divider|op_4~10  from: cin  to: combout
    Info (332098): Cell: divide3|LPM_DIVIDE_component|auto_generated|divider|divider|op_4~10  from: dataa  to: combout
    Info (332098): Cell: divide3|LPM_DIVIDE_component|auto_generated|divider|divider|op_4~12  from: cin  to: combout
    Info (332098): Cell: divide3|LPM_DIVIDE_component|auto_generated|divider|divider|op_4~12  from: dataa  to: combout
    Info (332098): Cell: divide3|LPM_DIVIDE_component|auto_generated|divider|divider|op_4~14  from: cin  to: combout
    Info (332098): Cell: divide3|LPM_DIVIDE_component|auto_generated|divider|divider|op_4~14  from: dataa  to: combout
    Info (332098): Cell: divide3|LPM_DIVIDE_component|auto_generated|divider|divider|op_4~16  from: cin  to: combout
    Info (332098): Cell: divide3|LPM_DIVIDE_component|auto_generated|divider|divider|op_4~16  from: datab  to: combout
    Info (332098): Cell: divide3|LPM_DIVIDE_component|auto_generated|divider|divider|op_4~18  from: cin  to: combout
    Info (332098): Cell: divide3|LPM_DIVIDE_component|auto_generated|divider|divider|op_4~18  from: datab  to: combout
    Info (332098): Cell: divide3|LPM_DIVIDE_component|auto_generated|divider|divider|op_4~20  from: cin  to: combout
    Info (332098): Cell: divide3|LPM_DIVIDE_component|auto_generated|divider|divider|op_4~20  from: datab  to: combout
    Info (332098): Cell: divide3|LPM_DIVIDE_component|auto_generated|divider|divider|op_4~22  from: cin  to: combout
    Info (332098): Cell: divide3|LPM_DIVIDE_component|auto_generated|divider|divider|op_4~22  from: dataa  to: combout
    Info (332098): Cell: divide3|LPM_DIVIDE_component|auto_generated|divider|divider|op_4~24  from: cin  to: combout
    Info (332098): Cell: divide3|LPM_DIVIDE_component|auto_generated|divider|divider|op_4~24  from: datab  to: combout
    Info (332098): Cell: divide3|LPM_DIVIDE_component|auto_generated|divider|divider|op_4~2  from: cin  to: combout
    Info (332098): Cell: divide3|LPM_DIVIDE_component|auto_generated|divider|divider|op_4~2  from: dataa  to: cout
    Info (332098): Cell: divide3|LPM_DIVIDE_component|auto_generated|divider|divider|op_4~2  from: datab  to: cout
    Info (332098): Cell: divide3|LPM_DIVIDE_component|auto_generated|divider|divider|op_4~4  from: cin  to: combout
    Info (332098): Cell: divide3|LPM_DIVIDE_component|auto_generated|divider|divider|op_4~4  from: datab  to: combout
    Info (332098): Cell: divide3|LPM_DIVIDE_component|auto_generated|divider|divider|op_4~6  from: cin  to: combout
    Info (332098): Cell: divide3|LPM_DIVIDE_component|auto_generated|divider|divider|op_4~6  from: dataa  to: combout
    Info (332098): Cell: divide3|LPM_DIVIDE_component|auto_generated|divider|divider|op_4~8  from: cin  to: combout
    Info (332098): Cell: divide3|LPM_DIVIDE_component|auto_generated|divider|divider|op_4~8  from: datab  to: combout
    Info (332098): Cell: divide3|LPM_DIVIDE_component|auto_generated|divider|divider|op_5~10  from: cin  to: combout
    Info (332098): Cell: divide3|LPM_DIVIDE_component|auto_generated|divider|divider|op_5~10  from: dataa  to: combout
    Info (332098): Cell: divide3|LPM_DIVIDE_component|auto_generated|divider|divider|op_5~12  from: cin  to: combout
    Info (332098): Cell: divide3|LPM_DIVIDE_component|auto_generated|divider|divider|op_5~12  from: datab  to: combout
    Info (332098): Cell: divide3|LPM_DIVIDE_component|auto_generated|divider|divider|op_5~14  from: cin  to: combout
    Info (332098): Cell: divide3|LPM_DIVIDE_component|auto_generated|divider|divider|op_5~14  from: datab  to: combout
    Info (332098): Cell: divide3|LPM_DIVIDE_component|auto_generated|divider|divider|op_5~16  from: cin  to: combout
    Info (332098): Cell: divide3|LPM_DIVIDE_component|auto_generated|divider|divider|op_5~16  from: dataa  to: combout
    Info (332098): Cell: divide3|LPM_DIVIDE_component|auto_generated|divider|divider|op_5~18  from: cin  to: combout
    Info (332098): Cell: divide3|LPM_DIVIDE_component|auto_generated|divider|divider|op_5~18  from: datab  to: combout
    Info (332098): Cell: divide3|LPM_DIVIDE_component|auto_generated|divider|divider|op_5~1  from: dataa  to: cout
    Info (332098): Cell: divide3|LPM_DIVIDE_component|auto_generated|divider|divider|op_5~1  from: datab  to: cout
    Info (332098): Cell: divide3|LPM_DIVIDE_component|auto_generated|divider|divider|op_5~20  from: cin  to: combout
    Info (332098): Cell: divide3|LPM_DIVIDE_component|auto_generated|divider|divider|op_5~20  from: datab  to: combout
    Info (332098): Cell: divide3|LPM_DIVIDE_component|auto_generated|divider|divider|op_5~22  from: cin  to: combout
    Info (332098): Cell: divide3|LPM_DIVIDE_component|auto_generated|divider|divider|op_5~22  from: dataa  to: combout
    Info (332098): Cell: divide3|LPM_DIVIDE_component|auto_generated|divider|divider|op_5~24  from: cin  to: combout
    Info (332098): Cell: divide3|LPM_DIVIDE_component|auto_generated|divider|divider|op_5~24  from: datab  to: combout
    Info (332098): Cell: divide3|LPM_DIVIDE_component|auto_generated|divider|divider|op_5~26  from: cin  to: combout
    Info (332098): Cell: divide3|LPM_DIVIDE_component|auto_generated|divider|divider|op_5~26  from: datab  to: combout
    Info (332098): Cell: divide3|LPM_DIVIDE_component|auto_generated|divider|divider|op_5~2  from: cin  to: combout
    Info (332098): Cell: divide3|LPM_DIVIDE_component|auto_generated|divider|divider|op_5~2  from: dataa  to: cout
    Info (332098): Cell: divide3|LPM_DIVIDE_component|auto_generated|divider|divider|op_5~2  from: datab  to: cout
    Info (332098): Cell: divide3|LPM_DIVIDE_component|auto_generated|divider|divider|op_5~4  from: cin  to: combout
    Info (332098): Cell: divide3|LPM_DIVIDE_component|auto_generated|divider|divider|op_5~4  from: dataa  to: combout
    Info (332098): Cell: divide3|LPM_DIVIDE_component|auto_generated|divider|divider|op_5~6  from: cin  to: combout
    Info (332098): Cell: divide3|LPM_DIVIDE_component|auto_generated|divider|divider|op_5~6  from: datab  to: combout
    Info (332098): Cell: divide3|LPM_DIVIDE_component|auto_generated|divider|divider|op_5~8  from: cin  to: combout
    Info (332098): Cell: divide3|LPM_DIVIDE_component|auto_generated|divider|divider|op_5~8  from: dataa  to: combout
    Info (332098): Cell: divide3|LPM_DIVIDE_component|auto_generated|divider|divider|op_6~2  from: cin  to: combout
    Info (332098): Cell: divide3|LPM_DIVIDE_component|auto_generated|divider|divider|op_6~2  from: dataa  to: cout
    Info (332098): Cell: divide3|LPM_DIVIDE_component|auto_generated|divider|divider|op_6~2  from: datab  to: cout
    Info (332098): Cell: divide3|LPM_DIVIDE_component|auto_generated|divider|divider|op_6~4  from: cin  to: combout
    Info (332098): Cell: divide3|LPM_DIVIDE_component|auto_generated|divider|divider|op_6~4  from: datab  to: combout
    Info (332098): Cell: divide3|LPM_DIVIDE_component|auto_generated|divider|divider|op_9~0  from: dataa  to: combout
    Info (332098): Cell: divide3|LPM_DIVIDE_component|auto_generated|divider|divider|op_9~0  from: datab  to: combout
    Info (332098): Cell: divide3|LPM_DIVIDE_component|auto_generated|divider|divider|op_9~0  from: datad  to: combout
    Info (332098): Cell: testproc|Mux0~0  from: dataa  to: combout
    Info (332098): Cell: testproc|Mux0~0  from: datac  to: combout
    Info (332098): Cell: testproc|Mux17~1  from: datac  to: combout
    Info (332098): Cell: testproc|Mux22~1  from: datab  to: combout
    Info (332098): Cell: testproc|Mux22~2  from: dataa  to: combout
    Info (332098): Cell: testproc|Mux22~4  from: dataa  to: combout
    Info (332098): Cell: testproc|Mux22~4  from: datac  to: combout
    Info (332098): Cell: testproc|Mux22~4  from: datad  to: combout
    Info (332098): Cell: testproc|Mux23~0  from: datad  to: combout
    Info (332098): Cell: testproc|Mux24~3  from: dataa  to: combout
    Info (332098): Cell: testproc|Selector0~1  from: datac  to: combout
    Info (332098): Cell: testproc|rIR_in~0  from: datab  to: combout
Info (332123): Deriving Clock Uncertainty. Please refer to report_sdc in the Timing Analyzer to see clock uncertainties.
Critical Warning (332148): Timing requirements not met
Info (332146): Worst-case setup slack is -90.393
    Info (332119):     Slack       End Point TNS Clock 
    Info (332119): ========= =================== =====================
    Info (332119):   -90.393            -932.089 extended_proc:testproc|register_n:reg_H|Q[15] 
    Info (332119):   -90.087            -860.937 extended_proc:testproc|register_n:reg_H|Q[0] 
    Info (332119):   -12.475            -194.993 extended_proc:testproc|alu_op[0] 
    Info (332119):   -10.943            -150.115 extended_proc:testproc|bus_control[1] 
    Info (332119):    -6.462            -124.209 extended_proc:testproc|tick_FSM:tick_counter|tick[1] 
    Info (332119):    -5.693             -98.990 extended_proc:testproc|tick_FSM:tick_counter|tick[0] 
    Info (332119):    -3.797            -676.653 KEY[0] 
Info (332146): Worst-case hold slack is -92.614
    Info (332119):     Slack       End Point TNS Clock 
    Info (332119): ========= =================== =====================
    Info (332119):   -92.614            -719.046 extended_proc:testproc|register_n:reg_H|Q[0] 
    Info (332119):   -91.335            -703.338 extended_proc:testproc|register_n:reg_H|Q[15] 
    Info (332119):    -2.154              -2.535 extended_proc:testproc|alu_op[0] 
    Info (332119):    -1.950              -3.670 extended_proc:testproc|tick_FSM:tick_counter|tick[1] 
    Info (332119):    -1.755              -5.133 extended_proc:testproc|tick_FSM:tick_counter|tick[0] 
    Info (332119):    -0.914              -2.482 KEY[0] 
    Info (332119):     0.152               0.000 extended_proc:testproc|bus_control[1] 
Info (332140): No Recovery paths to report
Info (332140): No Removal paths to report
Info (332146): Worst-case minimum pulse width slack is -88.158
    Info (332119):     Slack       End Point TNS Clock 
    Info (332119): ========= =================== =====================
    Info (332119):   -88.158         -382629.559 extended_proc:testproc|register_n:reg_H|Q[0] 
    Info (332119):   -87.429         -382500.884 extended_proc:testproc|register_n:reg_H|Q[15] 
    Info (332119):    -3.166            -369.479 KEY[0] 
    Info (332119):    -0.726             -15.502 extended_proc:testproc|tick_FSM:tick_counter|tick[1] 
    Info (332119):    -0.066              -0.420 extended_proc:testproc|tick_FSM:tick_counter|tick[0] 
    Info (332119):     0.335               0.000 extended_proc:testproc|bus_control[1] 
    Info (332119):     0.404               0.000 extended_proc:testproc|alu_op[0] 
Info: Analyzing Fast 1200mV 0C Model
Info (332097): The following timing edges are non-unate.  The Timing Analyzer will assume pos-unate behavior for these edges in the clock network.
    Info (332098): Cell: Add0~10  from: cin  to: combout
    Info (332098): Cell: Add0~12  from: cin  to: combout
    Info (332098): Cell: Add0~14  from: cin  to: combout
    Info (332098): Cell: Add0~16  from: cin  to: combout
    Info (332098): Cell: Add0~18  from: cin  to: combout
    Info (332098): Cell: Add0~20  from: cin  to: combout
    Info (332098): Cell: Add0~22  from: cin  to: combout
    Info (332098): Cell: Add0~24  from: cin  to: combout
    Info (332098): Cell: Add0~26  from: cin  to: combout
    Info (332098): Cell: Add0~28  from: cin  to: combout
    Info (332098): Cell: Add0~2  from: cin  to: combout
    Info (332098): Cell: Add0~30  from: cin  to: combout
    Info (332098): Cell: Add0~30  from: dataa  to: combout
    Info (332098): Cell: Add0~33  from: datac  to: combout
    Info (332098): Cell: Add0~34  from: datac  to: combout
    Info (332098): Cell: Add0~35  from: datac  to: combout
    Info (332098): Cell: Add0~36  from: datab  to: combout
    Info (332098): Cell: Add0~37  from: datab  to: combout
    Info (332098): Cell: Add0~38  from: datab  to: combout
    Info (332098): Cell: Add0~39  from: datad  to: combout
    Info (332098): Cell: Add0~40  from: datac  to: combout
    Info (332098): Cell: Add0~41  from: datac  to: combout
    Info (332098): Cell: Add0~42  from: datad  to: combout
    Info (332098): Cell: Add0~43  from: dataa  to: combout
    Info (332098): Cell: Add0~44  from: datad  to: combout
    Info (332098): Cell: Add0~45  from: datad  to: combout
    Info (332098): Cell: Add0~46  from: datab  to: combout
    Info (332098): Cell: Add0~4  from: cin  to: combout
    Info (332098): Cell: Add0~6  from: cin  to: combout
    Info (332098): Cell: Add0~8  from: cin  to: combout
    Info (332098): Cell: divide0|LPM_DIVIDE_component|auto_generated|divider|divider|StageOut[213]~11  from: datad  to: combout
    Info (332098): Cell: divide0|LPM_DIVIDE_component|auto_generated|divider|divider|StageOut[214]~10  from: datad  to: combout
    Info (332098): Cell: divide0|LPM_DIVIDE_component|auto_generated|divider|divider|StageOut[215]~9  from: datac  to: combout
    Info (332098): Cell: divide0|LPM_DIVIDE_component|auto_generated|divider|divider|StageOut[216]~8  from: datac  to: combout
    Info (332098): Cell: divide0|LPM_DIVIDE_component|auto_generated|divider|divider|StageOut[217]~7  from: datac  to: combout
    Info (332098): Cell: divide0|LPM_DIVIDE_component|auto_generated|divider|divider|StageOut[218]~6  from: datab  to: combout
    Info (332098): Cell: divide0|LPM_DIVIDE_component|auto_generated|divider|divider|StageOut[219]~5  from: datac  to: combout
    Info (332098): Cell: divide0|LPM_DIVIDE_component|auto_generated|divider|divider|StageOut[220]~4  from: datac  to: combout
    Info (332098): Cell: divide0|LPM_DIVIDE_component|auto_generated|divider|divider|StageOut[221]~33  from: datac  to: combout
    Info (332098): Cell: divide0|LPM_DIVIDE_component|auto_generated|divider|divider|StageOut[229]~21  from: datab  to: combout
    Info (332098): Cell: divide0|LPM_DIVIDE_component|auto_generated|divider|divider|StageOut[229]~21  from: datac  to: combout
    Info (332098): Cell: divide0|LPM_DIVIDE_component|auto_generated|divider|divider|StageOut[229]~21  from: datad  to: combout
    Info (332098): Cell: divide0|LPM_DIVIDE_component|auto_generated|divider|divider|StageOut[230]~20  from: datad  to: combout
    Info (332098): Cell: divide0|LPM_DIVIDE_component|auto_generated|divider|divider|StageOut[231]~19  from: datac  to: combout
    Info (332098): Cell: divide0|LPM_DIVIDE_component|auto_generated|divider|divider|StageOut[232]~18  from: datad  to: combout
    Info (332098): Cell: divide0|LPM_DIVIDE_component|auto_generated|divider|divider|StageOut[233]~17  from: datad  to: combout
    Info (332098): Cell: divide0|LPM_DIVIDE_component|auto_generated|divider|divider|StageOut[234]~16  from: datad  to: combout
    Info (332098): Cell: divide0|LPM_DIVIDE_component|auto_generated|divider|divider|StageOut[235]~15  from: datad  to: combout
    Info (332098): Cell: divide0|LPM_DIVIDE_component|auto_generated|divider|divider|StageOut[236]~14  from: datac  to: combout
    Info (332098): Cell: divide0|LPM_DIVIDE_component|auto_generated|divider|divider|StageOut[237]~13  from: datac  to: combout
    Info (332098): Cell: divide0|LPM_DIVIDE_component|auto_generated|divider|divider|StageOut[238]~12  from: datad  to: combout
    Info (332098): Cell: divide0|LPM_DIVIDE_component|auto_generated|divider|divider|StageOut[244]~34  from: dataa  to: combout
    Info (332098): Cell: divide0|LPM_DIVIDE_component|auto_generated|divider|divider|StageOut[244]~34  from: datac  to: combout
    Info (332098): Cell: divide0|LPM_DIVIDE_component|auto_generated|divider|divider|StageOut[244]~34  from: datad  to: combout
    Info (332098): Cell: divide0|LPM_DIVIDE_component|auto_generated|divider|divider|StageOut[245]~32  from: datab  to: combout
    Info (332098): Cell: divide0|LPM_DIVIDE_component|auto_generated|divider|divider|StageOut[245]~32  from: datac  to: combout
    Info (332098): Cell: divide0|LPM_DIVIDE_component|auto_generated|divider|divider|StageOut[245]~32  from: datad  to: combout
    Info (332098): Cell: divide0|LPM_DIVIDE_component|auto_generated|divider|divider|StageOut[246]~31  from: datad  to: combout
    Info (332098): Cell: divide0|LPM_DIVIDE_component|auto_generated|divider|divider|StageOut[247]~30  from: datad  to: combout
    Info (332098): Cell: divide0|LPM_DIVIDE_component|auto_generated|divider|divider|StageOut[248]~29  from: datad  to: combout
    Info (332098): Cell: divide0|LPM_DIVIDE_component|auto_generated|divider|divider|StageOut[249]~28  from: datac  to: combout
    Info (332098): Cell: divide0|LPM_DIVIDE_component|auto_generated|divider|divider|StageOut[250]~27  from: datad  to: combout
    Info (332098): Cell: divide0|LPM_DIVIDE_component|auto_generated|divider|divider|StageOut[251]~26  from: datad  to: combout
    Info (332098): Cell: divide0|LPM_DIVIDE_component|auto_generated|divider|divider|StageOut[252]~25  from: datad  to: combout
    Info (332098): Cell: divide0|LPM_DIVIDE_component|auto_generated|divider|divider|StageOut[253]~24  from: datad  to: combout
    Info (332098): Cell: divide0|LPM_DIVIDE_component|auto_generated|divider|divider|StageOut[254]~23  from: datad  to: combout
    Info (332098): Cell: divide0|LPM_DIVIDE_component|auto_generated|divider|divider|StageOut[255]~22  from: datac  to: combout
    Info (332098): Cell: divide0|LPM_DIVIDE_component|auto_generated|divider|divider|op_4~10  from: cin  to: combout
    Info (332098): Cell: divide0|LPM_DIVIDE_component|auto_generated|divider|divider|op_4~10  from: dataa  to: combout
    Info (332098): Cell: divide0|LPM_DIVIDE_component|auto_generated|divider|divider|op_4~12  from: cin  to: combout
    Info (332098): Cell: divide0|LPM_DIVIDE_component|auto_generated|divider|divider|op_4~12  from: dataa  to: combout
    Info (332098): Cell: divide0|LPM_DIVIDE_component|auto_generated|divider|divider|op_4~14  from: cin  to: combout
    Info (332098): Cell: divide0|LPM_DIVIDE_component|auto_generated|divider|divider|op_4~14  from: dataa  to: combout
    Info (332098): Cell: divide0|LPM_DIVIDE_component|auto_generated|divider|divider|op_4~16  from: cin  to: combout
    Info (332098): Cell: divide0|LPM_DIVIDE_component|auto_generated|divider|divider|op_4~16  from: datab  to: combout
    Info (332098): Cell: divide0|LPM_DIVIDE_component|auto_generated|divider|divider|op_4~18  from: cin  to: combout
    Info (332098): Cell: divide0|LPM_DIVIDE_component|auto_generated|divider|divider|op_4~18  from: datab  to: combout
    Info (332098): Cell: divide0|LPM_DIVIDE_component|auto_generated|divider|divider|op_4~2  from: cin  to: combout
    Info (332098): Cell: divide0|LPM_DIVIDE_component|auto_generated|divider|divider|op_4~2  from: dataa  to: combout
    Info (332098): Cell: divide0|LPM_DIVIDE_component|auto_generated|divider|divider|op_4~4  from: cin  to: combout
    Info (332098): Cell: divide0|LPM_DIVIDE_component|auto_generated|divider|divider|op_4~4  from: dataa  to: combout
    Info (332098): Cell: divide0|LPM_DIVIDE_component|auto_generated|divider|divider|op_4~6  from: cin  to: combout
    Info (332098): Cell: divide0|LPM_DIVIDE_component|auto_generated|divider|divider|op_4~6  from: dataa  to: combout
    Info (332098): Cell: divide0|LPM_DIVIDE_component|auto_generated|divider|divider|op_4~8  from: cin  to: combout
    Info (332098): Cell: divide0|LPM_DIVIDE_component|auto_generated|divider|divider|op_4~8  from: dataa  to: combout
    Info (332098): Cell: divide0|LPM_DIVIDE_component|auto_generated|divider|divider|op_5~10  from: cin  to: combout
    Info (332098): Cell: divide0|LPM_DIVIDE_component|auto_generated|divider|divider|op_5~10  from: dataa  to: combout
    Info (332098): Cell: divide0|LPM_DIVIDE_component|auto_generated|divider|divider|op_5~12  from: cin  to: combout
    Info (332098): Cell: divide0|LPM_DIVIDE_component|auto_generated|divider|divider|op_5~12  from: datab  to: combout
    Info (332098): Cell: divide0|LPM_DIVIDE_component|auto_generated|divider|divider|op_5~14  from: cin  to: combout
    Info (332098): Cell: divide0|LPM_DIVIDE_component|auto_generated|divider|divider|op_5~14  from: dataa  to: combout
    Info (332098): Cell: divide0|LPM_DIVIDE_component|auto_generated|divider|divider|op_5~16  from: cin  to: combout
    Info (332098): Cell: divide0|LPM_DIVIDE_component|auto_generated|divider|divider|op_5~16  from: dataa  to: combout
    Info (332098): Cell: divide0|LPM_DIVIDE_component|auto_generated|divider|divider|op_5~18  from: cin  to: combout
    Info (332098): Cell: divide0|LPM_DIVIDE_component|auto_generated|divider|divider|op_5~18  from: datab  to: combout
    Info (332098): Cell: divide0|LPM_DIVIDE_component|auto_generated|divider|divider|op_5~20  from: cin  to: combout
    Info (332098): Cell: divide0|LPM_DIVIDE_component|auto_generated|divider|divider|op_5~20  from: datab  to: combout
    Info (332098): Cell: divide0|LPM_DIVIDE_component|auto_generated|divider|divider|op_5~2  from: cin  to: combout
    Info (332098): Cell: divide0|LPM_DIVIDE_component|auto_generated|divider|divider|op_5~2  from: dataa  to: cout
    Info (332098): Cell: divide0|LPM_DIVIDE_component|auto_generated|divider|divider|op_5~2  from: datab  to: cout
    Info (332098): Cell: divide0|LPM_DIVIDE_component|auto_generated|divider|divider|op_5~4  from: cin  to: combout
    Info (332098): Cell: divide0|LPM_DIVIDE_component|auto_generated|divider|divider|op_5~4  from: datab  to: combout
    Info (332098): Cell: divide0|LPM_DIVIDE_component|auto_generated|divider|divider|op_5~6  from: cin  to: combout
    Info (332098): Cell: divide0|LPM_DIVIDE_component|auto_generated|divider|divider|op_5~6  from: dataa  to: combout
    Info (332098): Cell: divide0|LPM_DIVIDE_component|auto_generated|divider|divider|op_5~8  from: cin  to: combout
    Info (332098): Cell: divide0|LPM_DIVIDE_component|auto_generated|divider|divider|op_5~8  from: dataa  to: combout
    Info (332098): Cell: divide0|LPM_DIVIDE_component|auto_generated|divider|divider|op_6~10  from: cin  to: combout
    Info (332098): Cell: divide0|LPM_DIVIDE_component|auto_generated|divider|divider|op_6~10  from: datab  to: combout
    Info (332098): Cell: divide0|LPM_DIVIDE_component|auto_generated|divider|divider|op_6~12  from: cin  to: combout
    Info (332098): Cell: divide0|LPM_DIVIDE_component|auto_generated|divider|divider|op_6~12  from: datab  to: combout
    Info (332098): Cell: divide0|LPM_DIVIDE_component|auto_generated|divider|divider|op_6~14  from: cin  to: combout
    Info (332098): Cell: divide0|LPM_DIVIDE_component|auto_generated|divider|divider|op_6~14  from: dataa  to: combout
    Info (332098): Cell: divide0|LPM_DIVIDE_component|auto_generated|divider|divider|op_6~16  from: cin  to: combout
    Info (332098): Cell: divide0|LPM_DIVIDE_component|auto_generated|divider|divider|op_6~16  from: dataa  to: combout
    Info (332098): Cell: divide0|LPM_DIVIDE_component|auto_generated|divider|divider|op_6~18  from: cin  to: combout
    Info (332098): Cell: divide0|LPM_DIVIDE_component|auto_generated|divider|divider|op_6~18  from: datab  to: combout
    Info (332098): Cell: divide0|LPM_DIVIDE_component|auto_generated|divider|divider|op_6~20  from: cin  to: combout
    Info (332098): Cell: divide0|LPM_DIVIDE_component|auto_generated|divider|divider|op_6~20  from: datab  to: combout
    Info (332098): Cell: divide0|LPM_DIVIDE_component|auto_generated|divider|divider|op_6~22  from: cin  to: combout
    Info (332098): Cell: divide0|LPM_DIVIDE_component|auto_generated|divider|divider|op_6~22  from: dataa  to: combout
    Info (332098): Cell: divide0|LPM_DIVIDE_component|auto_generated|divider|divider|op_6~2  from: cin  to: combout
    Info (332098): Cell: divide0|LPM_DIVIDE_component|auto_generated|divider|divider|op_6~2  from: dataa  to: cout
    Info (332098): Cell: divide0|LPM_DIVIDE_component|auto_generated|divider|divider|op_6~2  from: datab  to: cout
    Info (332098): Cell: divide0|LPM_DIVIDE_component|auto_generated|divider|divider|op_6~4  from: cin  to: combout
    Info (332098): Cell: divide0|LPM_DIVIDE_component|auto_generated|divider|divider|op_6~4  from: datab  to: combout
    Info (332098): Cell: divide0|LPM_DIVIDE_component|auto_generated|divider|divider|op_6~6  from: cin  to: combout
    Info (332098): Cell: divide0|LPM_DIVIDE_component|auto_generated|divider|divider|op_6~6  from: dataa  to: combout
    Info (332098): Cell: divide0|LPM_DIVIDE_component|auto_generated|divider|divider|op_6~8  from: cin  to: combout
    Info (332098): Cell: divide0|LPM_DIVIDE_component|auto_generated|divider|divider|op_6~8  from: dataa  to: combout
    Info (332098): Cell: divide1|LPM_DIVIDE_component|auto_generated|divider|divider|StageOut[148]~7  from: datac  to: combout
    Info (332098): Cell: divide1|LPM_DIVIDE_component|auto_generated|divider|divider|StageOut[149]~6  from: datac  to: combout
    Info (332098): Cell: divide1|LPM_DIVIDE_component|auto_generated|divider|divider|StageOut[150]~5  from: datac  to: combout
    Info (332098): Cell: divide1|LPM_DIVIDE_component|auto_generated|divider|divider|StageOut[151]~4  from: datac  to: combout
    Info (332098): Cell: divide1|LPM_DIVIDE_component|auto_generated|divider|divider|StageOut[152]~3  from: dataa  to: combout
    Info (332098): Cell: divide1|LPM_DIVIDE_component|auto_generated|divider|divider|StageOut[153]~2  from: datac  to: combout
    Info (332098): Cell: divide1|LPM_DIVIDE_component|auto_generated|divider|divider|StageOut[164]~14  from: dataa  to: combout
    Info (332098): Cell: divide1|LPM_DIVIDE_component|auto_generated|divider|divider|StageOut[164]~14  from: datab  to: combout
    Info (332098): Cell: divide1|LPM_DIVIDE_component|auto_generated|divider|divider|StageOut[164]~14  from: datad  to: combout
    Info (332098): Cell: divide1|LPM_DIVIDE_component|auto_generated|divider|divider|StageOut[165]~13  from: datad  to: combout
    Info (332098): Cell: divide1|LPM_DIVIDE_component|auto_generated|divider|divider|StageOut[166]~12  from: datad  to: combout
    Info (332098): Cell: divide1|LPM_DIVIDE_component|auto_generated|divider|divider|StageOut[167]~11  from: datad  to: combout
    Info (332098): Cell: divide1|LPM_DIVIDE_component|auto_generated|divider|divider|StageOut[168]~10  from: datad  to: combout
    Info (332098): Cell: divide1|LPM_DIVIDE_component|auto_generated|divider|divider|StageOut[169]~9  from: datad  to: combout
    Info (332098): Cell: divide1|LPM_DIVIDE_component|auto_generated|divider|divider|StageOut[170]~8  from: datad  to: combout
    Info (332098): Cell: divide1|LPM_DIVIDE_component|auto_generated|divider|divider|StageOut[180]~22  from: dataa  to: combout
    Info (332098): Cell: divide1|LPM_DIVIDE_component|auto_generated|divider|divider|StageOut[180]~22  from: datab  to: combout
    Info (332098): Cell: divide1|LPM_DIVIDE_component|auto_generated|divider|divider|StageOut[180]~22  from: datad  to: combout
    Info (332098): Cell: divide1|LPM_DIVIDE_component|auto_generated|divider|divider|StageOut[181]~21  from: datad  to: combout
    Info (332098): Cell: divide1|LPM_DIVIDE_component|auto_generated|divider|divider|StageOut[182]~20  from: datad  to: combout
    Info (332098): Cell: divide1|LPM_DIVIDE_component|auto_generated|divider|divider|StageOut[183]~19  from: dataa  to: combout
    Info (332098): Cell: divide1|LPM_DIVIDE_component|auto_generated|divider|divider|StageOut[184]~18  from: datad  to: combout
    Info (332098): Cell: divide1|LPM_DIVIDE_component|auto_generated|divider|divider|StageOut[185]~17  from: dataa  to: combout
    Info (332098): Cell: divide1|LPM_DIVIDE_component|auto_generated|divider|divider|StageOut[186]~16  from: dataa  to: combout
    Info (332098): Cell: divide1|LPM_DIVIDE_component|auto_generated|divider|divider|StageOut[187]~15  from: datad  to: combout
    Info (332098): Cell: divide1|LPM_DIVIDE_component|auto_generated|divider|divider|StageOut[196]~31  from: dataa  to: combout
    Info (332098): Cell: divide1|LPM_DIVIDE_component|auto_generated|divider|divider|StageOut[196]~31  from: datac  to: combout
    Info (332098): Cell: divide1|LPM_DIVIDE_component|auto_generated|divider|divider|StageOut[196]~31  from: datad  to: combout
    Info (332098): Cell: divide1|LPM_DIVIDE_component|auto_generated|divider|divider|StageOut[197]~30  from: datad  to: combout
    Info (332098): Cell: divide1|LPM_DIVIDE_component|auto_generated|divider|divider|StageOut[198]~29  from: datac  to: combout
    Info (332098): Cell: divide1|LPM_DIVIDE_component|auto_generated|divider|divider|StageOut[199]~28  from: dataa  to: combout
    Info (332098): Cell: divide1|LPM_DIVIDE_component|auto_generated|divider|divider|StageOut[200]~27  from: datad  to: combout
    Info (332098): Cell: divide1|LPM_DIVIDE_component|auto_generated|divider|divider|StageOut[201]~26  from: datac  to: combout
    Info (332098): Cell: divide1|LPM_DIVIDE_component|auto_generated|divider|divider|StageOut[202]~25  from: datab  to: combout
    Info (332098): Cell: divide1|LPM_DIVIDE_component|auto_generated|divider|divider|StageOut[203]~24  from: datab  to: combout
    Info (332098): Cell: divide1|LPM_DIVIDE_component|auto_generated|divider|divider|StageOut[204]~23  from: datac  to: combout
    Info (332098): Cell: divide1|LPM_DIVIDE_component|auto_generated|divider|divider|StageOut[212]~41  from: dataa  to: combout
    Info (332098): Cell: divide1|LPM_DIVIDE_component|auto_generated|divider|divider|StageOut[212]~41  from: datab  to: combout
    Info (332098): Cell: divide1|LPM_DIVIDE_component|auto_generated|divider|divider|StageOut[212]~41  from: datac  to: combout
    Info (332098): Cell: divide1|LPM_DIVIDE_component|auto_generated|divider|divider|StageOut[213]~40  from: datac  to: combout
    Info (332098): Cell: divide1|LPM_DIVIDE_component|auto_generated|divider|divider|StageOut[214]~39  from: datad  to: combout
    Info (332098): Cell: divide1|LPM_DIVIDE_component|auto_generated|divider|divider|StageOut[215]~38  from: datac  to: combout
    Info (332098): Cell: divide1|LPM_DIVIDE_component|auto_generated|divider|divider|StageOut[216]~37  from: datac  to: combout
    Info (332098): Cell: divide1|LPM_DIVIDE_component|auto_generated|divider|divider|StageOut[217]~36  from: datad  to: combout
    Info (332098): Cell: divide1|LPM_DIVIDE_component|auto_generated|divider|divider|StageOut[218]~35  from: datad  to: combout
    Info (332098): Cell: divide1|LPM_DIVIDE_component|auto_generated|divider|divider|StageOut[219]~34  from: dataa  to: combout
    Info (332098): Cell: divide1|LPM_DIVIDE_component|auto_generated|divider|divider|StageOut[220]~33  from: datab  to: combout
    Info (332098): Cell: divide1|LPM_DIVIDE_component|auto_generated|divider|divider|StageOut[221]~32  from: datad  to: combout
    Info (332098): Cell: divide1|LPM_DIVIDE_component|auto_generated|divider|divider|StageOut[228]~52  from: dataa  to: combout
    Info (332098): Cell: divide1|LPM_DIVIDE_component|auto_generated|divider|divider|StageOut[228]~52  from: datac  to: combout
    Info (332098): Cell: divide1|LPM_DIVIDE_component|auto_generated|divider|divider|StageOut[228]~52  from: datad  to: combout
    Info (332098): Cell: divide1|LPM_DIVIDE_component|auto_generated|divider|divider|StageOut[229]~51  from: datac  to: combout
    Info (332098): Cell: divide1|LPM_DIVIDE_component|auto_generated|divider|divider|StageOut[230]~50  from: datad  to: combout
    Info (332098): Cell: divide1|LPM_DIVIDE_component|auto_generated|divider|divider|StageOut[231]~49  from: datad  to: combout
    Info (332098): Cell: divide1|LPM_DIVIDE_component|auto_generated|divider|divider|StageOut[232]~48  from: datac  to: combout
    Info (332098): Cell: divide1|LPM_DIVIDE_component|auto_generated|divider|divider|StageOut[233]~47  from: datac  to: combout
    Info (332098): Cell: divide1|LPM_DIVIDE_component|auto_generated|divider|divider|StageOut[234]~46  from: datad  to: combout
    Info (332098): Cell: divide1|LPM_DIVIDE_component|auto_generated|divider|divider|StageOut[235]~45  from: datad  to: combout
    Info (332098): Cell: divide1|LPM_DIVIDE_component|auto_generated|divider|divider|StageOut[236]~44  from: datad  to: combout
    Info (332098): Cell: divide1|LPM_DIVIDE_component|auto_generated|divider|divider|StageOut[237]~43  from: datac  to: combout
    Info (332098): Cell: divide1|LPM_DIVIDE_component|auto_generated|divider|divider|StageOut[238]~42  from: datad  to: combout
    Info (332098): Cell: divide1|LPM_DIVIDE_component|auto_generated|divider|divider|StageOut[243]~65  from: dataa  to: combout
    Info (332098): Cell: divide1|LPM_DIVIDE_component|auto_generated|divider|divider|StageOut[243]~65  from: datac  to: combout
    Info (332098): Cell: divide1|LPM_DIVIDE_component|auto_generated|divider|divider|StageOut[243]~65  from: datad  to: combout
    Info (332098): Cell: divide1|LPM_DIVIDE_component|auto_generated|divider|divider|StageOut[244]~64  from: dataa  to: combout
    Info (332098): Cell: divide1|LPM_DIVIDE_component|auto_generated|divider|divider|StageOut[244]~64  from: datab  to: combout
    Info (332098): Cell: divide1|LPM_DIVIDE_component|auto_generated|divider|divider|StageOut[244]~64  from: datac  to: combout
    Info (332098): Cell: divide1|LPM_DIVIDE_component|auto_generated|divider|divider|StageOut[245]~63  from: datad  to: combout
    Info (332098): Cell: divide1|LPM_DIVIDE_component|auto_generated|divider|divider|StageOut[246]~62  from: datad  to: combout
    Info (332098): Cell: divide1|LPM_DIVIDE_component|auto_generated|divider|divider|StageOut[247]~61  from: dataa  to: combout
    Info (332098): Cell: divide1|LPM_DIVIDE_component|auto_generated|divider|divider|StageOut[248]~60  from: dataa  to: combout
    Info (332098): Cell: divide1|LPM_DIVIDE_component|auto_generated|divider|divider|StageOut[249]~59  from: datac  to: combout
    Info (332098): Cell: divide1|LPM_DIVIDE_component|auto_generated|divider|divider|StageOut[250]~58  from: datac  to: combout
    Info (332098): Cell: divide1|LPM_DIVIDE_component|auto_generated|divider|divider|StageOut[251]~57  from: datac  to: combout
    Info (332098): Cell: divide1|LPM_DIVIDE_component|auto_generated|divider|divider|StageOut[252]~56  from: datad  to: combout
    Info (332098): Cell: divide1|LPM_DIVIDE_component|auto_generated|divider|divider|StageOut[253]~55  from: datad  to: combout
    Info (332098): Cell: divide1|LPM_DIVIDE_component|auto_generated|divider|divider|StageOut[254]~54  from: datad  to: combout
    Info (332098): Cell: divide1|LPM_DIVIDE_component|auto_generated|divider|divider|StageOut[255]~53  from: datac  to: combout
    Info (332098): Cell: divide1|LPM_DIVIDE_component|auto_generated|divider|divider|op_14~10  from: cin  to: combout
    Info (332098): Cell: divide1|LPM_DIVIDE_component|auto_generated|divider|divider|op_14~10  from: datab  to: combout
    Info (332098): Cell: divide1|LPM_DIVIDE_component|auto_generated|divider|divider|op_14~12  from: cin  to: combout
    Info (332098): Cell: divide1|LPM_DIVIDE_component|auto_generated|divider|divider|op_14~12  from: dataa  to: combout
    Info (332098): Cell: divide1|LPM_DIVIDE_component|auto_generated|divider|divider|op_14~2  from: cin  to: combout
    Info (332098): Cell: divide1|LPM_DIVIDE_component|auto_generated|divider|divider|op_14~2  from: datab  to: combout
    Info (332098): Cell: divide1|LPM_DIVIDE_component|auto_generated|divider|divider|op_14~4  from: cin  to: combout
    Info (332098): Cell: divide1|LPM_DIVIDE_component|auto_generated|divider|divider|op_14~4  from: dataa  to: combout
    Info (332098): Cell: divide1|LPM_DIVIDE_component|auto_generated|divider|divider|op_14~6  from: cin  to: combout
    Info (332098): Cell: divide1|LPM_DIVIDE_component|auto_generated|divider|divider|op_14~6  from: datab  to: combout
    Info (332098): Cell: divide1|LPM_DIVIDE_component|auto_generated|divider|divider|op_14~8  from: cin  to: combout
    Info (332098): Cell: divide1|LPM_DIVIDE_component|auto_generated|divider|divider|op_14~8  from: datab  to: combout
    Info (332098): Cell: divide1|LPM_DIVIDE_component|auto_generated|divider|divider|op_1~10  from: cin  to: combout
    Info (332098): Cell: divide1|LPM_DIVIDE_component|auto_generated|divider|divider|op_1~10  from: dataa  to: combout
    Info (332098): Cell: divide1|LPM_DIVIDE_component|auto_generated|divider|divider|op_1~12  from: cin  to: combout
    Info (332098): Cell: divide1|LPM_DIVIDE_component|auto_generated|divider|divider|op_1~12  from: dataa  to: combout
    Info (332098): Cell: divide1|LPM_DIVIDE_component|auto_generated|divider|divider|op_1~14  from: cin  to: combout
    Info (332098): Cell: divide1|LPM_DIVIDE_component|auto_generated|divider|divider|op_1~14  from: datab  to: combout
    Info (332098): Cell: divide1|LPM_DIVIDE_component|auto_generated|divider|divider|op_1~2  from: cin  to: combout
    Info (332098): Cell: divide1|LPM_DIVIDE_component|auto_generated|divider|divider|op_1~2  from: dataa  to: cout
    Info (332098): Cell: divide1|LPM_DIVIDE_component|auto_generated|divider|divider|op_1~2  from: datab  to: cout
    Info (332098): Cell: divide1|LPM_DIVIDE_component|auto_generated|divider|divider|op_1~4  from: cin  to: combout
    Info (332098): Cell: divide1|LPM_DIVIDE_component|auto_generated|divider|divider|op_1~4  from: dataa  to: combout
    Info (332098): Cell: divide1|LPM_DIVIDE_component|auto_generated|divider|divider|op_1~6  from: cin  to: combout
    Info (332098): Cell: divide1|LPM_DIVIDE_component|auto_generated|divider|divider|op_1~6  from: datab  to: combout
    Info (332098): Cell: divide1|LPM_DIVIDE_component|auto_generated|divider|divider|op_1~8  from: cin  to: combout
    Info (332098): Cell: divide1|LPM_DIVIDE_component|auto_generated|divider|divider|op_1~8  from: dataa  to: combout
    Info (332098): Cell: divide1|LPM_DIVIDE_component|auto_generated|divider|divider|op_2~10  from: cin  to: combout
    Info (332098): Cell: divide1|LPM_DIVIDE_component|auto_generated|divider|divider|op_2~10  from: dataa  to: combout
    Info (332098): Cell: divide1|LPM_DIVIDE_component|auto_generated|divider|divider|op_2~12  from: cin  to: combout
    Info (332098): Cell: divide1|LPM_DIVIDE_component|auto_generated|divider|divider|op_2~12  from: dataa  to: combout
    Info (332098): Cell: divide1|LPM_DIVIDE_component|auto_generated|divider|divider|op_2~14  from: cin  to: combout
    Info (332098): Cell: divide1|LPM_DIVIDE_component|auto_generated|divider|divider|op_2~14  from: datab  to: combout
    Info (332098): Cell: divide1|LPM_DIVIDE_component|auto_generated|divider|divider|op_2~16  from: cin  to: combout
    Info (332098): Cell: divide1|LPM_DIVIDE_component|auto_generated|divider|divider|op_2~16  from: dataa  to: combout
    Info (332098): Cell: divide1|LPM_DIVIDE_component|auto_generated|divider|divider|op_2~2  from: cin  to: combout
    Info (332098): Cell: divide1|LPM_DIVIDE_component|auto_generated|divider|divider|op_2~2  from: dataa  to: cout
    Info (332098): Cell: divide1|LPM_DIVIDE_component|auto_generated|divider|divider|op_2~2  from: datab  to: cout
    Info (332098): Cell: divide1|LPM_DIVIDE_component|auto_generated|divider|divider|op_2~4  from: cin  to: combout
    Info (332098): Cell: divide1|LPM_DIVIDE_component|auto_generated|divider|divider|op_2~4  from: dataa  to: combout
    Info (332098): Cell: divide1|LPM_DIVIDE_component|auto_generated|divider|divider|op_2~6  from: cin  to: combout
    Info (332098): Cell: divide1|LPM_DIVIDE_component|auto_generated|divider|divider|op_2~6  from: dataa  to: combout
    Info (332098): Cell: divide1|LPM_DIVIDE_component|auto_generated|divider|divider|op_2~8  from: cin  to: combout
    Info (332098): Cell: divide1|LPM_DIVIDE_component|auto_generated|divider|divider|op_2~8  from: datab  to: combout
    Info (332098): Cell: divide1|LPM_DIVIDE_component|auto_generated|divider|divider|op_3~10  from: cin  to: combout
    Info (332098): Cell: divide1|LPM_DIVIDE_component|auto_generated|divider|divider|op_3~10  from: datab  to: combout
    Info (332098): Cell: divide1|LPM_DIVIDE_component|auto_generated|divider|divider|op_3~12  from: cin  to: combout
    Info (332098): Cell: divide1|LPM_DIVIDE_component|auto_generated|divider|divider|op_3~12  from: datab  to: combout
    Info (332098): Cell: divide1|LPM_DIVIDE_component|auto_generated|divider|divider|op_3~14  from: cin  to: combout
    Info (332098): Cell: divide1|LPM_DIVIDE_component|auto_generated|divider|divider|op_3~14  from: dataa  to: combout
    Info (332098): Cell: divide1|LPM_DIVIDE_component|auto_generated|divider|divider|op_3~16  from: cin  to: combout
    Info (332098): Cell: divide1|LPM_DIVIDE_component|auto_generated|divider|divider|op_3~16  from: datab  to: combout
    Info (332098): Cell: divide1|LPM_DIVIDE_component|auto_generated|divider|divider|op_3~18  from: cin  to: combout
    Info (332098): Cell: divide1|LPM_DIVIDE_component|auto_generated|divider|divider|op_3~18  from: dataa  to: combout
    Info (332098): Cell: divide1|LPM_DIVIDE_component|auto_generated|divider|divider|op_3~2  from: cin  to: combout
    Info (332098): Cell: divide1|LPM_DIVIDE_component|auto_generated|divider|divider|op_3~2  from: dataa  to: cout
    Info (332098): Cell: divide1|LPM_DIVIDE_component|auto_generated|divider|divider|op_3~2  from: datab  to: cout
    Info (332098): Cell: divide1|LPM_DIVIDE_component|auto_generated|divider|divider|op_3~4  from: cin  to: combout
    Info (332098): Cell: divide1|LPM_DIVIDE_component|auto_generated|divider|divider|op_3~4  from: datab  to: combout
    Info (332098): Cell: divide1|LPM_DIVIDE_component|auto_generated|divider|divider|op_3~6  from: cin  to: combout
    Info (332098): Cell: divide1|LPM_DIVIDE_component|auto_generated|divider|divider|op_3~6  from: datab  to: combout
    Info (332098): Cell: divide1|LPM_DIVIDE_component|auto_generated|divider|divider|op_3~8  from: cin  to: combout
    Info (332098): Cell: divide1|LPM_DIVIDE_component|auto_generated|divider|divider|op_3~8  from: datab  to: combout
    Info (332098): Cell: divide1|LPM_DIVIDE_component|auto_generated|divider|divider|op_4~10  from: cin  to: combout
    Info (332098): Cell: divide1|LPM_DIVIDE_component|auto_generated|divider|divider|op_4~10  from: datab  to: combout
    Info (332098): Cell: divide1|LPM_DIVIDE_component|auto_generated|divider|divider|op_4~12  from: cin  to: combout
    Info (332098): Cell: divide1|LPM_DIVIDE_component|auto_generated|divider|divider|op_4~12  from: dataa  to: combout
    Info (332098): Cell: divide1|LPM_DIVIDE_component|auto_generated|divider|divider|op_4~14  from: cin  to: combout
    Info (332098): Cell: divide1|LPM_DIVIDE_component|auto_generated|divider|divider|op_4~14  from: dataa  to: combout
    Info (332098): Cell: divide1|LPM_DIVIDE_component|auto_generated|divider|divider|op_4~16  from: cin  to: combout
    Info (332098): Cell: divide1|LPM_DIVIDE_component|auto_generated|divider|divider|op_4~16  from: dataa  to: combout
    Info (332098): Cell: divide1|LPM_DIVIDE_component|auto_generated|divider|divider|op_4~18  from: cin  to: combout
    Info (332098): Cell: divide1|LPM_DIVIDE_component|auto_generated|divider|divider|op_4~18  from: dataa  to: combout
    Info (332098): Cell: divide1|LPM_DIVIDE_component|auto_generated|divider|divider|op_4~20  from: cin  to: combout
    Info (332098): Cell: divide1|LPM_DIVIDE_component|auto_generated|divider|divider|op_4~20  from: datab  to: combout
    Info (332098): Cell: divide1|LPM_DIVIDE_component|auto_generated|divider|divider|op_4~2  from: cin  to: combout
    Info (332098): Cell: divide1|LPM_DIVIDE_component|auto_generated|divider|divider|op_4~2  from: dataa  to: cout
    Info (332098): Cell: divide1|LPM_DIVIDE_component|auto_generated|divider|divider|op_4~2  from: datab  to: cout
    Info (332098): Cell: divide1|LPM_DIVIDE_component|auto_generated|divider|divider|op_4~4  from: cin  to: combout
    Info (332098): Cell: divide1|LPM_DIVIDE_component|auto_generated|divider|divider|op_4~4  from: datab  to: combout
    Info (332098): Cell: divide1|LPM_DIVIDE_component|auto_generated|divider|divider|op_4~6  from: cin  to: combout
    Info (332098): Cell: divide1|LPM_DIVIDE_component|auto_generated|divider|divider|op_4~6  from: dataa  to: combout
    Info (332098): Cell: divide1|LPM_DIVIDE_component|auto_generated|divider|divider|op_4~8  from: cin  to: combout
    Info (332098): Cell: divide1|LPM_DIVIDE_component|auto_generated|divider|divider|op_4~8  from: dataa  to: combout
    Info (332098): Cell: divide1|LPM_DIVIDE_component|auto_generated|divider|divider|op_5~10  from: cin  to: combout
    Info (332098): Cell: divide1|LPM_DIVIDE_component|auto_generated|divider|divider|op_5~10  from: dataa  to: combout
    Info (332098): Cell: divide1|LPM_DIVIDE_component|auto_generated|divider|divider|op_5~12  from: cin  to: combout
    Info (332098): Cell: divide1|LPM_DIVIDE_component|auto_generated|divider|divider|op_5~12  from: dataa  to: combout
    Info (332098): Cell: divide1|LPM_DIVIDE_component|auto_generated|divider|divider|op_5~14  from: cin  to: combout
    Info (332098): Cell: divide1|LPM_DIVIDE_component|auto_generated|divider|divider|op_5~14  from: dataa  to: combout
    Info (332098): Cell: divide1|LPM_DIVIDE_component|auto_generated|divider|divider|op_5~16  from: cin  to: combout
    Info (332098): Cell: divide1|LPM_DIVIDE_component|auto_generated|divider|divider|op_5~16  from: dataa  to: combout
    Info (332098): Cell: divide1|LPM_DIVIDE_component|auto_generated|divider|divider|op_5~18  from: cin  to: combout
    Info (332098): Cell: divide1|LPM_DIVIDE_component|auto_generated|divider|divider|op_5~18  from: datab  to: combout
    Info (332098): Cell: divide1|LPM_DIVIDE_component|auto_generated|divider|divider|op_5~1  from: dataa  to: cout
    Info (332098): Cell: divide1|LPM_DIVIDE_component|auto_generated|divider|divider|op_5~1  from: datab  to: cout
    Info (332098): Cell: divide1|LPM_DIVIDE_component|auto_generated|divider|divider|op_5~20  from: cin  to: combout
    Info (332098): Cell: divide1|LPM_DIVIDE_component|auto_generated|divider|divider|op_5~20  from: datab  to: combout
    Info (332098): Cell: divide1|LPM_DIVIDE_component|auto_generated|divider|divider|op_5~22  from: cin  to: combout
    Info (332098): Cell: divide1|LPM_DIVIDE_component|auto_generated|divider|divider|op_5~22  from: datab  to: combout
    Info (332098): Cell: divide1|LPM_DIVIDE_component|auto_generated|divider|divider|op_5~2  from: cin  to: combout
    Info (332098): Cell: divide1|LPM_DIVIDE_component|auto_generated|divider|divider|op_5~2  from: dataa  to: cout
    Info (332098): Cell: divide1|LPM_DIVIDE_component|auto_generated|divider|divider|op_5~2  from: datab  to: cout
    Info (332098): Cell: divide1|LPM_DIVIDE_component|auto_generated|divider|divider|op_5~4  from: cin  to: combout
    Info (332098): Cell: divide1|LPM_DIVIDE_component|auto_generated|divider|divider|op_5~4  from: datab  to: combout
    Info (332098): Cell: divide1|LPM_DIVIDE_component|auto_generated|divider|divider|op_5~6  from: cin  to: combout
    Info (332098): Cell: divide1|LPM_DIVIDE_component|auto_generated|divider|divider|op_5~6  from: datab  to: combout
    Info (332098): Cell: divide1|LPM_DIVIDE_component|auto_generated|divider|divider|op_5~8  from: cin  to: combout
    Info (332098): Cell: divide1|LPM_DIVIDE_component|auto_generated|divider|divider|op_5~8  from: datab  to: combout
    Info (332098): Cell: divide1|LPM_DIVIDE_component|auto_generated|divider|divider|op_6~10  from: cin  to: combout
    Info (332098): Cell: divide1|LPM_DIVIDE_component|auto_generated|divider|divider|op_6~10  from: datab  to: combout
    Info (332098): Cell: divide1|LPM_DIVIDE_component|auto_generated|divider|divider|op_6~12  from: cin  to: combout
    Info (332098): Cell: divide1|LPM_DIVIDE_component|auto_generated|divider|divider|op_6~12  from: datab  to: combout
    Info (332098): Cell: divide1|LPM_DIVIDE_component|auto_generated|divider|divider|op_6~14  from: cin  to: combout
    Info (332098): Cell: divide1|LPM_DIVIDE_component|auto_generated|divider|divider|op_6~14  from: datab  to: combout
    Info (332098): Cell: divide1|LPM_DIVIDE_component|auto_generated|divider|divider|op_6~16  from: cin  to: combout
    Info (332098): Cell: divide1|LPM_DIVIDE_component|auto_generated|divider|divider|op_6~16  from: datab  to: combout
    Info (332098): Cell: divide1|LPM_DIVIDE_component|auto_generated|divider|divider|op_6~18  from: cin  to: combout
    Info (332098): Cell: divide1|LPM_DIVIDE_component|auto_generated|divider|divider|op_6~18  from: datab  to: combout
    Info (332098): Cell: divide1|LPM_DIVIDE_component|auto_generated|divider|divider|op_6~20  from: cin  to: combout
    Info (332098): Cell: divide1|LPM_DIVIDE_component|auto_generated|divider|divider|op_6~20  from: dataa  to: combout
    Info (332098): Cell: divide1|LPM_DIVIDE_component|auto_generated|divider|divider|op_6~22  from: cin  to: combout
    Info (332098): Cell: divide1|LPM_DIVIDE_component|auto_generated|divider|divider|op_6~22  from: datab  to: combout
    Info (332098): Cell: divide1|LPM_DIVIDE_component|auto_generated|divider|divider|op_6~24  from: cin  to: combout
    Info (332098): Cell: divide1|LPM_DIVIDE_component|auto_generated|divider|divider|op_6~24  from: datab  to: combout
    Info (332098): Cell: divide1|LPM_DIVIDE_component|auto_generated|divider|divider|op_6~2  from: cin  to: combout
    Info (332098): Cell: divide1|LPM_DIVIDE_component|auto_generated|divider|divider|op_6~2  from: dataa  to: cout
    Info (332098): Cell: divide1|LPM_DIVIDE_component|auto_generated|divider|divider|op_6~2  from: datab  to: cout
    Info (332098): Cell: divide1|LPM_DIVIDE_component|auto_generated|divider|divider|op_6~4  from: cin  to: combout
    Info (332098): Cell: divide1|LPM_DIVIDE_component|auto_generated|divider|divider|op_6~4  from: datab  to: combout
    Info (332098): Cell: divide1|LPM_DIVIDE_component|auto_generated|divider|divider|op_6~6  from: cin  to: combout
    Info (332098): Cell: divide1|LPM_DIVIDE_component|auto_generated|divider|divider|op_6~6  from: dataa  to: combout
    Info (332098): Cell: divide1|LPM_DIVIDE_component|auto_generated|divider|divider|op_6~8  from: cin  to: combout
    Info (332098): Cell: divide1|LPM_DIVIDE_component|auto_generated|divider|divider|op_6~8  from: dataa  to: combout
    Info (332098): Cell: divide2|LPM_DIVIDE_component|auto_generated|divider|divider|StageOut[100]~4  from: datad  to: combout
    Info (332098): Cell: divide2|LPM_DIVIDE_component|auto_generated|divider|divider|StageOut[101]~3  from: datad  to: combout
    Info (332098): Cell: divide2|LPM_DIVIDE_component|auto_generated|divider|divider|StageOut[102]~2  from: datad  to: combout
    Info (332098): Cell: divide2|LPM_DIVIDE_component|auto_generated|divider|divider|StageOut[115]~10  from: dataa  to: combout
    Info (332098): Cell: divide2|LPM_DIVIDE_component|auto_generated|divider|divider|StageOut[115]~10  from: datab  to: combout
    Info (332098): Cell: divide2|LPM_DIVIDE_component|auto_generated|divider|divider|StageOut[115]~10  from: datad  to: combout
    Info (332098): Cell: divide2|LPM_DIVIDE_component|auto_generated|divider|divider|StageOut[116]~9  from: datad  to: combout
    Info (332098): Cell: divide2|LPM_DIVIDE_component|auto_generated|divider|divider|StageOut[117]~8  from: datad  to: combout
    Info (332098): Cell: divide2|LPM_DIVIDE_component|auto_generated|divider|divider|StageOut[118]~7  from: datad  to: combout
    Info (332098): Cell: divide2|LPM_DIVIDE_component|auto_generated|divider|divider|StageOut[119]~6  from: datad  to: combout
    Info (332098): Cell: divide2|LPM_DIVIDE_component|auto_generated|divider|divider|StageOut[131]~16  from: dataa  to: combout
    Info (332098): Cell: divide2|LPM_DIVIDE_component|auto_generated|divider|divider|StageOut[131]~16  from: datab  to: combout
    Info (332098): Cell: divide2|LPM_DIVIDE_component|auto_generated|divider|divider|StageOut[131]~16  from: datac  to: combout
    Info (332098): Cell: divide2|LPM_DIVIDE_component|auto_generated|divider|divider|StageOut[132]~15  from: datad  to: combout
    Info (332098): Cell: divide2|LPM_DIVIDE_component|auto_generated|divider|divider|StageOut[133]~14  from: datad  to: combout
    Info (332098): Cell: divide2|LPM_DIVIDE_component|auto_generated|divider|divider|StageOut[134]~13  from: datac  to: combout
    Info (332098): Cell: divide2|LPM_DIVIDE_component|auto_generated|divider|divider|StageOut[135]~12  from: datac  to: combout
    Info (332098): Cell: divide2|LPM_DIVIDE_component|auto_generated|divider|divider|StageOut[136]~11  from: datac  to: combout
    Info (332098): Cell: divide2|LPM_DIVIDE_component|auto_generated|divider|divider|StageOut[147]~23  from: dataa  to: combout
    Info (332098): Cell: divide2|LPM_DIVIDE_component|auto_generated|divider|divider|StageOut[147]~23  from: datab  to: combout
    Info (332098): Cell: divide2|LPM_DIVIDE_component|auto_generated|divider|divider|StageOut[147]~23  from: datac  to: combout
    Info (332098): Cell: divide2|LPM_DIVIDE_component|auto_generated|divider|divider|StageOut[148]~22  from: datad  to: combout
    Info (332098): Cell: divide2|LPM_DIVIDE_component|auto_generated|divider|divider|StageOut[149]~21  from: datac  to: combout
    Info (332098): Cell: divide2|LPM_DIVIDE_component|auto_generated|divider|divider|StageOut[150]~20  from: datad  to: combout
    Info (332098): Cell: divide2|LPM_DIVIDE_component|auto_generated|divider|divider|StageOut[151]~19  from: datad  to: combout
    Info (332098): Cell: divide2|LPM_DIVIDE_component|auto_generated|divider|divider|StageOut[152]~18  from: datad  to: combout
    Info (332098): Cell: divide2|LPM_DIVIDE_component|auto_generated|divider|divider|StageOut[153]~17  from: datad  to: combout
    Info (332098): Cell: divide2|LPM_DIVIDE_component|auto_generated|divider|divider|StageOut[163]~31  from: dataa  to: combout
    Info (332098): Cell: divide2|LPM_DIVIDE_component|auto_generated|divider|divider|StageOut[163]~31  from: datac  to: combout
    Info (332098): Cell: divide2|LPM_DIVIDE_component|auto_generated|divider|divider|StageOut[163]~31  from: datad  to: combout
    Info (332098): Cell: divide2|LPM_DIVIDE_component|auto_generated|divider|divider|StageOut[164]~30  from: datad  to: combout
    Info (332098): Cell: divide2|LPM_DIVIDE_component|auto_generated|divider|divider|StageOut[165]~29  from: datad  to: combout
    Info (332098): Cell: divide2|LPM_DIVIDE_component|auto_generated|divider|divider|StageOut[166]~28  from: datac  to: combout
    Info (332098): Cell: divide2|LPM_DIVIDE_component|auto_generated|divider|divider|StageOut[167]~27  from: datad  to: combout
    Info (332098): Cell: divide2|LPM_DIVIDE_component|auto_generated|divider|divider|StageOut[168]~26  from: datad  to: combout
    Info (332098): Cell: divide2|LPM_DIVIDE_component|auto_generated|divider|divider|StageOut[169]~25  from: datad  to: combout
    Info (332098): Cell: divide2|LPM_DIVIDE_component|auto_generated|divider|divider|StageOut[170]~24  from: datad  to: combout
    Info (332098): Cell: divide2|LPM_DIVIDE_component|auto_generated|divider|divider|StageOut[179]~40  from: dataa  to: combout
    Info (332098): Cell: divide2|LPM_DIVIDE_component|auto_generated|divider|divider|StageOut[179]~40  from: datab  to: combout
    Info (332098): Cell: divide2|LPM_DIVIDE_component|auto_generated|divider|divider|StageOut[179]~40  from: datac  to: combout
    Info (332098): Cell: divide2|LPM_DIVIDE_component|auto_generated|divider|divider|StageOut[180]~39  from: datad  to: combout
    Info (332098): Cell: divide2|LPM_DIVIDE_component|auto_generated|divider|divider|StageOut[181]~38  from: datad  to: combout
    Info (332098): Cell: divide2|LPM_DIVIDE_component|auto_generated|divider|divider|StageOut[182]~37  from: datad  to: combout
    Info (332098): Cell: divide2|LPM_DIVIDE_component|auto_generated|divider|divider|StageOut[183]~36  from: datac  to: combout
    Info (332098): Cell: divide2|LPM_DIVIDE_component|auto_generated|divider|divider|StageOut[184]~35  from: datad  to: combout
    Info (332098): Cell: divide2|LPM_DIVIDE_component|auto_generated|divider|divider|StageOut[185]~34  from: datad  to: combout
    Info (332098): Cell: divide2|LPM_DIVIDE_component|auto_generated|divider|divider|StageOut[186]~33  from: datab  to: combout
    Info (332098): Cell: divide2|LPM_DIVIDE_component|auto_generated|divider|divider|StageOut[187]~32  from: datad  to: combout
    Info (332098): Cell: divide2|LPM_DIVIDE_component|auto_generated|divider|divider|StageOut[195]~50  from: datab  to: combout
    Info (332098): Cell: divide2|LPM_DIVIDE_component|auto_generated|divider|divider|StageOut[195]~50  from: datac  to: combout
    Info (332098): Cell: divide2|LPM_DIVIDE_component|auto_generated|divider|divider|StageOut[195]~50  from: datad  to: combout
    Info (332098): Cell: divide2|LPM_DIVIDE_component|auto_generated|divider|divider|StageOut[196]~49  from: datad  to: combout
    Info (332098): Cell: divide2|LPM_DIVIDE_component|auto_generated|divider|divider|StageOut[197]~48  from: datac  to: combout
    Info (332098): Cell: divide2|LPM_DIVIDE_component|auto_generated|divider|divider|StageOut[198]~47  from: datad  to: combout
    Info (332098): Cell: divide2|LPM_DIVIDE_component|auto_generated|divider|divider|StageOut[199]~46  from: datad  to: combout
    Info (332098): Cell: divide2|LPM_DIVIDE_component|auto_generated|divider|divider|StageOut[200]~45  from: datad  to: combout
    Info (332098): Cell: divide2|LPM_DIVIDE_component|auto_generated|divider|divider|StageOut[201]~44  from: datac  to: combout
    Info (332098): Cell: divide2|LPM_DIVIDE_component|auto_generated|divider|divider|StageOut[202]~43  from: datac  to: combout
    Info (332098): Cell: divide2|LPM_DIVIDE_component|auto_generated|divider|divider|StageOut[203]~42  from: datac  to: combout
    Info (332098): Cell: divide2|LPM_DIVIDE_component|auto_generated|divider|divider|StageOut[204]~41  from: datac  to: combout
    Info (332098): Cell: divide2|LPM_DIVIDE_component|auto_generated|divider|divider|StageOut[211]~61  from: dataa  to: combout
    Info (332098): Cell: divide2|LPM_DIVIDE_component|auto_generated|divider|divider|StageOut[211]~61  from: datab  to: combout
    Info (332098): Cell: divide2|LPM_DIVIDE_component|auto_generated|divider|divider|StageOut[211]~61  from: datac  to: combout
    Info (332098): Cell: divide2|LPM_DIVIDE_component|auto_generated|divider|divider|StageOut[212]~60  from: datad  to: combout
    Info (332098): Cell: divide2|LPM_DIVIDE_component|auto_generated|divider|divider|StageOut[213]~59  from: datad  to: combout
    Info (332098): Cell: divide2|LPM_DIVIDE_component|auto_generated|divider|divider|StageOut[214]~58  from: datad  to: combout
    Info (332098): Cell: divide2|LPM_DIVIDE_component|auto_generated|divider|divider|StageOut[215]~57  from: datad  to: combout
    Info (332098): Cell: divide2|LPM_DIVIDE_component|auto_generated|divider|divider|StageOut[216]~56  from: datad  to: combout
    Info (332098): Cell: divide2|LPM_DIVIDE_component|auto_generated|divider|divider|StageOut[217]~55  from: datad  to: combout
    Info (332098): Cell: divide2|LPM_DIVIDE_component|auto_generated|divider|divider|StageOut[218]~54  from: datac  to: combout
    Info (332098): Cell: divide2|LPM_DIVIDE_component|auto_generated|divider|divider|StageOut[219]~53  from: datad  to: combout
    Info (332098): Cell: divide2|LPM_DIVIDE_component|auto_generated|divider|divider|StageOut[220]~52  from: datab  to: combout
    Info (332098): Cell: divide2|LPM_DIVIDE_component|auto_generated|divider|divider|StageOut[221]~51  from: datad  to: combout
    Info (332098): Cell: divide2|LPM_DIVIDE_component|auto_generated|divider|divider|StageOut[227]~73  from: dataa  to: combout
    Info (332098): Cell: divide2|LPM_DIVIDE_component|auto_generated|divider|divider|StageOut[227]~73  from: datab  to: combout
    Info (332098): Cell: divide2|LPM_DIVIDE_component|auto_generated|divider|divider|StageOut[227]~73  from: datac  to: combout
    Info (332098): Cell: divide2|LPM_DIVIDE_component|auto_generated|divider|divider|StageOut[228]~72  from: datac  to: combout
    Info (332098): Cell: divide2|LPM_DIVIDE_component|auto_generated|divider|divider|StageOut[229]~71  from: datac  to: combout
    Info (332098): Cell: divide2|LPM_DIVIDE_component|auto_generated|divider|divider|StageOut[230]~70  from: datac  to: combout
    Info (332098): Cell: divide2|LPM_DIVIDE_component|auto_generated|divider|divider|StageOut[231]~69  from: datac  to: combout
    Info (332098): Cell: divide2|LPM_DIVIDE_component|auto_generated|divider|divider|StageOut[232]~68  from: datad  to: combout
    Info (332098): Cell: divide2|LPM_DIVIDE_component|auto_generated|divider|divider|StageOut[233]~67  from: datad  to: combout
    Info (332098): Cell: divide2|LPM_DIVIDE_component|auto_generated|divider|divider|StageOut[234]~66  from: datac  to: combout
    Info (332098): Cell: divide2|LPM_DIVIDE_component|auto_generated|divider|divider|StageOut[235]~65  from: datac  to: combout
    Info (332098): Cell: divide2|LPM_DIVIDE_component|auto_generated|divider|divider|StageOut[236]~64  from: datab  to: combout
    Info (332098): Cell: divide2|LPM_DIVIDE_component|auto_generated|divider|divider|StageOut[237]~63  from: datac  to: combout
    Info (332098): Cell: divide2|LPM_DIVIDE_component|auto_generated|divider|divider|StageOut[238]~62  from: datac  to: combout
    Info (332098): Cell: divide2|LPM_DIVIDE_component|auto_generated|divider|divider|StageOut[242]~87  from: dataa  to: combout
    Info (332098): Cell: divide2|LPM_DIVIDE_component|auto_generated|divider|divider|StageOut[242]~87  from: datac  to: combout
    Info (332098): Cell: divide2|LPM_DIVIDE_component|auto_generated|divider|divider|StageOut[242]~87  from: datad  to: combout
    Info (332098): Cell: divide2|LPM_DIVIDE_component|auto_generated|divider|divider|StageOut[243]~74  from: dataa  to: combout
    Info (332098): Cell: divide2|LPM_DIVIDE_component|auto_generated|divider|divider|StageOut[243]~74  from: datab  to: combout
    Info (332098): Cell: divide2|LPM_DIVIDE_component|auto_generated|divider|divider|StageOut[243]~74  from: datad  to: combout
    Info (332098): Cell: divide2|LPM_DIVIDE_component|auto_generated|divider|divider|StageOut[244]~86  from: datac  to: combout
    Info (332098): Cell: divide2|LPM_DIVIDE_component|auto_generated|divider|divider|StageOut[245]~85  from: datab  to: combout
    Info (332098): Cell: divide2|LPM_DIVIDE_component|auto_generated|divider|divider|StageOut[246]~84  from: dataa  to: combout
    Info (332098): Cell: divide2|LPM_DIVIDE_component|auto_generated|divider|divider|StageOut[247]~83  from: dataa  to: combout
    Info (332098): Cell: divide2|LPM_DIVIDE_component|auto_generated|divider|divider|StageOut[248]~82  from: datad  to: combout
    Info (332098): Cell: divide2|LPM_DIVIDE_component|auto_generated|divider|divider|StageOut[249]~81  from: datac  to: combout
    Info (332098): Cell: divide2|LPM_DIVIDE_component|auto_generated|divider|divider|StageOut[250]~80  from: dataa  to: combout
    Info (332098): Cell: divide2|LPM_DIVIDE_component|auto_generated|divider|divider|StageOut[251]~79  from: datac  to: combout
    Info (332098): Cell: divide2|LPM_DIVIDE_component|auto_generated|divider|divider|StageOut[252]~78  from: datad  to: combout
    Info (332098): Cell: divide2|LPM_DIVIDE_component|auto_generated|divider|divider|StageOut[253]~77  from: datad  to: combout
    Info (332098): Cell: divide2|LPM_DIVIDE_component|auto_generated|divider|divider|StageOut[254]~76  from: datad  to: combout
    Info (332098): Cell: divide2|LPM_DIVIDE_component|auto_generated|divider|divider|StageOut[255]~75  from: datac  to: combout
    Info (332098): Cell: divide2|LPM_DIVIDE_component|auto_generated|divider|divider|StageOut[99]~5  from: datad  to: combout
    Info (332098): Cell: divide2|LPM_DIVIDE_component|auto_generated|divider|divider|op_11~2  from: cin  to: combout
    Info (332098): Cell: divide2|LPM_DIVIDE_component|auto_generated|divider|divider|op_11~2  from: datab  to: combout
    Info (332098): Cell: divide2|LPM_DIVIDE_component|auto_generated|divider|divider|op_11~4  from: cin  to: combout
    Info (332098): Cell: divide2|LPM_DIVIDE_component|auto_generated|divider|divider|op_11~4  from: dataa  to: combout
    Info (332098): Cell: divide2|LPM_DIVIDE_component|auto_generated|divider|divider|op_11~6  from: cin  to: combout
    Info (332098): Cell: divide2|LPM_DIVIDE_component|auto_generated|divider|divider|op_11~6  from: dataa  to: combout
    Info (332098): Cell: divide2|LPM_DIVIDE_component|auto_generated|divider|divider|op_11~8  from: cin  to: combout
    Info (332098): Cell: divide2|LPM_DIVIDE_component|auto_generated|divider|divider|op_11~8  from: dataa  to: combout
    Info (332098): Cell: divide2|LPM_DIVIDE_component|auto_generated|divider|divider|op_12~10  from: cin  to: combout
    Info (332098): Cell: divide2|LPM_DIVIDE_component|auto_generated|divider|divider|op_12~10  from: datab  to: combout
    Info (332098): Cell: divide2|LPM_DIVIDE_component|auto_generated|divider|divider|op_12~2  from: cin  to: combout
    Info (332098): Cell: divide2|LPM_DIVIDE_component|auto_generated|divider|divider|op_12~2  from: dataa  to: cout
    Info (332098): Cell: divide2|LPM_DIVIDE_component|auto_generated|divider|divider|op_12~2  from: datab  to: cout
    Info (332098): Cell: divide2|LPM_DIVIDE_component|auto_generated|divider|divider|op_12~4  from: cin  to: combout
    Info (332098): Cell: divide2|LPM_DIVIDE_component|auto_generated|divider|divider|op_12~4  from: datab  to: combout
    Info (332098): Cell: divide2|LPM_DIVIDE_component|auto_generated|divider|divider|op_12~6  from: cin  to: combout
    Info (332098): Cell: divide2|LPM_DIVIDE_component|auto_generated|divider|divider|op_12~6  from: dataa  to: combout
    Info (332098): Cell: divide2|LPM_DIVIDE_component|auto_generated|divider|divider|op_12~8  from: cin  to: combout
    Info (332098): Cell: divide2|LPM_DIVIDE_component|auto_generated|divider|divider|op_12~8  from: datab  to: combout
    Info (332098): Cell: divide2|LPM_DIVIDE_component|auto_generated|divider|divider|op_13~10  from: cin  to: combout
    Info (332098): Cell: divide2|LPM_DIVIDE_component|auto_generated|divider|divider|op_13~10  from: dataa  to: combout
    Info (332098): Cell: divide2|LPM_DIVIDE_component|auto_generated|divider|divider|op_13~12  from: cin  to: combout
    Info (332098): Cell: divide2|LPM_DIVIDE_component|auto_generated|divider|divider|op_13~12  from: datab  to: combout
    Info (332098): Cell: divide2|LPM_DIVIDE_component|auto_generated|divider|divider|op_13~2  from: cin  to: combout
    Info (332098): Cell: divide2|LPM_DIVIDE_component|auto_generated|divider|divider|op_13~2  from: dataa  to: cout
    Info (332098): Cell: divide2|LPM_DIVIDE_component|auto_generated|divider|divider|op_13~2  from: datab  to: cout
    Info (332098): Cell: divide2|LPM_DIVIDE_component|auto_generated|divider|divider|op_13~4  from: cin  to: combout
    Info (332098): Cell: divide2|LPM_DIVIDE_component|auto_generated|divider|divider|op_13~4  from: datab  to: combout
    Info (332098): Cell: divide2|LPM_DIVIDE_component|auto_generated|divider|divider|op_13~6  from: cin  to: combout
    Info (332098): Cell: divide2|LPM_DIVIDE_component|auto_generated|divider|divider|op_13~6  from: datab  to: combout
    Info (332098): Cell: divide2|LPM_DIVIDE_component|auto_generated|divider|divider|op_13~8  from: cin  to: combout
    Info (332098): Cell: divide2|LPM_DIVIDE_component|auto_generated|divider|divider|op_13~8  from: datab  to: combout
    Info (332098): Cell: divide2|LPM_DIVIDE_component|auto_generated|divider|divider|op_14~10  from: cin  to: combout
    Info (332098): Cell: divide2|LPM_DIVIDE_component|auto_generated|divider|divider|op_14~10  from: datab  to: combout
    Info (332098): Cell: divide2|LPM_DIVIDE_component|auto_generated|divider|divider|op_14~12  from: cin  to: combout
    Info (332098): Cell: divide2|LPM_DIVIDE_component|auto_generated|divider|divider|op_14~12  from: dataa  to: combout
    Info (332098): Cell: divide2|LPM_DIVIDE_component|auto_generated|divider|divider|op_14~14  from: cin  to: combout
    Info (332098): Cell: divide2|LPM_DIVIDE_component|auto_generated|divider|divider|op_14~14  from: datab  to: combout
    Info (332098): Cell: divide2|LPM_DIVIDE_component|auto_generated|divider|divider|op_14~2  from: cin  to: combout
    Info (332098): Cell: divide2|LPM_DIVIDE_component|auto_generated|divider|divider|op_14~2  from: dataa  to: cout
    Info (332098): Cell: divide2|LPM_DIVIDE_component|auto_generated|divider|divider|op_14~2  from: datab  to: cout
    Info (332098): Cell: divide2|LPM_DIVIDE_component|auto_generated|divider|divider|op_14~4  from: cin  to: combout
    Info (332098): Cell: divide2|LPM_DIVIDE_component|auto_generated|divider|divider|op_14~4  from: dataa  to: combout
    Info (332098): Cell: divide2|LPM_DIVIDE_component|auto_generated|divider|divider|op_14~6  from: cin  to: combout
    Info (332098): Cell: divide2|LPM_DIVIDE_component|auto_generated|divider|divider|op_14~6  from: datab  to: combout
    Info (332098): Cell: divide2|LPM_DIVIDE_component|auto_generated|divider|divider|op_14~8  from: cin  to: combout
    Info (332098): Cell: divide2|LPM_DIVIDE_component|auto_generated|divider|divider|op_14~8  from: dataa  to: combout
    Info (332098): Cell: divide2|LPM_DIVIDE_component|auto_generated|divider|divider|op_1~10  from: cin  to: combout
    Info (332098): Cell: divide2|LPM_DIVIDE_component|auto_generated|divider|divider|op_1~10  from: dataa  to: combout
    Info (332098): Cell: divide2|LPM_DIVIDE_component|auto_generated|divider|divider|op_1~12  from: cin  to: combout
    Info (332098): Cell: divide2|LPM_DIVIDE_component|auto_generated|divider|divider|op_1~12  from: datab  to: combout
    Info (332098): Cell: divide2|LPM_DIVIDE_component|auto_generated|divider|divider|op_1~14  from: cin  to: combout
    Info (332098): Cell: divide2|LPM_DIVIDE_component|auto_generated|divider|divider|op_1~14  from: datab  to: combout
    Info (332098): Cell: divide2|LPM_DIVIDE_component|auto_generated|divider|divider|op_1~16  from: cin  to: combout
    Info (332098): Cell: divide2|LPM_DIVIDE_component|auto_generated|divider|divider|op_1~16  from: dataa  to: combout
    Info (332098): Cell: divide2|LPM_DIVIDE_component|auto_generated|divider|divider|op_1~2  from: cin  to: combout
    Info (332098): Cell: divide2|LPM_DIVIDE_component|auto_generated|divider|divider|op_1~2  from: dataa  to: cout
    Info (332098): Cell: divide2|LPM_DIVIDE_component|auto_generated|divider|divider|op_1~2  from: datab  to: cout
    Info (332098): Cell: divide2|LPM_DIVIDE_component|auto_generated|divider|divider|op_1~4  from: cin  to: combout
    Info (332098): Cell: divide2|LPM_DIVIDE_component|auto_generated|divider|divider|op_1~4  from: dataa  to: combout
    Info (332098): Cell: divide2|LPM_DIVIDE_component|auto_generated|divider|divider|op_1~6  from: cin  to: combout
    Info (332098): Cell: divide2|LPM_DIVIDE_component|auto_generated|divider|divider|op_1~6  from: dataa  to: combout
    Info (332098): Cell: divide2|LPM_DIVIDE_component|auto_generated|divider|divider|op_1~8  from: cin  to: combout
    Info (332098): Cell: divide2|LPM_DIVIDE_component|auto_generated|divider|divider|op_1~8  from: datab  to: combout
    Info (332098): Cell: divide2|LPM_DIVIDE_component|auto_generated|divider|divider|op_2~10  from: cin  to: combout
    Info (332098): Cell: divide2|LPM_DIVIDE_component|auto_generated|divider|divider|op_2~10  from: datab  to: combout
    Info (332098): Cell: divide2|LPM_DIVIDE_component|auto_generated|divider|divider|op_2~12  from: cin  to: combout
    Info (332098): Cell: divide2|LPM_DIVIDE_component|auto_generated|divider|divider|op_2~12  from: dataa  to: combout
    Info (332098): Cell: divide2|LPM_DIVIDE_component|auto_generated|divider|divider|op_2~14  from: cin  to: combout
    Info (332098): Cell: divide2|LPM_DIVIDE_component|auto_generated|divider|divider|op_2~14  from: datab  to: combout
    Info (332098): Cell: divide2|LPM_DIVIDE_component|auto_generated|divider|divider|op_2~16  from: cin  to: combout
    Info (332098): Cell: divide2|LPM_DIVIDE_component|auto_generated|divider|divider|op_2~16  from: dataa  to: combout
    Info (332098): Cell: divide2|LPM_DIVIDE_component|auto_generated|divider|divider|op_2~18  from: cin  to: combout
    Info (332098): Cell: divide2|LPM_DIVIDE_component|auto_generated|divider|divider|op_2~18  from: datab  to: combout
    Info (332098): Cell: divide2|LPM_DIVIDE_component|auto_generated|divider|divider|op_2~2  from: cin  to: combout
    Info (332098): Cell: divide2|LPM_DIVIDE_component|auto_generated|divider|divider|op_2~2  from: dataa  to: cout
    Info (332098): Cell: divide2|LPM_DIVIDE_component|auto_generated|divider|divider|op_2~2  from: datab  to: cout
    Info (332098): Cell: divide2|LPM_DIVIDE_component|auto_generated|divider|divider|op_2~4  from: cin  to: combout
    Info (332098): Cell: divide2|LPM_DIVIDE_component|auto_generated|divider|divider|op_2~4  from: datab  to: combout
    Info (332098): Cell: divide2|LPM_DIVIDE_component|auto_generated|divider|divider|op_2~6  from: cin  to: combout
    Info (332098): Cell: divide2|LPM_DIVIDE_component|auto_generated|divider|divider|op_2~6  from: datab  to: combout
    Info (332098): Cell: divide2|LPM_DIVIDE_component|auto_generated|divider|divider|op_2~8  from: cin  to: combout
    Info (332098): Cell: divide2|LPM_DIVIDE_component|auto_generated|divider|divider|op_2~8  from: datab  to: combout
    Info (332098): Cell: divide2|LPM_DIVIDE_component|auto_generated|divider|divider|op_3~10  from: cin  to: combout
    Info (332098): Cell: divide2|LPM_DIVIDE_component|auto_generated|divider|divider|op_3~10  from: datab  to: combout
    Info (332098): Cell: divide2|LPM_DIVIDE_component|auto_generated|divider|divider|op_3~12  from: cin  to: combout
    Info (332098): Cell: divide2|LPM_DIVIDE_component|auto_generated|divider|divider|op_3~12  from: dataa  to: combout
    Info (332098): Cell: divide2|LPM_DIVIDE_component|auto_generated|divider|divider|op_3~14  from: cin  to: combout
    Info (332098): Cell: divide2|LPM_DIVIDE_component|auto_generated|divider|divider|op_3~14  from: dataa  to: combout
    Info (332098): Cell: divide2|LPM_DIVIDE_component|auto_generated|divider|divider|op_3~16  from: cin  to: combout
    Info (332098): Cell: divide2|LPM_DIVIDE_component|auto_generated|divider|divider|op_3~16  from: dataa  to: combout
    Info (332098): Cell: divide2|LPM_DIVIDE_component|auto_generated|divider|divider|op_3~18  from: cin  to: combout
    Info (332098): Cell: divide2|LPM_DIVIDE_component|auto_generated|divider|divider|op_3~18  from: dataa  to: combout
    Info (332098): Cell: divide2|LPM_DIVIDE_component|auto_generated|divider|divider|op_3~20  from: cin  to: combout
    Info (332098): Cell: divide2|LPM_DIVIDE_component|auto_generated|divider|divider|op_3~20  from: datab  to: combout
    Info (332098): Cell: divide2|LPM_DIVIDE_component|auto_generated|divider|divider|op_3~2  from: cin  to: combout
    Info (332098): Cell: divide2|LPM_DIVIDE_component|auto_generated|divider|divider|op_3~2  from: dataa  to: cout
    Info (332098): Cell: divide2|LPM_DIVIDE_component|auto_generated|divider|divider|op_3~2  from: datab  to: cout
    Info (332098): Cell: divide2|LPM_DIVIDE_component|auto_generated|divider|divider|op_3~4  from: cin  to: combout
    Info (332098): Cell: divide2|LPM_DIVIDE_component|auto_generated|divider|divider|op_3~4  from: dataa  to: combout
    Info (332098): Cell: divide2|LPM_DIVIDE_component|auto_generated|divider|divider|op_3~6  from: cin  to: combout
    Info (332098): Cell: divide2|LPM_DIVIDE_component|auto_generated|divider|divider|op_3~6  from: datab  to: combout
    Info (332098): Cell: divide2|LPM_DIVIDE_component|auto_generated|divider|divider|op_3~8  from: cin  to: combout
    Info (332098): Cell: divide2|LPM_DIVIDE_component|auto_generated|divider|divider|op_3~8  from: dataa  to: combout
    Info (332098): Cell: divide2|LPM_DIVIDE_component|auto_generated|divider|divider|op_4~10  from: cin  to: combout
    Info (332098): Cell: divide2|LPM_DIVIDE_component|auto_generated|divider|divider|op_4~10  from: dataa  to: combout
    Info (332098): Cell: divide2|LPM_DIVIDE_component|auto_generated|divider|divider|op_4~12  from: cin  to: combout
    Info (332098): Cell: divide2|LPM_DIVIDE_component|auto_generated|divider|divider|op_4~12  from: dataa  to: combout
    Info (332098): Cell: divide2|LPM_DIVIDE_component|auto_generated|divider|divider|op_4~14  from: cin  to: combout
    Info (332098): Cell: divide2|LPM_DIVIDE_component|auto_generated|divider|divider|op_4~14  from: dataa  to: combout
    Info (332098): Cell: divide2|LPM_DIVIDE_component|auto_generated|divider|divider|op_4~16  from: cin  to: combout
    Info (332098): Cell: divide2|LPM_DIVIDE_component|auto_generated|divider|divider|op_4~16  from: datab  to: combout
    Info (332098): Cell: divide2|LPM_DIVIDE_component|auto_generated|divider|divider|op_4~18  from: cin  to: combout
    Info (332098): Cell: divide2|LPM_DIVIDE_component|auto_generated|divider|divider|op_4~18  from: dataa  to: combout
    Info (332098): Cell: divide2|LPM_DIVIDE_component|auto_generated|divider|divider|op_4~20  from: cin  to: combout
    Info (332098): Cell: divide2|LPM_DIVIDE_component|auto_generated|divider|divider|op_4~20  from: datab  to: combout
    Info (332098): Cell: divide2|LPM_DIVIDE_component|auto_generated|divider|divider|op_4~22  from: cin  to: combout
    Info (332098): Cell: divide2|LPM_DIVIDE_component|auto_generated|divider|divider|op_4~22  from: datab  to: combout
    Info (332098): Cell: divide2|LPM_DIVIDE_component|auto_generated|divider|divider|op_4~2  from: cin  to: combout
    Info (332098): Cell: divide2|LPM_DIVIDE_component|auto_generated|divider|divider|op_4~2  from: dataa  to: cout
    Info (332098): Cell: divide2|LPM_DIVIDE_component|auto_generated|divider|divider|op_4~2  from: datab  to: cout
    Info (332098): Cell: divide2|LPM_DIVIDE_component|auto_generated|divider|divider|op_4~4  from: cin  to: combout
    Info (332098): Cell: divide2|LPM_DIVIDE_component|auto_generated|divider|divider|op_4~4  from: datab  to: combout
    Info (332098): Cell: divide2|LPM_DIVIDE_component|auto_generated|divider|divider|op_4~6  from: cin  to: combout
    Info (332098): Cell: divide2|LPM_DIVIDE_component|auto_generated|divider|divider|op_4~6  from: dataa  to: combout
    Info (332098): Cell: divide2|LPM_DIVIDE_component|auto_generated|divider|divider|op_4~8  from: cin  to: combout
    Info (332098): Cell: divide2|LPM_DIVIDE_component|auto_generated|divider|divider|op_4~8  from: datab  to: combout
    Info (332098): Cell: divide2|LPM_DIVIDE_component|auto_generated|divider|divider|op_5~10  from: cin  to: combout
    Info (332098): Cell: divide2|LPM_DIVIDE_component|auto_generated|divider|divider|op_5~10  from: dataa  to: combout
    Info (332098): Cell: divide2|LPM_DIVIDE_component|auto_generated|divider|divider|op_5~12  from: cin  to: combout
    Info (332098): Cell: divide2|LPM_DIVIDE_component|auto_generated|divider|divider|op_5~12  from: dataa  to: combout
    Info (332098): Cell: divide2|LPM_DIVIDE_component|auto_generated|divider|divider|op_5~14  from: cin  to: combout
    Info (332098): Cell: divide2|LPM_DIVIDE_component|auto_generated|divider|divider|op_5~14  from: dataa  to: combout
    Info (332098): Cell: divide2|LPM_DIVIDE_component|auto_generated|divider|divider|op_5~16  from: cin  to: combout
    Info (332098): Cell: divide2|LPM_DIVIDE_component|auto_generated|divider|divider|op_5~16  from: dataa  to: combout
    Info (332098): Cell: divide2|LPM_DIVIDE_component|auto_generated|divider|divider|op_5~18  from: cin  to: combout
    Info (332098): Cell: divide2|LPM_DIVIDE_component|auto_generated|divider|divider|op_5~18  from: dataa  to: combout
    Info (332098): Cell: divide2|LPM_DIVIDE_component|auto_generated|divider|divider|op_5~1  from: dataa  to: cout
    Info (332098): Cell: divide2|LPM_DIVIDE_component|auto_generated|divider|divider|op_5~1  from: datab  to: cout
    Info (332098): Cell: divide2|LPM_DIVIDE_component|auto_generated|divider|divider|op_5~20  from: cin  to: combout
    Info (332098): Cell: divide2|LPM_DIVIDE_component|auto_generated|divider|divider|op_5~20  from: datab  to: combout
    Info (332098): Cell: divide2|LPM_DIVIDE_component|auto_generated|divider|divider|op_5~22  from: cin  to: combout
    Info (332098): Cell: divide2|LPM_DIVIDE_component|auto_generated|divider|divider|op_5~22  from: datab  to: combout
    Info (332098): Cell: divide2|LPM_DIVIDE_component|auto_generated|divider|divider|op_5~24  from: cin  to: combout
    Info (332098): Cell: divide2|LPM_DIVIDE_component|auto_generated|divider|divider|op_5~24  from: datab  to: combout
    Info (332098): Cell: divide2|LPM_DIVIDE_component|auto_generated|divider|divider|op_5~2  from: cin  to: combout
    Info (332098): Cell: divide2|LPM_DIVIDE_component|auto_generated|divider|divider|op_5~2  from: dataa  to: cout
    Info (332098): Cell: divide2|LPM_DIVIDE_component|auto_generated|divider|divider|op_5~2  from: datab  to: cout
    Info (332098): Cell: divide2|LPM_DIVIDE_component|auto_generated|divider|divider|op_5~4  from: cin  to: combout
    Info (332098): Cell: divide2|LPM_DIVIDE_component|auto_generated|divider|divider|op_5~4  from: datab  to: combout
    Info (332098): Cell: divide2|LPM_DIVIDE_component|auto_generated|divider|divider|op_5~6  from: cin  to: combout
    Info (332098): Cell: divide2|LPM_DIVIDE_component|auto_generated|divider|divider|op_5~6  from: dataa  to: combout
    Info (332098): Cell: divide2|LPM_DIVIDE_component|auto_generated|divider|divider|op_5~8  from: cin  to: combout
    Info (332098): Cell: divide2|LPM_DIVIDE_component|auto_generated|divider|divider|op_5~8  from: dataa  to: combout
    Info (332098): Cell: divide2|LPM_DIVIDE_component|auto_generated|divider|divider|op_6~10  from: cin  to: combout
    Info (332098): Cell: divide2|LPM_DIVIDE_component|auto_generated|divider|divider|op_6~10  from: dataa  to: combout
    Info (332098): Cell: divide2|LPM_DIVIDE_component|auto_generated|divider|divider|op_6~12  from: cin  to: combout
    Info (332098): Cell: divide2|LPM_DIVIDE_component|auto_generated|divider|divider|op_6~12  from: dataa  to: combout
    Info (332098): Cell: divide2|LPM_DIVIDE_component|auto_generated|divider|divider|op_6~14  from: cin  to: combout
    Info (332098): Cell: divide2|LPM_DIVIDE_component|auto_generated|divider|divider|op_6~14  from: datab  to: combout
    Info (332098): Cell: divide2|LPM_DIVIDE_component|auto_generated|divider|divider|op_6~16  from: cin  to: combout
    Info (332098): Cell: divide2|LPM_DIVIDE_component|auto_generated|divider|divider|op_6~16  from: datab  to: combout
    Info (332098): Cell: divide2|LPM_DIVIDE_component|auto_generated|divider|divider|op_6~18  from: cin  to: combout
    Info (332098): Cell: divide2|LPM_DIVIDE_component|auto_generated|divider|divider|op_6~18  from: datab  to: combout
    Info (332098): Cell: divide2|LPM_DIVIDE_component|auto_generated|divider|divider|op_6~20  from: cin  to: combout
    Info (332098): Cell: divide2|LPM_DIVIDE_component|auto_generated|divider|divider|op_6~20  from: dataa  to: combout
    Info (332098): Cell: divide2|LPM_DIVIDE_component|auto_generated|divider|divider|op_6~22  from: cin  to: combout
    Info (332098): Cell: divide2|LPM_DIVIDE_component|auto_generated|divider|divider|op_6~22  from: datab  to: combout
    Info (332098): Cell: divide2|LPM_DIVIDE_component|auto_generated|divider|divider|op_6~24  from: cin  to: combout
    Info (332098): Cell: divide2|LPM_DIVIDE_component|auto_generated|divider|divider|op_6~24  from: datab  to: combout
    Info (332098): Cell: divide2|LPM_DIVIDE_component|auto_generated|divider|divider|op_6~26  from: cin  to: combout
    Info (332098): Cell: divide2|LPM_DIVIDE_component|auto_generated|divider|divider|op_6~26  from: datab  to: combout
    Info (332098): Cell: divide2|LPM_DIVIDE_component|auto_generated|divider|divider|op_6~2  from: cin  to: combout
    Info (332098): Cell: divide2|LPM_DIVIDE_component|auto_generated|divider|divider|op_6~2  from: dataa  to: cout
    Info (332098): Cell: divide2|LPM_DIVIDE_component|auto_generated|divider|divider|op_6~2  from: datab  to: cout
    Info (332098): Cell: divide2|LPM_DIVIDE_component|auto_generated|divider|divider|op_6~4  from: cin  to: combout
    Info (332098): Cell: divide2|LPM_DIVIDE_component|auto_generated|divider|divider|op_6~4  from: datab  to: combout
    Info (332098): Cell: divide2|LPM_DIVIDE_component|auto_generated|divider|divider|op_6~6  from: cin  to: combout
    Info (332098): Cell: divide2|LPM_DIVIDE_component|auto_generated|divider|divider|op_6~6  from: datab  to: combout
    Info (332098): Cell: divide2|LPM_DIVIDE_component|auto_generated|divider|divider|op_6~8  from: cin  to: combout
    Info (332098): Cell: divide2|LPM_DIVIDE_component|auto_generated|divider|divider|op_6~8  from: dataa  to: combout
    Info (332098): Cell: divide3|LPM_DIVIDE_component|auto_generated|divider|divider|StageOut[100]~11  from: datac  to: combout
    Info (332098): Cell: divide3|LPM_DIVIDE_component|auto_generated|divider|divider|StageOut[101]~10  from: datac  to: combout
    Info (332098): Cell: divide3|LPM_DIVIDE_component|auto_generated|divider|divider|StageOut[102]~92  from: dataa  to: combout
    Info (332098): Cell: divide3|LPM_DIVIDE_component|auto_generated|divider|divider|StageOut[114]~19  from: dataa  to: combout
    Info (332098): Cell: divide3|LPM_DIVIDE_component|auto_generated|divider|divider|StageOut[114]~19  from: datab  to: combout
    Info (332098): Cell: divide3|LPM_DIVIDE_component|auto_generated|divider|divider|StageOut[114]~19  from: datad  to: combout
    Info (332098): Cell: divide3|LPM_DIVIDE_component|auto_generated|divider|divider|StageOut[115]~18  from: datac  to: combout
    Info (332098): Cell: divide3|LPM_DIVIDE_component|auto_generated|divider|divider|StageOut[116]~17  from: datab  to: combout
    Info (332098): Cell: divide3|LPM_DIVIDE_component|auto_generated|divider|divider|StageOut[117]~16  from: datac  to: combout
    Info (332098): Cell: divide3|LPM_DIVIDE_component|auto_generated|divider|divider|StageOut[118]~15  from: datab  to: combout
    Info (332098): Cell: divide3|LPM_DIVIDE_component|auto_generated|divider|divider|StageOut[119]~14  from: datad  to: combout
    Info (332098): Cell: divide3|LPM_DIVIDE_component|auto_generated|divider|divider|StageOut[130]~26  from: dataa  to: combout
    Info (332098): Cell: divide3|LPM_DIVIDE_component|auto_generated|divider|divider|StageOut[130]~26  from: datac  to: combout
    Info (332098): Cell: divide3|LPM_DIVIDE_component|auto_generated|divider|divider|StageOut[130]~26  from: datad  to: combout
    Info (332098): Cell: divide3|LPM_DIVIDE_component|auto_generated|divider|divider|StageOut[131]~25  from: datac  to: combout
    Info (332098): Cell: divide3|LPM_DIVIDE_component|auto_generated|divider|divider|StageOut[132]~24  from: datad  to: combout
    Info (332098): Cell: divide3|LPM_DIVIDE_component|auto_generated|divider|divider|StageOut[133]~23  from: datad  to: combout
    Info (332098): Cell: divide3|LPM_DIVIDE_component|auto_generated|divider|divider|StageOut[134]~22  from: datab  to: combout
    Info (332098): Cell: divide3|LPM_DIVIDE_component|auto_generated|divider|divider|StageOut[135]~21  from: datad  to: combout
    Info (332098): Cell: divide3|LPM_DIVIDE_component|auto_generated|divider|divider|StageOut[136]~20  from: datad  to: combout
    Info (332098): Cell: divide3|LPM_DIVIDE_component|auto_generated|divider|divider|StageOut[146]~34  from: datab  to: combout
    Info (332098): Cell: divide3|LPM_DIVIDE_component|auto_generated|divider|divider|StageOut[146]~34  from: datac  to: combout
    Info (332098): Cell: divide3|LPM_DIVIDE_component|auto_generated|divider|divider|StageOut[146]~34  from: datad  to: combout
    Info (332098): Cell: divide3|LPM_DIVIDE_component|auto_generated|divider|divider|StageOut[147]~33  from: datac  to: combout
    Info (332098): Cell: divide3|LPM_DIVIDE_component|auto_generated|divider|divider|StageOut[148]~32  from: datad  to: combout
    Info (332098): Cell: divide3|LPM_DIVIDE_component|auto_generated|divider|divider|StageOut[149]~31  from: datac  to: combout
    Info (332098): Cell: divide3|LPM_DIVIDE_component|auto_generated|divider|divider|StageOut[150]~30  from: datab  to: combout
    Info (332098): Cell: divide3|LPM_DIVIDE_component|auto_generated|divider|divider|StageOut[151]~29  from: datad  to: combout
    Info (332098): Cell: divide3|LPM_DIVIDE_component|auto_generated|divider|divider|StageOut[152]~28  from: datad  to: combout
    Info (332098): Cell: divide3|LPM_DIVIDE_component|auto_generated|divider|divider|StageOut[153]~27  from: datad  to: combout
    Info (332098): Cell: divide3|LPM_DIVIDE_component|auto_generated|divider|divider|StageOut[162]~43  from: dataa  to: combout
    Info (332098): Cell: divide3|LPM_DIVIDE_component|auto_generated|divider|divider|StageOut[162]~43  from: datab  to: combout
    Info (332098): Cell: divide3|LPM_DIVIDE_component|auto_generated|divider|divider|StageOut[162]~43  from: datad  to: combout
    Info (332098): Cell: divide3|LPM_DIVIDE_component|auto_generated|divider|divider|StageOut[163]~42  from: datad  to: combout
    Info (332098): Cell: divide3|LPM_DIVIDE_component|auto_generated|divider|divider|StageOut[164]~41  from: datad  to: combout
    Info (332098): Cell: divide3|LPM_DIVIDE_component|auto_generated|divider|divider|StageOut[165]~40  from: datad  to: combout
    Info (332098): Cell: divide3|LPM_DIVIDE_component|auto_generated|divider|divider|StageOut[166]~39  from: datad  to: combout
    Info (332098): Cell: divide3|LPM_DIVIDE_component|auto_generated|divider|divider|StageOut[167]~38  from: datad  to: combout
    Info (332098): Cell: divide3|LPM_DIVIDE_component|auto_generated|divider|divider|StageOut[168]~37  from: datac  to: combout
    Info (332098): Cell: divide3|LPM_DIVIDE_component|auto_generated|divider|divider|StageOut[169]~36  from: datad  to: combout
    Info (332098): Cell: divide3|LPM_DIVIDE_component|auto_generated|divider|divider|StageOut[170]~35  from: datad  to: combout
    Info (332098): Cell: divide3|LPM_DIVIDE_component|auto_generated|divider|divider|StageOut[178]~53  from: dataa  to: combout
    Info (332098): Cell: divide3|LPM_DIVIDE_component|auto_generated|divider|divider|StageOut[178]~53  from: datab  to: combout
    Info (332098): Cell: divide3|LPM_DIVIDE_component|auto_generated|divider|divider|StageOut[178]~53  from: datad  to: combout
    Info (332098): Cell: divide3|LPM_DIVIDE_component|auto_generated|divider|divider|StageOut[179]~52  from: datac  to: combout
    Info (332098): Cell: divide3|LPM_DIVIDE_component|auto_generated|divider|divider|StageOut[180]~51  from: datac  to: combout
    Info (332098): Cell: divide3|LPM_DIVIDE_component|auto_generated|divider|divider|StageOut[181]~50  from: datad  to: combout
    Info (332098): Cell: divide3|LPM_DIVIDE_component|auto_generated|divider|divider|StageOut[182]~49  from: datad  to: combout
    Info (332098): Cell: divide3|LPM_DIVIDE_component|auto_generated|divider|divider|StageOut[183]~48  from: datac  to: combout
    Info (332098): Cell: divide3|LPM_DIVIDE_component|auto_generated|divider|divider|StageOut[184]~47  from: datac  to: combout
    Info (332098): Cell: divide3|LPM_DIVIDE_component|auto_generated|divider|divider|StageOut[185]~46  from: datac  to: combout
    Info (332098): Cell: divide3|LPM_DIVIDE_component|auto_generated|divider|divider|StageOut[186]~45  from: datad  to: combout
    Info (332098): Cell: divide3|LPM_DIVIDE_component|auto_generated|divider|divider|StageOut[187]~44  from: datab  to: combout
    Info (332098): Cell: divide3|LPM_DIVIDE_component|auto_generated|divider|divider|StageOut[194]~64  from: datab  to: combout
    Info (332098): Cell: divide3|LPM_DIVIDE_component|auto_generated|divider|divider|StageOut[194]~64  from: datac  to: combout
    Info (332098): Cell: divide3|LPM_DIVIDE_component|auto_generated|divider|divider|StageOut[194]~64  from: datad  to: combout
    Info (332098): Cell: divide3|LPM_DIVIDE_component|auto_generated|divider|divider|StageOut[195]~63  from: datac  to: combout
    Info (332098): Cell: divide3|LPM_DIVIDE_component|auto_generated|divider|divider|StageOut[196]~62  from: datad  to: combout
    Info (332098): Cell: divide3|LPM_DIVIDE_component|auto_generated|divider|divider|StageOut[197]~61  from: datac  to: combout
    Info (332098): Cell: divide3|LPM_DIVIDE_component|auto_generated|divider|divider|StageOut[198]~60  from: datac  to: combout
    Info (332098): Cell: divide3|LPM_DIVIDE_component|auto_generated|divider|divider|StageOut[199]~59  from: datad  to: combout
    Info (332098): Cell: divide3|LPM_DIVIDE_component|auto_generated|divider|divider|StageOut[200]~58  from: datad  to: combout
    Info (332098): Cell: divide3|LPM_DIVIDE_component|auto_generated|divider|divider|StageOut[201]~57  from: datad  to: combout
    Info (332098): Cell: divide3|LPM_DIVIDE_component|auto_generated|divider|divider|StageOut[202]~56  from: datad  to: combout
    Info (332098): Cell: divide3|LPM_DIVIDE_component|auto_generated|divider|divider|StageOut[203]~55  from: datad  to: combout
    Info (332098): Cell: divide3|LPM_DIVIDE_component|auto_generated|divider|divider|StageOut[204]~54  from: datad  to: combout
    Info (332098): Cell: divide3|LPM_DIVIDE_component|auto_generated|divider|divider|StageOut[210]~76  from: dataa  to: combout
    Info (332098): Cell: divide3|LPM_DIVIDE_component|auto_generated|divider|divider|StageOut[210]~76  from: datab  to: combout
    Info (332098): Cell: divide3|LPM_DIVIDE_component|auto_generated|divider|divider|StageOut[210]~76  from: datad  to: combout
    Info (332098): Cell: divide3|LPM_DIVIDE_component|auto_generated|divider|divider|StageOut[211]~75  from: datad  to: combout
    Info (332098): Cell: divide3|LPM_DIVIDE_component|auto_generated|divider|divider|StageOut[212]~74  from: datad  to: combout
    Info (332098): Cell: divide3|LPM_DIVIDE_component|auto_generated|divider|divider|StageOut[213]~73  from: datad  to: combout
    Info (332098): Cell: divide3|LPM_DIVIDE_component|auto_generated|divider|divider|StageOut[214]~72  from: datad  to: combout
    Info (332098): Cell: divide3|LPM_DIVIDE_component|auto_generated|divider|divider|StageOut[215]~71  from: datac  to: combout
    Info (332098): Cell: divide3|LPM_DIVIDE_component|auto_generated|divider|divider|StageOut[216]~70  from: datac  to: combout
    Info (332098): Cell: divide3|LPM_DIVIDE_component|auto_generated|divider|divider|StageOut[217]~69  from: datac  to: combout
    Info (332098): Cell: divide3|LPM_DIVIDE_component|auto_generated|divider|divider|StageOut[218]~68  from: datad  to: combout
    Info (332098): Cell: divide3|LPM_DIVIDE_component|auto_generated|divider|divider|StageOut[219]~67  from: datad  to: combout
    Info (332098): Cell: divide3|LPM_DIVIDE_component|auto_generated|divider|divider|StageOut[220]~66  from: datac  to: combout
    Info (332098): Cell: divide3|LPM_DIVIDE_component|auto_generated|divider|divider|StageOut[221]~65  from: datad  to: combout
    Info (332098): Cell: divide3|LPM_DIVIDE_component|auto_generated|divider|divider|StageOut[226]~77  from: dataa  to: combout
    Info (332098): Cell: divide3|LPM_DIVIDE_component|auto_generated|divider|divider|StageOut[226]~77  from: datac  to: combout
    Info (332098): Cell: divide3|LPM_DIVIDE_component|auto_generated|divider|divider|StageOut[226]~77  from: datad  to: combout
    Info (332098): Cell: divide3|LPM_DIVIDE_component|auto_generated|divider|divider|StageOut[227]~89  from: datad  to: combout
    Info (332098): Cell: divide3|LPM_DIVIDE_component|auto_generated|divider|divider|StageOut[228]~88  from: datad  to: combout
    Info (332098): Cell: divide3|LPM_DIVIDE_component|auto_generated|divider|divider|StageOut[229]~87  from: datad  to: combout
    Info (332098): Cell: divide3|LPM_DIVIDE_component|auto_generated|divider|divider|StageOut[230]~86  from: datad  to: combout
    Info (332098): Cell: divide3|LPM_DIVIDE_component|auto_generated|divider|divider|StageOut[231]~85  from: datac  to: combout
    Info (332098): Cell: divide3|LPM_DIVIDE_component|auto_generated|divider|divider|StageOut[232]~84  from: datac  to: combout
    Info (332098): Cell: divide3|LPM_DIVIDE_component|auto_generated|divider|divider|StageOut[233]~83  from: datac  to: combout
    Info (332098): Cell: divide3|LPM_DIVIDE_component|auto_generated|divider|divider|StageOut[234]~82  from: datad  to: combout
    Info (332098): Cell: divide3|LPM_DIVIDE_component|auto_generated|divider|divider|StageOut[235]~81  from: datad  to: combout
    Info (332098): Cell: divide3|LPM_DIVIDE_component|auto_generated|divider|divider|StageOut[236]~80  from: datad  to: combout
    Info (332098): Cell: divide3|LPM_DIVIDE_component|auto_generated|divider|divider|StageOut[237]~79  from: datac  to: combout
    Info (332098): Cell: divide3|LPM_DIVIDE_component|auto_generated|divider|divider|StageOut[238]~78  from: datad  to: combout
    Info (332098): Cell: divide3|LPM_DIVIDE_component|auto_generated|divider|divider|StageOut[241]~93  from: datab  to: combout
    Info (332098): Cell: divide3|LPM_DIVIDE_component|auto_generated|divider|divider|StageOut[241]~93  from: datac  to: combout
    Info (332098): Cell: divide3|LPM_DIVIDE_component|auto_generated|divider|divider|StageOut[241]~93  from: datad  to: combout
    Info (332098): Cell: divide3|LPM_DIVIDE_component|auto_generated|divider|divider|StageOut[242]~91  from: dataa  to: combout
    Info (332098): Cell: divide3|LPM_DIVIDE_component|auto_generated|divider|divider|StageOut[242]~91  from: datab  to: combout
    Info (332098): Cell: divide3|LPM_DIVIDE_component|auto_generated|divider|divider|StageOut[242]~91  from: datac  to: combout
    Info (332098): Cell: divide3|LPM_DIVIDE_component|auto_generated|divider|divider|StageOut[243]~90  from: dataa  to: combout
    Info (332098): Cell: divide3|LPM_DIVIDE_component|auto_generated|divider|divider|StageOut[66]~5  from: dataa  to: combout
    Info (332098): Cell: divide3|LPM_DIVIDE_component|auto_generated|divider|divider|StageOut[66]~5  from: datab  to: combout
    Info (332098): Cell: divide3|LPM_DIVIDE_component|auto_generated|divider|divider|StageOut[66]~5  from: datac  to: combout
    Info (332098): Cell: divide3|LPM_DIVIDE_component|auto_generated|divider|divider|StageOut[66]~5  from: datad  to: combout
    Info (332098): Cell: divide3|LPM_DIVIDE_component|auto_generated|divider|divider|StageOut[67]~4  from: dataa  to: combout
    Info (332098): Cell: divide3|LPM_DIVIDE_component|auto_generated|divider|divider|StageOut[67]~4  from: datab  to: combout
    Info (332098): Cell: divide3|LPM_DIVIDE_component|auto_generated|divider|divider|StageOut[67]~4  from: datac  to: combout
    Info (332098): Cell: divide3|LPM_DIVIDE_component|auto_generated|divider|divider|StageOut[67]~4  from: datad  to: combout
    Info (332098): Cell: divide3|LPM_DIVIDE_component|auto_generated|divider|divider|StageOut[82]~9  from: dataa  to: combout
    Info (332098): Cell: divide3|LPM_DIVIDE_component|auto_generated|divider|divider|StageOut[82]~9  from: datac  to: combout
    Info (332098): Cell: divide3|LPM_DIVIDE_component|auto_generated|divider|divider|StageOut[82]~9  from: datad  to: combout
    Info (332098): Cell: divide3|LPM_DIVIDE_component|auto_generated|divider|divider|StageOut[83]~8  from: datad  to: combout
    Info (332098): Cell: divide3|LPM_DIVIDE_component|auto_generated|divider|divider|StageOut[84]~7  from: datad  to: combout
    Info (332098): Cell: divide3|LPM_DIVIDE_component|auto_generated|divider|divider|StageOut[98]~13  from: dataa  to: combout
    Info (332098): Cell: divide3|LPM_DIVIDE_component|auto_generated|divider|divider|StageOut[98]~13  from: datab  to: combout
    Info (332098): Cell: divide3|LPM_DIVIDE_component|auto_generated|divider|divider|StageOut[98]~13  from: datac  to: combout
    Info (332098): Cell: divide3|LPM_DIVIDE_component|auto_generated|divider|divider|StageOut[99]~12  from: datac  to: combout
    Info (332098): Cell: divide3|LPM_DIVIDE_component|auto_generated|divider|divider|op_10~2  from: cin  to: combout
    Info (332098): Cell: divide3|LPM_DIVIDE_component|auto_generated|divider|divider|op_10~2  from: dataa  to: cout
    Info (332098): Cell: divide3|LPM_DIVIDE_component|auto_generated|divider|divider|op_10~2  from: datab  to: cout
    Info (332098): Cell: divide3|LPM_DIVIDE_component|auto_generated|divider|divider|op_10~4  from: cin  to: combout
    Info (332098): Cell: divide3|LPM_DIVIDE_component|auto_generated|divider|divider|op_10~4  from: datab  to: combout
    Info (332098): Cell: divide3|LPM_DIVIDE_component|auto_generated|divider|divider|op_10~6  from: cin  to: combout
    Info (332098): Cell: divide3|LPM_DIVIDE_component|auto_generated|divider|divider|op_10~6  from: dataa  to: combout
    Info (332098): Cell: divide3|LPM_DIVIDE_component|auto_generated|divider|divider|op_10~8  from: cin  to: combout
    Info (332098): Cell: divide3|LPM_DIVIDE_component|auto_generated|divider|divider|op_11~10  from: cin  to: combout
    Info (332098): Cell: divide3|LPM_DIVIDE_component|auto_generated|divider|divider|op_11~10  from: datab  to: combout
    Info (332098): Cell: divide3|LPM_DIVIDE_component|auto_generated|divider|divider|op_11~2  from: cin  to: combout
    Info (332098): Cell: divide3|LPM_DIVIDE_component|auto_generated|divider|divider|op_11~2  from: dataa  to: cout
    Info (332098): Cell: divide3|LPM_DIVIDE_component|auto_generated|divider|divider|op_11~2  from: datab  to: cout
    Info (332098): Cell: divide3|LPM_DIVIDE_component|auto_generated|divider|divider|op_11~4  from: cin  to: combout
    Info (332098): Cell: divide3|LPM_DIVIDE_component|auto_generated|divider|divider|op_11~4  from: dataa  to: combout
    Info (332098): Cell: divide3|LPM_DIVIDE_component|auto_generated|divider|divider|op_11~6  from: cin  to: combout
    Info (332098): Cell: divide3|LPM_DIVIDE_component|auto_generated|divider|divider|op_11~6  from: datab  to: combout
    Info (332098): Cell: divide3|LPM_DIVIDE_component|auto_generated|divider|divider|op_11~8  from: cin  to: combout
    Info (332098): Cell: divide3|LPM_DIVIDE_component|auto_generated|divider|divider|op_11~8  from: datab  to: combout
    Info (332098): Cell: divide3|LPM_DIVIDE_component|auto_generated|divider|divider|op_12~10  from: cin  to: combout
    Info (332098): Cell: divide3|LPM_DIVIDE_component|auto_generated|divider|divider|op_12~10  from: datab  to: combout
    Info (332098): Cell: divide3|LPM_DIVIDE_component|auto_generated|divider|divider|op_12~12  from: cin  to: combout
    Info (332098): Cell: divide3|LPM_DIVIDE_component|auto_generated|divider|divider|op_12~12  from: dataa  to: combout
    Info (332098): Cell: divide3|LPM_DIVIDE_component|auto_generated|divider|divider|op_12~2  from: cin  to: combout
    Info (332098): Cell: divide3|LPM_DIVIDE_component|auto_generated|divider|divider|op_12~2  from: dataa  to: cout
    Info (332098): Cell: divide3|LPM_DIVIDE_component|auto_generated|divider|divider|op_12~2  from: datab  to: cout
    Info (332098): Cell: divide3|LPM_DIVIDE_component|auto_generated|divider|divider|op_12~4  from: cin  to: combout
    Info (332098): Cell: divide3|LPM_DIVIDE_component|auto_generated|divider|divider|op_12~4  from: datab  to: combout
    Info (332098): Cell: divide3|LPM_DIVIDE_component|auto_generated|divider|divider|op_12~6  from: cin  to: combout
    Info (332098): Cell: divide3|LPM_DIVIDE_component|auto_generated|divider|divider|op_12~6  from: dataa  to: combout
    Info (332098): Cell: divide3|LPM_DIVIDE_component|auto_generated|divider|divider|op_12~8  from: cin  to: combout
    Info (332098): Cell: divide3|LPM_DIVIDE_component|auto_generated|divider|divider|op_12~8  from: datab  to: combout
    Info (332098): Cell: divide3|LPM_DIVIDE_component|auto_generated|divider|divider|op_13~10  from: cin  to: combout
    Info (332098): Cell: divide3|LPM_DIVIDE_component|auto_generated|divider|divider|op_13~10  from: datab  to: combout
    Info (332098): Cell: divide3|LPM_DIVIDE_component|auto_generated|divider|divider|op_13~12  from: cin  to: combout
    Info (332098): Cell: divide3|LPM_DIVIDE_component|auto_generated|divider|divider|op_13~12  from: datab  to: combout
    Info (332098): Cell: divide3|LPM_DIVIDE_component|auto_generated|divider|divider|op_13~14  from: cin  to: combout
    Info (332098): Cell: divide3|LPM_DIVIDE_component|auto_generated|divider|divider|op_13~14  from: dataa  to: combout
    Info (332098): Cell: divide3|LPM_DIVIDE_component|auto_generated|divider|divider|op_13~2  from: cin  to: combout
    Info (332098): Cell: divide3|LPM_DIVIDE_component|auto_generated|divider|divider|op_13~2  from: dataa  to: cout
    Info (332098): Cell: divide3|LPM_DIVIDE_component|auto_generated|divider|divider|op_13~2  from: datab  to: cout
    Info (332098): Cell: divide3|LPM_DIVIDE_component|auto_generated|divider|divider|op_13~4  from: cin  to: combout
    Info (332098): Cell: divide3|LPM_DIVIDE_component|auto_generated|divider|divider|op_13~4  from: dataa  to: combout
    Info (332098): Cell: divide3|LPM_DIVIDE_component|auto_generated|divider|divider|op_13~6  from: cin  to: combout
    Info (332098): Cell: divide3|LPM_DIVIDE_component|auto_generated|divider|divider|op_13~6  from: datab  to: combout
    Info (332098): Cell: divide3|LPM_DIVIDE_component|auto_generated|divider|divider|op_13~8  from: cin  to: combout
    Info (332098): Cell: divide3|LPM_DIVIDE_component|auto_generated|divider|divider|op_13~8  from: dataa  to: combout
    Info (332098): Cell: divide3|LPM_DIVIDE_component|auto_generated|divider|divider|op_14~10  from: cin  to: combout
    Info (332098): Cell: divide3|LPM_DIVIDE_component|auto_generated|divider|divider|op_14~10  from: datab  to: combout
    Info (332098): Cell: divide3|LPM_DIVIDE_component|auto_generated|divider|divider|op_14~12  from: cin  to: combout
    Info (332098): Cell: divide3|LPM_DIVIDE_component|auto_generated|divider|divider|op_14~12  from: dataa  to: combout
    Info (332098): Cell: divide3|LPM_DIVIDE_component|auto_generated|divider|divider|op_14~14  from: cin  to: combout
    Info (332098): Cell: divide3|LPM_DIVIDE_component|auto_generated|divider|divider|op_14~14  from: dataa  to: combout
    Info (332098): Cell: divide3|LPM_DIVIDE_component|auto_generated|divider|divider|op_14~16  from: cin  to: combout
    Info (332098): Cell: divide3|LPM_DIVIDE_component|auto_generated|divider|divider|op_14~16  from: dataa  to: combout
    Info (332098): Cell: divide3|LPM_DIVIDE_component|auto_generated|divider|divider|op_14~2  from: cin  to: combout
    Info (332098): Cell: divide3|LPM_DIVIDE_component|auto_generated|divider|divider|op_14~2  from: dataa  to: cout
    Info (332098): Cell: divide3|LPM_DIVIDE_component|auto_generated|divider|divider|op_14~2  from: datab  to: cout
    Info (332098): Cell: divide3|LPM_DIVIDE_component|auto_generated|divider|divider|op_14~4  from: cin  to: combout
    Info (332098): Cell: divide3|LPM_DIVIDE_component|auto_generated|divider|divider|op_14~4  from: datab  to: combout
    Info (332098): Cell: divide3|LPM_DIVIDE_component|auto_generated|divider|divider|op_14~6  from: cin  to: combout
    Info (332098): Cell: divide3|LPM_DIVIDE_component|auto_generated|divider|divider|op_14~6  from: dataa  to: combout
    Info (332098): Cell: divide3|LPM_DIVIDE_component|auto_generated|divider|divider|op_14~8  from: cin  to: combout
    Info (332098): Cell: divide3|LPM_DIVIDE_component|auto_generated|divider|divider|op_14~8  from: datab  to: combout
    Info (332098): Cell: divide3|LPM_DIVIDE_component|auto_generated|divider|divider|op_1~10  from: cin  to: combout
    Info (332098): Cell: divide3|LPM_DIVIDE_component|auto_generated|divider|divider|op_1~10  from: datab  to: combout
    Info (332098): Cell: divide3|LPM_DIVIDE_component|auto_generated|divider|divider|op_1~12  from: cin  to: combout
    Info (332098): Cell: divide3|LPM_DIVIDE_component|auto_generated|divider|divider|op_1~12  from: datab  to: combout
    Info (332098): Cell: divide3|LPM_DIVIDE_component|auto_generated|divider|divider|op_1~14  from: cin  to: combout
    Info (332098): Cell: divide3|LPM_DIVIDE_component|auto_generated|divider|divider|op_1~14  from: dataa  to: combout
    Info (332098): Cell: divide3|LPM_DIVIDE_component|auto_generated|divider|divider|op_1~16  from: cin  to: combout
    Info (332098): Cell: divide3|LPM_DIVIDE_component|auto_generated|divider|divider|op_1~16  from: datab  to: combout
    Info (332098): Cell: divide3|LPM_DIVIDE_component|auto_generated|divider|divider|op_1~18  from: cin  to: combout
    Info (332098): Cell: divide3|LPM_DIVIDE_component|auto_generated|divider|divider|op_1~18  from: dataa  to: combout
    Info (332098): Cell: divide3|LPM_DIVIDE_component|auto_generated|divider|divider|op_1~2  from: cin  to: combout
    Info (332098): Cell: divide3|LPM_DIVIDE_component|auto_generated|divider|divider|op_1~2  from: dataa  to: cout
    Info (332098): Cell: divide3|LPM_DIVIDE_component|auto_generated|divider|divider|op_1~2  from: datab  to: cout
    Info (332098): Cell: divide3|LPM_DIVIDE_component|auto_generated|divider|divider|op_1~4  from: cin  to: combout
    Info (332098): Cell: divide3|LPM_DIVIDE_component|auto_generated|divider|divider|op_1~4  from: dataa  to: combout
    Info (332098): Cell: divide3|LPM_DIVIDE_component|auto_generated|divider|divider|op_1~6  from: cin  to: combout
    Info (332098): Cell: divide3|LPM_DIVIDE_component|auto_generated|divider|divider|op_1~6  from: dataa  to: combout
    Info (332098): Cell: divide3|LPM_DIVIDE_component|auto_generated|divider|divider|op_1~8  from: cin  to: combout
    Info (332098): Cell: divide3|LPM_DIVIDE_component|auto_generated|divider|divider|op_1~8  from: dataa  to: combout
    Info (332098): Cell: divide3|LPM_DIVIDE_component|auto_generated|divider|divider|op_2~10  from: cin  to: combout
    Info (332098): Cell: divide3|LPM_DIVIDE_component|auto_generated|divider|divider|op_2~10  from: datab  to: combout
    Info (332098): Cell: divide3|LPM_DIVIDE_component|auto_generated|divider|divider|op_2~12  from: cin  to: combout
    Info (332098): Cell: divide3|LPM_DIVIDE_component|auto_generated|divider|divider|op_2~12  from: datab  to: combout
    Info (332098): Cell: divide3|LPM_DIVIDE_component|auto_generated|divider|divider|op_2~14  from: cin  to: combout
    Info (332098): Cell: divide3|LPM_DIVIDE_component|auto_generated|divider|divider|op_2~14  from: dataa  to: combout
    Info (332098): Cell: divide3|LPM_DIVIDE_component|auto_generated|divider|divider|op_2~16  from: cin  to: combout
    Info (332098): Cell: divide3|LPM_DIVIDE_component|auto_generated|divider|divider|op_2~16  from: dataa  to: combout
    Info (332098): Cell: divide3|LPM_DIVIDE_component|auto_generated|divider|divider|op_2~18  from: cin  to: combout
    Info (332098): Cell: divide3|LPM_DIVIDE_component|auto_generated|divider|divider|op_2~18  from: dataa  to: combout
    Info (332098): Cell: divide3|LPM_DIVIDE_component|auto_generated|divider|divider|op_2~20  from: cin  to: combout
    Info (332098): Cell: divide3|LPM_DIVIDE_component|auto_generated|divider|divider|op_2~20  from: dataa  to: combout
    Info (332098): Cell: divide3|LPM_DIVIDE_component|auto_generated|divider|divider|op_2~2  from: cin  to: combout
    Info (332098): Cell: divide3|LPM_DIVIDE_component|auto_generated|divider|divider|op_2~2  from: dataa  to: cout
    Info (332098): Cell: divide3|LPM_DIVIDE_component|auto_generated|divider|divider|op_2~2  from: datab  to: cout
    Info (332098): Cell: divide3|LPM_DIVIDE_component|auto_generated|divider|divider|op_2~4  from: cin  to: combout
    Info (332098): Cell: divide3|LPM_DIVIDE_component|auto_generated|divider|divider|op_2~4  from: datab  to: combout
    Info (332098): Cell: divide3|LPM_DIVIDE_component|auto_generated|divider|divider|op_2~6  from: cin  to: combout
    Info (332098): Cell: divide3|LPM_DIVIDE_component|auto_generated|divider|divider|op_2~6  from: datab  to: combout
    Info (332098): Cell: divide3|LPM_DIVIDE_component|auto_generated|divider|divider|op_2~8  from: cin  to: combout
    Info (332098): Cell: divide3|LPM_DIVIDE_component|auto_generated|divider|divider|op_2~8  from: datab  to: combout
    Info (332098): Cell: divide3|LPM_DIVIDE_component|auto_generated|divider|divider|op_3~10  from: cin  to: combout
    Info (332098): Cell: divide3|LPM_DIVIDE_component|auto_generated|divider|divider|op_3~10  from: dataa  to: combout
    Info (332098): Cell: divide3|LPM_DIVIDE_component|auto_generated|divider|divider|op_3~12  from: cin  to: combout
    Info (332098): Cell: divide3|LPM_DIVIDE_component|auto_generated|divider|divider|op_3~12  from: dataa  to: combout
    Info (332098): Cell: divide3|LPM_DIVIDE_component|auto_generated|divider|divider|op_3~14  from: cin  to: combout
    Info (332098): Cell: divide3|LPM_DIVIDE_component|auto_generated|divider|divider|op_3~14  from: datab  to: combout
    Info (332098): Cell: divide3|LPM_DIVIDE_component|auto_generated|divider|divider|op_3~16  from: cin  to: combout
    Info (332098): Cell: divide3|LPM_DIVIDE_component|auto_generated|divider|divider|op_3~16  from: datab  to: combout
    Info (332098): Cell: divide3|LPM_DIVIDE_component|auto_generated|divider|divider|op_3~18  from: cin  to: combout
    Info (332098): Cell: divide3|LPM_DIVIDE_component|auto_generated|divider|divider|op_3~18  from: dataa  to: combout
    Info (332098): Cell: divide3|LPM_DIVIDE_component|auto_generated|divider|divider|op_3~20  from: cin  to: combout
    Info (332098): Cell: divide3|LPM_DIVIDE_component|auto_generated|divider|divider|op_3~20  from: dataa  to: combout
    Info (332098): Cell: divide3|LPM_DIVIDE_component|auto_generated|divider|divider|op_3~22  from: cin  to: combout
    Info (332098): Cell: divide3|LPM_DIVIDE_component|auto_generated|divider|divider|op_3~22  from: dataa  to: combout
    Info (332098): Cell: divide3|LPM_DIVIDE_component|auto_generated|divider|divider|op_3~2  from: cin  to: combout
    Info (332098): Cell: divide3|LPM_DIVIDE_component|auto_generated|divider|divider|op_3~2  from: dataa  to: cout
    Info (332098): Cell: divide3|LPM_DIVIDE_component|auto_generated|divider|divider|op_3~2  from: datab  to: cout
    Info (332098): Cell: divide3|LPM_DIVIDE_component|auto_generated|divider|divider|op_3~4  from: cin  to: combout
    Info (332098): Cell: divide3|LPM_DIVIDE_component|auto_generated|divider|divider|op_3~4  from: dataa  to: combout
    Info (332098): Cell: divide3|LPM_DIVIDE_component|auto_generated|divider|divider|op_3~6  from: cin  to: combout
    Info (332098): Cell: divide3|LPM_DIVIDE_component|auto_generated|divider|divider|op_3~6  from: dataa  to: combout
    Info (332098): Cell: divide3|LPM_DIVIDE_component|auto_generated|divider|divider|op_3~8  from: cin  to: combout
    Info (332098): Cell: divide3|LPM_DIVIDE_component|auto_generated|divider|divider|op_3~8  from: datab  to: combout
    Info (332098): Cell: divide3|LPM_DIVIDE_component|auto_generated|divider|divider|op_4~10  from: cin  to: combout
    Info (332098): Cell: divide3|LPM_DIVIDE_component|auto_generated|divider|divider|op_4~10  from: dataa  to: combout
    Info (332098): Cell: divide3|LPM_DIVIDE_component|auto_generated|divider|divider|op_4~12  from: cin  to: combout
    Info (332098): Cell: divide3|LPM_DIVIDE_component|auto_generated|divider|divider|op_4~12  from: dataa  to: combout
    Info (332098): Cell: divide3|LPM_DIVIDE_component|auto_generated|divider|divider|op_4~14  from: cin  to: combout
    Info (332098): Cell: divide3|LPM_DIVIDE_component|auto_generated|divider|divider|op_4~14  from: dataa  to: combout
    Info (332098): Cell: divide3|LPM_DIVIDE_component|auto_generated|divider|divider|op_4~16  from: cin  to: combout
    Info (332098): Cell: divide3|LPM_DIVIDE_component|auto_generated|divider|divider|op_4~16  from: datab  to: combout
    Info (332098): Cell: divide3|LPM_DIVIDE_component|auto_generated|divider|divider|op_4~18  from: cin  to: combout
    Info (332098): Cell: divide3|LPM_DIVIDE_component|auto_generated|divider|divider|op_4~18  from: datab  to: combout
    Info (332098): Cell: divide3|LPM_DIVIDE_component|auto_generated|divider|divider|op_4~20  from: cin  to: combout
    Info (332098): Cell: divide3|LPM_DIVIDE_component|auto_generated|divider|divider|op_4~20  from: datab  to: combout
    Info (332098): Cell: divide3|LPM_DIVIDE_component|auto_generated|divider|divider|op_4~22  from: cin  to: combout
    Info (332098): Cell: divide3|LPM_DIVIDE_component|auto_generated|divider|divider|op_4~22  from: dataa  to: combout
    Info (332098): Cell: divide3|LPM_DIVIDE_component|auto_generated|divider|divider|op_4~24  from: cin  to: combout
    Info (332098): Cell: divide3|LPM_DIVIDE_component|auto_generated|divider|divider|op_4~24  from: datab  to: combout
    Info (332098): Cell: divide3|LPM_DIVIDE_component|auto_generated|divider|divider|op_4~2  from: cin  to: combout
    Info (332098): Cell: divide3|LPM_DIVIDE_component|auto_generated|divider|divider|op_4~2  from: dataa  to: cout
    Info (332098): Cell: divide3|LPM_DIVIDE_component|auto_generated|divider|divider|op_4~2  from: datab  to: cout
    Info (332098): Cell: divide3|LPM_DIVIDE_component|auto_generated|divider|divider|op_4~4  from: cin  to: combout
    Info (332098): Cell: divide3|LPM_DIVIDE_component|auto_generated|divider|divider|op_4~4  from: datab  to: combout
    Info (332098): Cell: divide3|LPM_DIVIDE_component|auto_generated|divider|divider|op_4~6  from: cin  to: combout
    Info (332098): Cell: divide3|LPM_DIVIDE_component|auto_generated|divider|divider|op_4~6  from: dataa  to: combout
    Info (332098): Cell: divide3|LPM_DIVIDE_component|auto_generated|divider|divider|op_4~8  from: cin  to: combout
    Info (332098): Cell: divide3|LPM_DIVIDE_component|auto_generated|divider|divider|op_4~8  from: datab  to: combout
    Info (332098): Cell: divide3|LPM_DIVIDE_component|auto_generated|divider|divider|op_5~10  from: cin  to: combout
    Info (332098): Cell: divide3|LPM_DIVIDE_component|auto_generated|divider|divider|op_5~10  from: dataa  to: combout
    Info (332098): Cell: divide3|LPM_DIVIDE_component|auto_generated|divider|divider|op_5~12  from: cin  to: combout
    Info (332098): Cell: divide3|LPM_DIVIDE_component|auto_generated|divider|divider|op_5~12  from: datab  to: combout
    Info (332098): Cell: divide3|LPM_DIVIDE_component|auto_generated|divider|divider|op_5~14  from: cin  to: combout
    Info (332098): Cell: divide3|LPM_DIVIDE_component|auto_generated|divider|divider|op_5~14  from: datab  to: combout
    Info (332098): Cell: divide3|LPM_DIVIDE_component|auto_generated|divider|divider|op_5~16  from: cin  to: combout
    Info (332098): Cell: divide3|LPM_DIVIDE_component|auto_generated|divider|divider|op_5~16  from: dataa  to: combout
    Info (332098): Cell: divide3|LPM_DIVIDE_component|auto_generated|divider|divider|op_5~18  from: cin  to: combout
    Info (332098): Cell: divide3|LPM_DIVIDE_component|auto_generated|divider|divider|op_5~18  from: datab  to: combout
    Info (332098): Cell: divide3|LPM_DIVIDE_component|auto_generated|divider|divider|op_5~1  from: dataa  to: cout
    Info (332098): Cell: divide3|LPM_DIVIDE_component|auto_generated|divider|divider|op_5~1  from: datab  to: cout
    Info (332098): Cell: divide3|LPM_DIVIDE_component|auto_generated|divider|divider|op_5~20  from: cin  to: combout
    Info (332098): Cell: divide3|LPM_DIVIDE_component|auto_generated|divider|divider|op_5~20  from: datab  to: combout
    Info (332098): Cell: divide3|LPM_DIVIDE_component|auto_generated|divider|divider|op_5~22  from: cin  to: combout
    Info (332098): Cell: divide3|LPM_DIVIDE_component|auto_generated|divider|divider|op_5~22  from: dataa  to: combout
    Info (332098): Cell: divide3|LPM_DIVIDE_component|auto_generated|divider|divider|op_5~24  from: cin  to: combout
    Info (332098): Cell: divide3|LPM_DIVIDE_component|auto_generated|divider|divider|op_5~24  from: datab  to: combout
    Info (332098): Cell: divide3|LPM_DIVIDE_component|auto_generated|divider|divider|op_5~26  from: cin  to: combout
    Info (332098): Cell: divide3|LPM_DIVIDE_component|auto_generated|divider|divider|op_5~26  from: datab  to: combout
    Info (332098): Cell: divide3|LPM_DIVIDE_component|auto_generated|divider|divider|op_5~2  from: cin  to: combout
    Info (332098): Cell: divide3|LPM_DIVIDE_component|auto_generated|divider|divider|op_5~2  from: dataa  to: cout
    Info (332098): Cell: divide3|LPM_DIVIDE_component|auto_generated|divider|divider|op_5~2  from: datab  to: cout
    Info (332098): Cell: divide3|LPM_DIVIDE_component|auto_generated|divider|divider|op_5~4  from: cin  to: combout
    Info (332098): Cell: divide3|LPM_DIVIDE_component|auto_generated|divider|divider|op_5~4  from: dataa  to: combout
    Info (332098): Cell: divide3|LPM_DIVIDE_component|auto_generated|divider|divider|op_5~6  from: cin  to: combout
    Info (332098): Cell: divide3|LPM_DIVIDE_component|auto_generated|divider|divider|op_5~6  from: datab  to: combout
    Info (332098): Cell: divide3|LPM_DIVIDE_component|auto_generated|divider|divider|op_5~8  from: cin  to: combout
    Info (332098): Cell: divide3|LPM_DIVIDE_component|auto_generated|divider|divider|op_5~8  from: dataa  to: combout
    Info (332098): Cell: divide3|LPM_DIVIDE_component|auto_generated|divider|divider|op_6~2  from: cin  to: combout
    Info (332098): Cell: divide3|LPM_DIVIDE_component|auto_generated|divider|divider|op_6~2  from: dataa  to: cout
    Info (332098): Cell: divide3|LPM_DIVIDE_component|auto_generated|divider|divider|op_6~2  from: datab  to: cout
    Info (332098): Cell: divide3|LPM_DIVIDE_component|auto_generated|divider|divider|op_6~4  from: cin  to: combout
    Info (332098): Cell: divide3|LPM_DIVIDE_component|auto_generated|divider|divider|op_6~4  from: datab  to: combout
    Info (332098): Cell: divide3|LPM_DIVIDE_component|auto_generated|divider|divider|op_9~0  from: dataa  to: combout
    Info (332098): Cell: divide3|LPM_DIVIDE_component|auto_generated|divider|divider|op_9~0  from: datab  to: combout
    Info (332098): Cell: divide3|LPM_DIVIDE_component|auto_generated|divider|divider|op_9~0  from: datad  to: combout
    Info (332098): Cell: testproc|Mux0~0  from: dataa  to: combout
    Info (332098): Cell: testproc|Mux0~0  from: datac  to: combout
    Info (332098): Cell: testproc|Mux17~1  from: datac  to: combout
    Info (332098): Cell: testproc|Mux22~1  from: datab  to: combout
    Info (332098): Cell: testproc|Mux22~2  from: dataa  to: combout
    Info (332098): Cell: testproc|Mux22~4  from: dataa  to: combout
    Info (332098): Cell: testproc|Mux22~4  from: datac  to: combout
    Info (332098): Cell: testproc|Mux22~4  from: datad  to: combout
    Info (332098): Cell: testproc|Mux23~0  from: datad  to: combout
    Info (332098): Cell: testproc|Mux24~3  from: dataa  to: combout
    Info (332098): Cell: testproc|Selector0~1  from: datac  to: combout
    Info (332098): Cell: testproc|rIR_in~0  from: datab  to: combout
Info (332123): Deriving Clock Uncertainty. Please refer to report_sdc in the Timing Analyzer to see clock uncertainties.
Critical Warning (332148): Timing requirements not met
Info (332146): Worst-case setup slack is -40.354
    Info (332119):     Slack       End Point TNS Clock 
    Info (332119): ========= =================== =====================
    Info (332119):   -40.354            -391.542 extended_proc:testproc|register_n:reg_H|Q[0] 
    Info (332119):   -40.347            -425.128 extended_proc:testproc|register_n:reg_H|Q[15] 
    Info (332119):    -5.626             -87.882 extended_proc:testproc|alu_op[0] 
    Info (332119):    -5.148             -69.414 extended_proc:testproc|bus_control[1] 
    Info (332119):    -3.069             -58.117 extended_proc:testproc|tick_FSM:tick_counter|tick[1] 
    Info (332119):    -2.783             -44.148 extended_proc:testproc|tick_FSM:tick_counter|tick[0] 
    Info (332119):    -1.304            -199.227 KEY[0] 
Info (332146): Worst-case hold slack is -41.856
    Info (332119):     Slack       End Point TNS Clock 
    Info (332119): ========= =================== =====================
    Info (332119):   -41.856            -322.799 extended_proc:testproc|register_n:reg_H|Q[0] 
    Info (332119):   -41.324            -316.055 extended_proc:testproc|register_n:reg_H|Q[15] 
    Info (332119):    -1.262              -1.668 extended_proc:testproc|alu_op[0] 
    Info (332119):    -1.093              -2.730 extended_proc:testproc|tick_FSM:tick_counter|tick[1] 
    Info (332119):    -0.809              -2.572 KEY[0] 
    Info (332119):    -0.796              -2.144 extended_proc:testproc|tick_FSM:tick_counter|tick[0] 
    Info (332119):    -0.284              -0.284 extended_proc:testproc|bus_control[1] 
Info (332140): No Recovery paths to report
Info (332140): No Removal paths to report
Info (332146): Worst-case minimum pulse width slack is -39.287
    Info (332119):     Slack       End Point TNS Clock 
    Info (332119): ========= =================== =====================
    Info (332119):   -39.287         -168778.041 extended_proc:testproc|register_n:reg_H|Q[0] 
    Info (332119):   -39.178         -168429.106 extended_proc:testproc|register_n:reg_H|Q[15] 
    Info (332119):    -3.000            -286.144 KEY[0] 
    Info (332119):    -0.010              -0.028 extended_proc:testproc|tick_FSM:tick_counter|tick[0] 
    Info (332119):    -0.006              -0.006 extended_proc:testproc|tick_FSM:tick_counter|tick[1] 
    Info (332119):     0.437               0.000 extended_proc:testproc|alu_op[0] 
    Info (332119):     0.446               0.000 extended_proc:testproc|bus_control[1] 
Info (332102): Design is not fully constrained for setup requirements
Info (332102): Design is not fully constrained for hold requirements
Info: Quartus Prime Timing Analyzer was successful. 0 errors, 7 warnings
    Info: Peak virtual memory: 4846 megabytes
    Info: Processing ended: Tue Oct 17 23:52:25 2023
    Info: Elapsed time: 00:00:04
    Info: Total CPU time (on all processors): 00:00:03


